,IsRecentlyVerified,DateLastVerified,ID,UUID,DataProviderID,OperatorID,UsageTypeID,UsageCost,Connections,NumberOfPoints,StatusTypeID,DateLastStatusUpdate,DataQualityLevel,DateCreated,SubmissionStatusTypeID,AddressInfo.ID,AddressInfo.Title,AddressInfo.AddressLine1,AddressInfo.Town,AddressInfo.StateOrProvince,AddressInfo.Postcode,AddressInfo.CountryID,AddressInfo.Latitude,AddressInfo.Longitude,AddressInfo.ContactTelephone1,AddressInfo.RelatedURL,AddressInfo.DistanceUnit,AddressInfo.AddressLine2,DataProvidersReference,AddressInfo.ContactEmail,AddressInfo.AccessComments,GeneralComments,OperatorsReference,AddressInfo.ContactTelephone2,ID,ConnectionTypeID,StatusTypeID,LevelID,PowerKW,CurrentTypeID,Quantity,Reference,Amps,Voltage,Comments
0,True,2025-08-28T15:17:00Z,460621,FEF39DF3-909E-4B48-B43C-C19DCD2D93B0,1,3504.0,1.0,€0.64/kWh incl. VAT,"[{'ID': 774959, 'ConnectionTypeID': 33, 'StatusTypeID': 50, 'LevelID': 3, 'PowerKW': 120, 'CurrentTypeID': 30, 'Quantity': 2}]",2.0,50,2025-08-28T15:17:00Z,1,2025-08-28T15:17:00Z,200,461010,LEAP24 Charging Station,Nijverheidsweg-Noord 104,Amersfoort,Utrecht,3812PN,159,52.168167,5.358717,08002600005,http://www.leap24.eu,0,,,,,,,,774959.0,33.0,50.0,3.0,120.0,30.0,2.0,,,,
1,True,2025-08-25T08:00:00Z,460536,AAD05477-40AF-4B68-863F-C582F745E1A4,1,108.0,1.0,,"[{'ID': 774827, 'ConnectionTypeID': 33, 'Reference': 'DT5867', 'StatusTypeID': 50, 'LevelID': 2, 'PowerKW': 11.04, 'CurrentTypeID': 20, 'Quantity': 2}]",2.0,50,2025-08-25T08:00:00Z,1,2025-08-24T13:19:00Z,200,460925,Marialaan,Marialaan 32,Ooij,Gelderland,6576 BJ,159,51.8543117153298,5.944049993010708,,,0,6576 BJ,,,,,,,774827.0,33.0,50.0,2.0,11.04,20.0,2.0,DT5867,,,
2,True,2025-08-25T08:00:00Z,460535,C9ACCCF2-94AB-45A3-AEF6-5AE714A34D60,1,108.0,1.0,,"[{'ID': 774826, 'ConnectionTypeID': 33, 'Reference': 'RE5889', 'StatusTypeID': 50, 'LevelID': 2, 'PowerKW': 11.04, 'CurrentTypeID': 20, 'Quantity': 2}]",2.0,50,2025-08-25T08:00:00Z,1,2025-08-24T13:13:00Z,200,460924,Dovenetel,Dovenetel 2,Haelen,Limburg,6081 CG,159,51.234904,5.9501153,,,0,,,,,,,,774826.0,33.0,50.0,2.0,11.04,20.0,2.0,RE5889,,,
3,True,2025-07-23T13:54:00Z,459910,DF8B89B3-3EE9-4AAC-800F-97632CC9375A,1,3387.0,4.0,,"[{'ID': 773840, 'ConnectionTypeID': 25, 'StatusTypeID': 50, 'LevelID': 2, 'PowerKW': 11, 'CurrentTypeID': 20, 'Quantity': 6}]",6.0,50,2025-07-23T13:54:00Z,1,2025-07-20T10:38:00Z,200,460299,Roompot Parkeerplaats,Zeekraalstraat,,,,159,51.3827394098422,3.4412654636525417,,,0,,,,,,,,773840.0,25.0,50.0,2.0,11.0,20.0,6.0,,,,
4,True,2025-07-23T13:54:00Z,459907,2679CC3D-FE49-4D0F-9CD9-72AAE6696119,1,3387.0,4.0,,"[{'ID': 773836, 'ConnectionTypeID': 25, 'StatusTypeID': 50, 'LevelID': 2, 'PowerKW': 17, 'CurrentTypeID': 20, 'Quantity': 2}, {'ID': 773837, 'ConnectionTypeID': 25, 'StatusTypeID': 50, 'LevelID': 2, 'PowerKW': 11, 'CurrentTypeID': 20, 'Quantity': 4}]",6.0,50,2025-07-23T13:54:00Z,1,2025-07-19T21:17:00Z,200,460296,Parkeerplaats Zeedijk,Zeedijk 9,Nieuwvliet,,,159,51.39043038785479,3.4538934708392333,,,0,,,,,,,,773836.0,25.0,50.0,2.0,17.0,20.0,2.0,,,,
5,True,2025-07-03T07:16:00Z,459140,43128202-0F5B-4104-81D5-3FD43CAA7FF7,38,3632.0,4.0,,"[{'ID': 771804, 'ConnectionTypeID': 2, 'Reference': '1', 'StatusTypeID': 0, 'CurrentTypeID': 10, 'Quantity': 1}, {'ID': 771805, 'ConnectionTypeID': 2, 'Reference': '1', 'StatusTypeID': 50, 'CurrentTypeID': 10, 'Quantity': 1}, {'ID': 771806, 'ConnectionTypeID': 2, 'Reference': '1', 'StatusTypeID': 0, 'CurrentTypeID': 10, 'Quantity': 1}, {'ID': 771807, 'ConnectionTypeID': 2, 'Reference': '1', 'StatusTypeID': 0, 'CurrentTypeID': 10, 'Quantity': 1}]",,0,2025-07-03T07:16:00Z,1,2025-07-03T06:25:00Z,200,459529,TopParken - Resort de Brabantse Kempen,Wellenseind 9,Lage Mierde,,5094 EG,159,51.4210791,5.1419643,,,0,,47386,,,,,,771804.0,2.0,0.0,,,10.0,1.0,1,,,
6,True,2025-07-04T19:04:00Z,459036,3EF50658-2BD9-46BC-BF86-6063B27C6664,1,3387.0,1.0,"DC: €0,79/kWh AC: €0,79/kWh","[{'ID': 771600, 'ConnectionTypeID': 2, 'StatusTypeID': 50, 'LevelID': 3, 'PowerKW': 50, 'CurrentTypeID': 30, 'Quantity': 1}, {'ID': 771601, 'ConnectionTypeID': 33, 'StatusTypeID': 50, 'LevelID': 3, 'PowerKW': 50, 'CurrentTypeID': 30, 'Quantity': 1}]",2.0,50,2025-07-04T19:04:00Z,1,2025-07-01T19:03:00Z,200,459425,LastMileSolutions,Textielstraat 1,,,,159,52.173494966027874,6.742379000402025,,,0,,,,,,,,771600.0,2.0,50.0,3.0,50.0,30.0,1.0,,,,
7,True,2025-06-28T12:09:00Z,458923,14AC1B1D-DA4C-4BB1-AFA7-7EADA60A7D76,1,3510.0,1.0,,"[{'ID': 771432, 'ConnectionTypeID': 33, 'StatusTypeID': 50, 'LevelID': 3, 'PowerKW': 150, 'CurrentTypeID': 30, 'Quantity': 2}]",1.0,50,2025-06-28T12:09:00Z,1,2025-06-25T12:05:00Z,200,459312,Total Energies,Ijmuiderstraatweg,IJmuiden,Noord-Holland,,159,52.46316607990792,4.6149589847780135,,,0,,,,,,,,771432.0,33.0,50.0,3.0,150.0,30.0,2.0,,,,
8,True,2025-09-05T08:39:00Z,456522,BA5772C6-F1F0-4297-8D3C-4CF4735F0D11,38,3632.0,4.0,,"[{'ID': 766175, 'ConnectionTypeID': 33, 'Reference': '1', 'StatusTypeID': 50, 'LevelID': 3, 'Amps': 240, 'Voltage': 500, 'PowerKW': 120, 'CurrentTypeID': 30, 'Quantity': 1}]",,50,2025-09-05T08:39:00Z,1,2025-06-21T09:42:00Z,200,456911,AG EMS Eemshaven (PowerGo),Borkumkade 1,Eemshaven,,9909TA,159,53.45703266,6.83221479,,,0,,16177,,,,,,766175.0,33.0,50.0,3.0,120.0,30.0,1.0,1,240.0,500.0,
9,True,2025-07-03T07:16:00Z,456521,56EF0BAB-02CC-4F44-8A52-0AAE2BCF809A,38,3632.0,4.0,,"[{'ID': 766171, 'ConnectionTypeID': 1036, 'Reference': '1', 'StatusTypeID': 50, 'LevelID': 2, 'Amps': 32, 'Voltage': 230, 'PowerKW': 12.7, 'CurrentTypeID': 20, 'Quantity': 1}, {'ID': 766172, 'ConnectionTypeID': 1036, 'Reference': '1', 'StatusTypeID': 50, 'LevelID': 2, 'Amps': 32, 'Voltage': 230, 'PowerKW': 12.7, 'CurrentTypeID': 20, 'Quantity': 1}, {'ID': 766173, 'ConnectionTypeID': 1036, 'Reference': '1', 'StatusTypeID': 50, 'LevelID': 2, 'Amps': 32, 'Voltage': 230, 'PowerKW': 12.7, 'CurrentTypeID': 20, 'Quantity': 1}, {'ID': 766174, 'ConnectionTypeID': 1036, 'Reference': '1', 'StatusTypeID': 50, 'LevelID': 2, 'Amps': 32, 'Voltage': 230, 'PowerKW': 12.7, 'CurrentTypeID': 20, 'Quantity': 1}]",,50,2025-07-03T07:16:00Z,1,2025-06-21T09:42:00Z,200,456910,Restaurette Schierzicht Lauwersoog (PowerGo),Haven 8,Lauwersoog,,9976VN,159,53.40778107,6.19952575,,,0,,16132,,,,,,766171.0,1036.0,50.0,2.0,12.7,20.0,1.0,1,32.0,230.0,
10,True,2025-07-03T07:16:00Z,456519,C6022FC2-B05D-4DC8-9765-89D1B10B50FE,38,3632.0,4.0,,"[{'ID': 766166, 'ConnectionTypeID': 33, 'Reference': '1', 'StatusTypeID': 50, 'LevelID': 3, 'Amps': 640, 'Voltage': 500, 'PowerKW': 320, 'CurrentTypeID': 30, 'Quantity': 1}, {'ID': 766167, 'ConnectionTypeID': 33, 'Reference': '1', 'StatusTypeID': 50, 'LevelID': 3, 'Amps': 640, 'Voltage': 500, 'PowerKW': 320, 'CurrentTypeID': 30, 'Quantity': 1}]",,50,2025-07-03T07:16:00Z,1,2025-06-21T09:42:00Z,200,456908,Jumbo 6594 Groningen Reitdiephaven (PowerGo),Reitdiephaven 277,Groningen,,9746 RE,159,53.2358344,6.5217084,,,0,,29307,,,,,,766166.0,33.0,50.0,3.0,320.0,30.0,1.0,1,640.0,500.0,
11,True,2025-07-03T07:16:00Z,456518,63438A6B-9DBB-4485-ACB0-AA9CEC9BBF8C,38,3632.0,4.0,,"[{'ID': 766164, 'ConnectionTypeID': 1036, 'Reference': '1', 'StatusTypeID': 50, 'LevelID': 2, 'Amps': 32, 'Voltage': 230, 'PowerKW': 12.7, 'CurrentTypeID': 20, 'Quantity': 1}, {'ID': 766165, 'ConnectionTypeID': 1036, 'Reference': '1', 'StatusTypeID': 50, 'LevelID': 2, 'Amps': 32, 'Voltage': 230, 'PowerKW': 12.7, 'CurrentTypeID': 20, 'Quantity': 1}]",,50,2025-07-03T07:16:00Z,1,2025-06-21T09:42:00Z,200,456907,Pezy Group - Kieler Bocht 67 (PowerGo),Kieler Bocht 67,Groningen,,9723 JA,159,53.20727539,6.6271534,,,0,,42584,,,,,,766164.0,1036.0,50.0,2.0,12.7,20.0,1.0,1,32.0,230.0,
12,True,2025-07-03T07:16:00Z,456517,4A6F2CF0-77DC-41A2-BF48-04613F1AE376,38,3632.0,4.0,,"[{'ID': 766162, 'ConnectionTypeID': 1036, 'Reference': '1', 'StatusTypeID': 50, 'LevelID': 2, 'Amps': 32, 'Voltage': 230, 'PowerKW': 12.7, 'CurrentTypeID': 20, 'Quantity': 1}, {'ID': 766163, 'ConnectionTypeID': 1036, 'Reference': '1', 'StatusTypeID': 50, 'LevelID': 2, 'Amps': 32, 'Voltage': 230, 'PowerKW': 12.7, 'CurrentTypeID': 20, 'Quantity': 1}]",,50,2025-07-03T07:16:00Z,1,2025-06-21T09:42:00Z,200,456906,Bornholmstraat 76 (PowerGo),Bornholmstraat 76,Groningen,,9723AZ,159,53.2031996,6.6047963,,,0,,19899,,,,,,766162.0,1036.0,50.0,2.0,12.7,20.0,1.0,1,32.0,230.0,
13,True,2025-07-03T07:16:00Z,456516,D1297C6E-C89C-4631-B09D-6374F4656DAA,38,3632.0,4.0,,"[{'ID': 766160, 'ConnectionTypeID': 1036, 'Reference': '1', 'StatusTypeID': 50, 'LevelID': 2, 'Amps': 32, 'Voltage': 230, 'PowerKW': 12.7, 'CurrentTypeID': 20, 'Quantity': 1}, {'ID': 766161, 'ConnectionTypeID': 1036, 'Reference': '1', 'StatusTypeID': 50, 'LevelID': 2, 'Amps': 32, 'Voltage': 230, 'PowerKW': 12.7, 'CurrentTypeID': 20, 'Quantity': 1}]",,50,2025-07-03T07:16:00Z,1,2025-06-21T09:42:00Z,200,456905,Bornholmstraat 82 (PowerGo),Bornholmstraat 82,Groningen,,9723AZ,159,53.2030298,6.6057479,,,0,,19900,,,,,,766160.0,1036.0,50.0,2.0,12.7,20.0,1.0,1,32.0,230.0,
14,True,2025-07-03T07:16:00Z,456515,79686337-C191-456E-A1CA-24E1E8928B4A,38,3632.0,4.0,,"[{'ID': 766158, 'ConnectionTypeID': 1036, 'Reference': '1', 'StatusTypeID': 50, 'LevelID': 2, 'Amps': 32, 'Voltage': 230, 'PowerKW': 12.7, 'CurrentTypeID': 20, 'Quantity': 1}, {'ID': 766159, 'ConnectionTypeID': 1036, 'Reference': '1', 'StatusTypeID': 50, 'LevelID': 2, 'Amps': 32, 'Voltage': 230, 'PowerKW': 12.7, 'CurrentTypeID': 20, 'Quantity': 1}]",,50,2025-07-03T07:16:00Z,1,2025-06-21T09:42:00Z,200,456904,Hotel Parkzicht Veendam (PowerGo),Museumplein 3,Veendam,,9641AD,159,53.10711689,6.87472602,,,0,,16187,,,,,,766158.0,1036.0,50.0,2.0,12.7,20.0,1.0,1,32.0,230.0,
15,True,2025-07-03T07:16:00Z,456514,DFA9C7CC-AFDD-4730-8FBA-EB0ABDD1BE20,38,3632.0,4.0,,"[{'ID': 766155, 'ConnectionTypeID': 33, 'Reference': '1', 'StatusTypeID': 50, 'LevelID': 3, 'Amps': 60, 'Voltage': 500, 'PowerKW': 30, 'CurrentTypeID': 30, 'Quantity': 1}, {'ID': 766156, 'ConnectionTypeID': 33, 'Reference': '1', 'StatusTypeID': 50, 'LevelID': 3, 'Amps': 60, 'Voltage': 500, 'PowerKW': 30, 'CurrentTypeID': 30, 'Quantity': 1}, {'ID': 766157, 'ConnectionTypeID': 33, 'Reference': '1', 'StatusTypeID': 50, 'LevelID': 3, 'Amps': 60, 'Voltage': 500, 'PowerKW': 30, 'CurrentTypeID': 30, 'Quantity': 1}]",,50,2025-07-03T07:16:00Z,1,2025-06-21T09:42:00Z,200,456903,The Ranch Veendam (PowerGo),Parkweg 1,Veendam,,9642 ZZ,159,53.1066913,6.8493242,,,0,,13746,,,,,,766155.0,33.0,50.0,3.0,30.0,30.0,1.0,1,60.0,500.0,
16,True,2025-07-03T07:16:00Z,456513,50323941-ABE7-46ED-8F13-F04BB0214F2D,38,3632.0,4.0,,"[{'ID': 766153, 'ConnectionTypeID': 33, 'Reference': '1', 'StatusTypeID': 50, 'LevelID': 3, 'Amps': 60, 'Voltage': 500, 'PowerKW': 30, 'CurrentTypeID': 30, 'Quantity': 1}, {'ID': 766154, 'ConnectionTypeID': 33, 'Reference': '1', 'StatusTypeID': 50, 'LevelID': 3, 'Amps': 60, 'Voltage': 500, 'PowerKW': 30, 'CurrentTypeID': 30, 'Quantity': 1}]",,50,2025-07-03T07:16:00Z,1,2025-06-21T09:42:00Z,200,456902,Basic-Fit 1201 Assen Nijverheidsweg (PowerGo),Nijverheidsweg 1,Assen,,9403 VN,159,53.01102365,6.59002223,,,0,,23613,,,,,,766153.0,33.0,50.0,3.0,30.0,30.0,1.0,1,60.0,500.0,
17,True,2025-09-05T08:39:00Z,456512,FD28AFB0-3326-41A5-87C6-2EBD9D4A0003,38,3632.0,4.0,,"[{'ID': 766151, 'ConnectionTypeID': 33, 'Reference': '1', 'StatusTypeID': 50, 'LevelID': 3, 'Amps': 180, 'Voltage': 500, 'PowerKW': 90, 'CurrentTypeID': 30, 'Quantity': 1}, {'ID': 766152, 'ConnectionTypeID': 33, 'Reference': '1', 'StatusTypeID': 50, 'LevelID': 3, 'Amps': 180, 'Voltage': 500, 'PowerKW': 90, 'CurrentTypeID': 30, 'Quantity': 1}]",,50,2025-09-05T08:39:00Z,1,2025-06-21T09:42:00Z,200,456901,Jumbo 3524 Gieten Stationsstraat (PowerGo),Stationsstraat 37,Gieten,,9461GR,159,53.00180054,6.76408958,,,0,,19071,,,,,,766151.0,33.0,50.0,3.0,90.0,30.0,1.0,1,180.0,500.0,
18,True,2025-07-03T07:16:00Z,456510,9C045021-302A-4A18-9491-CF1EE7A5AF1B,38,3632.0,4.0,,"[{'ID': 766143, 'ConnectionTypeID': 33, 'Reference': '1', 'StatusTypeID': 0, 'LevelID': 3, 'Amps': 480, 'Voltage': 500, 'PowerKW': 240, 'CurrentTypeID': 30, 'Quantity': 1}, {'ID': 766144, 'ConnectionTypeID': 33, 'Reference': '1', 'StatusTypeID': 50, 'LevelID': 3, 'Amps': 480, 'Voltage': 500, 'PowerKW': 240, 'CurrentTypeID': 30, 'Quantity': 1}]",,0,2025-07-03T07:16:00Z,1,2025-06-21T09:42:00Z,200,456899,Restaurant De Zingende Wielen (PowerGo),Akkerweg 39,Den Oever,,1779GJ,159,52.92504277,5.01945559,,,0,,7666,,,,,,766143.0,33.0,0.0,3.0,240.0,30.0,1.0,1,480.0,500.0,
19,True,2025-07-03T07:16:00Z,456506,FF59072A-47F4-400A-845F-38483E5F234E,38,3632.0,4.0,,"[{'ID': 766129, 'ConnectionTypeID': 33, 'Reference': '1', 'StatusTypeID': 50, 'LevelID': 3, 'Amps': 60, 'Voltage': 500, 'PowerKW': 30, 'CurrentTypeID': 30, 'Quantity': 1}, {'ID': 766130, 'ConnectionTypeID': 33, 'Reference': '1', 'StatusTypeID': 50, 'LevelID': 3, 'Amps': 60, 'Voltage': 500, 'PowerKW': 30, 'CurrentTypeID': 30, 'Quantity': 1}, {'ID': 766131, 'ConnectionTypeID': 33, 'Reference': '1', 'StatusTypeID': 50, 'LevelID': 3, 'Amps': 60, 'Voltage': 500, 'PowerKW': 30, 'CurrentTypeID': 30, 'Quantity': 1}]",,50,2025-07-03T07:16:00Z,1,2025-06-21T09:42:00Z,200,456895,Orvelte P2 (PowerGo),De Wiet 21,Orvelte,,9441PG,159,52.8444344,6.6633727,,,0,,16190,,,,,,766129.0,33.0,50.0,3.0,30.0,30.0,1.0,1,60.0,500.0,
20,True,2025-07-03T07:16:00Z,456505,6329205E-B692-443C-B88C-393FB0211E62,38,3632.0,4.0,,"[{'ID': 766126, 'ConnectionTypeID': 33, 'Reference': '1', 'StatusTypeID': 50, 'LevelID': 3, 'Amps': 60, 'Voltage': 500, 'PowerKW': 30, 'CurrentTypeID': 30, 'Quantity': 1}, {'ID': 766127, 'ConnectionTypeID': 33, 'Reference': '1', 'StatusTypeID': 50, 'LevelID': 3, 'Amps': 60, 'Voltage': 500, 'PowerKW': 30, 'CurrentTypeID': 30, 'Quantity': 1}, {'ID': 766128, 'ConnectionTypeID': 33, 'Reference': '1', 'StatusTypeID': 50, 'LevelID': 3, 'Amps': 60, 'Voltage': 500, 'PowerKW': 30, 'CurrentTypeID': 30, 'Quantity': 1}]",,50,2025-07-03T07:16:00Z,1,2025-06-21T09:42:00Z,200,456894,Orvelte P1 (PowerGo),Zuideresweg 1,Orvelte,,9441 TH,159,52.84274006,6.65386136,,,0,,16189,,,,,,766126.0,33.0,50.0,3.0,30.0,30.0,1.0,1,60.0,500.0,
21,True,2025-07-03T07:16:00Z,456504,330EA1AD-21D2-4F07-B645-C17970A7E5C4,38,3632.0,4.0,,"[{'ID': 766125, 'ConnectionTypeID': 33, 'Reference': '1', 'StatusTypeID': 50, 'LevelID': 3, 'Amps': 120, 'Voltage': 500, 'PowerKW': 60, 'CurrentTypeID': 30, 'Quantity': 1}]",,50,2025-07-03T07:16:00Z,1,2025-06-21T09:42:00Z,200,456893,Zonnepark Emmen (PowerGo),Hoogesloot,Nieuw-Weerdinge,,7381NL,159,52.82303619,6.97094584,,,0,,12084,,,,,,766125.0,33.0,50.0,3.0,60.0,30.0,1.0,1,120.0,500.0,
22,True,2025-07-03T07:16:00Z,456503,6FFDEA49-0732-4D9B-BA7E-3C01E0747A4A,38,3632.0,4.0,,"[{'ID': 766121, 'ConnectionTypeID': 1036, 'Reference': '1', 'StatusTypeID': 50, 'LevelID': 2, 'Amps': 32, 'Voltage': 230, 'PowerKW': 12.7, 'CurrentTypeID': 20, 'Quantity': 1}, {'ID': 766122, 'ConnectionTypeID': 1036, 'Reference': '1', 'StatusTypeID': 50, 'LevelID': 2, 'Amps': 32, 'Voltage': 230, 'PowerKW': 12.7, 'CurrentTypeID': 20, 'Quantity': 1}, {'ID': 766123, 'ConnectionTypeID': 1036, 'Reference': '1', 'StatusTypeID': 50, 'LevelID': 2, 'Amps': 32, 'Voltage': 230, 'PowerKW': 12.7, 'CurrentTypeID': 20, 'Quantity': 1}, {'ID': 766124, 'ConnectionTypeID': 1036, 'Reference': '1', 'StatusTypeID': 50, 'LevelID': 2, 'Amps': 32, 'Voltage': 230, 'PowerKW': 12.7, 'CurrentTypeID': 20, 'Quantity': 1}]",,50,2025-07-03T07:16:00Z,1,2025-06-21T09:42:00Z,200,456892,Recreatiepark Burghorn (PowerGo),Oudedijk 1,Schagen,,1742NH,159,52.7895393,4.7703097,,,0,,16192,,,,,,766121.0,1036.0,50.0,2.0,12.7,20.0,1.0,1,32.0,230.0,
23,True,2025-07-03T07:16:00Z,456502,0D66518D-5FCA-4A71-91CE-CFE0A71115BE,38,3632.0,4.0,,"[{'ID': 766117, 'ConnectionTypeID': 1036, 'Reference': '1', 'StatusTypeID': 50, 'LevelID': 2, 'Amps': 32, 'Voltage': 230, 'PowerKW': 12.7, 'CurrentTypeID': 20, 'Quantity': 1}, {'ID': 766118, 'ConnectionTypeID': 1036, 'Reference': '1', 'StatusTypeID': 50, 'LevelID': 2, 'Amps': 32, 'Voltage': 230, 'PowerKW': 12.7, 'CurrentTypeID': 20, 'Quantity': 1}, {'ID': 766119, 'ConnectionTypeID': 1036, 'Reference': '1', 'StatusTypeID': 50, 'LevelID': 2, 'Amps': 32, 'Voltage': 230, 'PowerKW': 12.7, 'CurrentTypeID': 20, 'Quantity': 1}, {'ID': 766120, 'ConnectionTypeID': 1036, 'Reference': '1', 'StatusTypeID': 50, 'LevelID': 2, 'Amps': 32, 'Voltage': 230, 'PowerKW': 12.7, 'CurrentTypeID': 20, 'Quantity': 1}]",,50,2025-07-03T07:16:00Z,1,2025-06-21T09:42:00Z,200,456891,Camping de Watersnip Petten (PowerGo),Pettemerweg 4,Petten,,1755KK,159,52.76004809,4.66340955,,,0,,16182,,,,,,766117.0,1036.0,50.0,2.0,12.7,20.0,1.0,1,32.0,230.0,
24,True,2025-07-03T07:16:00Z,456501,EE91313D-72D4-44E2-B54A-8ADFB69B8FC7,38,3632.0,4.0,,"[{'ID': 766113, 'ConnectionTypeID': 1036, 'Reference': '1', 'StatusTypeID': 50, 'LevelID': 2, 'Amps': 32, 'Voltage': 230, 'PowerKW': 12.7, 'CurrentTypeID': 20, 'Quantity': 1}, {'ID': 766114, 'ConnectionTypeID': 1036, 'Reference': '1', 'StatusTypeID': 50, 'LevelID': 2, 'Amps': 32, 'Voltage': 230, 'PowerKW': 12.7, 'CurrentTypeID': 20, 'Quantity': 1}, {'ID': 766115, 'ConnectionTypeID': 1036, 'Reference': '1', 'StatusTypeID': 50, 'LevelID': 2, 'Amps': 32, 'Voltage': 230, 'PowerKW': 12.7, 'CurrentTypeID': 20, 'Quantity': 1}, {'ID': 766116, 'ConnectionTypeID': 1036, 'Reference': '1', 'StatusTypeID': 50, 'LevelID': 2, 'Amps': 32, 'Voltage': 230, 'PowerKW': 12.7, 'CurrentTypeID': 20, 'Quantity': 1}]",,50,2025-07-03T07:16:00Z,1,2025-06-21T09:42:00Z,200,456890,Villavakantiepark IJsselhof (PowerGo),Proefpolder 4,Andijk,,1619EH,159,52.75126202,5.19185257,,,0,,16191,,,,,,766113.0,1036.0,50.0,2.0,12.7,20.0,1.0,1,32.0,230.0,
25,True,2025-07-03T07:16:00Z,456499,F7D489F2-129D-4D21-81EA-8B5CF8AC3718,38,3632.0,4.0,,"[{'ID': 766109, 'ConnectionTypeID': 33, 'Reference': '1', 'StatusTypeID': 50, 'LevelID': 3, 'Amps': 640, 'Voltage': 500, 'PowerKW': 320, 'CurrentTypeID': 30, 'Quantity': 1}, {'ID': 766110, 'ConnectionTypeID': 33, 'Reference': '1', 'StatusTypeID': 50, 'LevelID': 3, 'Amps': 640, 'Voltage': 500, 'PowerKW': 320, 'CurrentTypeID': 30, 'Quantity': 1}]",,50,2025-07-03T07:16:00Z,1,2025-06-21T09:42:00Z,200,456888,PLUS Schoonebeek (PowerGo),Europaweg 131-14,Schoonebeek,,7761 AC,159,52.66259897,6.87985475,,,0,,29013,,,,,,766109.0,33.0,50.0,3.0,320.0,30.0,1.0,1,640.0,500.0,
26,True,2025-07-03T07:16:00Z,456496,229534F9-406E-414D-B5D0-1213C269E135,38,3632.0,4.0,,"[{'ID': 766100, 'ConnectionTypeID': 1036, 'Reference': '1', 'StatusTypeID': 50, 'LevelID': 2, 'Amps': 32, 'Voltage': 230, 'PowerKW': 12.7, 'CurrentTypeID': 20, 'Quantity': 1}, {'ID': 766101, 'ConnectionTypeID': 1036, 'Reference': '1', 'StatusTypeID': 50, 'LevelID': 2, 'Amps': 32, 'Voltage': 230, 'PowerKW': 12.7, 'CurrentTypeID': 20, 'Quantity': 1}]",,50,2025-07-03T07:16:00Z,1,2025-06-21T09:42:00Z,200,456885,Van der Molen auto's (PowerGo),Industrieweg 14,Wormerveer,,1521NC,159,52.5031973,4.7767517,,,0,,16179,,,,,,766100.0,1036.0,50.0,2.0,12.7,20.0,1.0,1,32.0,230.0,
27,True,2025-07-03T07:16:00Z,456495,AB87A38E-0B62-4E98-BC44-E2750D71C8DD,38,3632.0,4.0,,"[{'ID': 766098, 'ConnectionTypeID': 1036, 'Reference': '1', 'StatusTypeID': 50, 'LevelID': 2, 'Amps': 32, 'Voltage': 230, 'PowerKW': 12.7, 'CurrentTypeID': 20, 'Quantity': 1}, {'ID': 766099, 'ConnectionTypeID': 1036, 'Reference': '1', 'StatusTypeID': 50, 'LevelID': 2, 'Amps': 32, 'Voltage': 230, 'PowerKW': 12.7, 'CurrentTypeID': 20, 'Quantity': 1}]",,50,2025-07-03T07:16:00Z,1,2025-06-21T09:42:00Z,200,456884,Conradstraat 4 (PowerGo),Conradstraat 4,Zwolle,,8013RN,159,52.48868777,6.13496401,,,0,,19902,,,,,,766098.0,1036.0,50.0,2.0,12.7,20.0,1.0,1,32.0,230.0,
28,True,2025-09-05T08:39:00Z,456494,7328C9E4-506A-49D7-AC8E-68B93C5D643D,38,3632.0,4.0,,"[{'ID': 766096, 'ConnectionTypeID': 1036, 'Reference': '1', 'StatusTypeID': 50, 'LevelID': 2, 'Amps': 32, 'Voltage': 230, 'PowerKW': 12.7, 'CurrentTypeID': 20, 'Quantity': 1}, {'ID': 766097, 'ConnectionTypeID': 1036, 'Reference': '1', 'StatusTypeID': 50, 'LevelID': 2, 'Amps': 32, 'Voltage': 230, 'PowerKW': 12.7, 'CurrentTypeID': 20, 'Quantity': 1}]",,50,2025-09-05T08:39:00Z,1,2025-06-21T09:42:00Z,200,456883,Conradstraat 4c (PowerGo),Conradstraat 4c,Zwolle,,8013RN,159,52.48815287,6.13512415,,,0,,19905,,,,,,766096.0,1036.0,50.0,2.0,12.7,20.0,1.0,1,32.0,230.0,
29,True,2025-07-03T07:16:00Z,456493,59AD9E0F-0222-4ACA-A23D-7110541D52A4,38,3632.0,4.0,,"[{'ID': 766093, 'ConnectionTypeID': 33, 'Reference': '1', 'StatusTypeID': 50, 'LevelID': 3, 'Amps': 60, 'Voltage': 500, 'PowerKW': 30, 'CurrentTypeID': 30, 'Quantity': 1}, {'ID': 766094, 'ConnectionTypeID': 33, 'Reference': '1', 'StatusTypeID': 50, 'LevelID': 3, 'Amps': 60, 'Voltage': 500, 'PowerKW': 30, 'CurrentTypeID': 30, 'Quantity': 1}, {'ID': 766095, 'ConnectionTypeID': 33, 'Reference': '1', 'StatusTypeID': 50, 'LevelID': 3, 'Amps': 60, 'Voltage': 500, 'PowerKW': 30, 'CurrentTypeID': 30, 'Quantity': 1}]",,50,2025-07-03T07:16:00Z,1,2025-06-21T09:42:00Z,200,456882,Basic-Fit 1160 Assendelft Rode Ring (PowerGo),Rode Ring 43,Assendelft,,1566HR,159,52.48687973,4.76283395,,,0,,28030,,,,,,766093.0,33.0,50.0,3.0,30.0,30.0,1.0,1,60.0,500.0,
30,True,2025-07-03T07:16:00Z,456492,96C2DC40-BB5B-4FCD-9419-BA4D92113D68,38,3632.0,4.0,,"[{'ID': 766091, 'ConnectionTypeID': 33, 'Reference': '1', 'StatusTypeID': 50, 'LevelID': 3, 'Amps': 100, 'Voltage': 500, 'PowerKW': 50, 'CurrentTypeID': 30, 'Quantity': 1}, {'ID': 766092, 'ConnectionTypeID': 33, 'Reference': '1', 'StatusTypeID': 50, 'LevelID': 3, 'Amps': 100, 'Voltage': 500, 'PowerKW': 50, 'CurrentTypeID': 30, 'Quantity': 1}]",,50,2025-07-03T07:16:00Z,1,2025-06-21T09:42:00Z,200,456881,Jachthaven Nauerna (PowerGo),Kanaaldijk 33,Assendelft,,1566 PA,159,52.43816458,4.75086631,,,0,,27751,,,,,,766091.0,33.0,50.0,3.0,50.0,30.0,1.0,1,100.0,500.0,
31,True,2025-07-03T07:16:00Z,456491,A563A6F9-14A2-4E4D-AD77-DFD27C6F16EC,38,3632.0,4.0,,"[{'ID': 766089, 'ConnectionTypeID': 1036, 'Reference': '1', 'StatusTypeID': 50, 'LevelID': 2, 'Amps': 32, 'Voltage': 230, 'PowerKW': 12.7, 'CurrentTypeID': 20, 'Quantity': 1}, {'ID': 766090, 'ConnectionTypeID': 1036, 'Reference': '1', 'StatusTypeID': 50, 'LevelID': 2, 'Amps': 32, 'Voltage': 230, 'PowerKW': 12.7, 'CurrentTypeID': 20, 'Quantity': 1}]",,50,2025-07-03T07:16:00Z,1,2025-06-21T09:42:00Z,200,456880,Hotel Zwanenburg (PowerGo),Olmenlaan 52,Zwanenburg,,1161JX,159,52.3756504,4.749892,,,0,,16186,,,,,,766089.0,1036.0,50.0,2.0,12.7,20.0,1.0,1,32.0,230.0,
32,True,2025-07-03T07:16:00Z,456490,2AA1E067-1A1F-4CF4-BB44-A2D733FC7623,38,3632.0,4.0,,"[{'ID': 766083, 'ConnectionTypeID': 1036, 'Reference': '1', 'StatusTypeID': 50, 'LevelID': 2, 'Amps': 32, 'Voltage': 230, 'PowerKW': 12.7, 'CurrentTypeID': 20, 'Quantity': 1}, {'ID': 766084, 'ConnectionTypeID': 1036, 'Reference': '1', 'StatusTypeID': 50, 'LevelID': 2, 'Amps': 32, 'Voltage': 230, 'PowerKW': 12.7, 'CurrentTypeID': 20, 'Quantity': 1}, {'ID': 766085, 'ConnectionTypeID': 1036, 'Reference': '1', 'StatusTypeID': 50, 'LevelID': 2, 'Amps': 32, 'Voltage': 230, 'PowerKW': 12.7, 'CurrentTypeID': 20, 'Quantity': 1}, {'ID': 766086, 'ConnectionTypeID': 1036, 'Reference': '1', 'StatusTypeID': 50, 'LevelID': 2, 'Amps': 32, 'Voltage': 230, 'PowerKW': 12.7, 'CurrentTypeID': 20, 'Quantity': 1}, {'ID': 766087, 'ConnectionTypeID': 1036, 'Reference': '1', 'StatusTypeID': 50, 'LevelID': 2, 'Amps': 32, 'Voltage': 230, 'PowerKW': 12.7, 'CurrentTypeID': 20, 'Quantity': 1}, {'ID': 766088, 'ConnectionTypeID': 1036, 'Reference': '1', 'StatusTypeID': 50, 'LevelID': 2, 'Amps': 32, 'Voltage': 230, 'PowerKW': 12.7, 'CurrentTypeID': 20, 'Quantity': 1}]",,50,2025-07-03T07:16:00Z,1,2025-06-21T09:42:00Z,200,456879,Mercure Hotel Amsterdam City (PowerGo),Joan Muyskensweg 10,Amsterdam,,1096 CJ,159,52.33543015,4.91411018,,,0,,42262,,,,,,766083.0,1036.0,50.0,2.0,12.7,20.0,1.0,1,32.0,230.0,
33,True,2025-07-03T07:16:00Z,456489,0E9F511A-7E6A-4360-92F0-E0FE92DBE7E9,38,3632.0,4.0,,"[{'ID': 766080, 'ConnectionTypeID': 33, 'Reference': '1', 'StatusTypeID': 50, 'LevelID': 3, 'Amps': 60, 'Voltage': 500, 'PowerKW': 30, 'CurrentTypeID': 30, 'Quantity': 1}, {'ID': 766081, 'ConnectionTypeID': 33, 'Reference': '1', 'StatusTypeID': 50, 'LevelID': 3, 'Amps': 60, 'Voltage': 500, 'PowerKW': 30, 'CurrentTypeID': 30, 'Quantity': 1}, {'ID': 766082, 'ConnectionTypeID': 33, 'Reference': '1', 'StatusTypeID': 50, 'LevelID': 3, 'Amps': 60, 'Voltage': 500, 'PowerKW': 30, 'CurrentTypeID': 30, 'Quantity': 1}]",,50,2025-07-03T07:16:00Z,1,2025-06-21T09:42:00Z,200,456878,Basic-Fit 1241 Badhoevedorp Sloterweg (PowerGo),Sloterweg 301,Badhoevedorp,,1171VB,159,52.33447605,4.7716605,,,0,,25818,,,,,,766080.0,33.0,50.0,3.0,30.0,30.0,1.0,1,60.0,500.0,
34,True,2025-07-03T07:16:00Z,456488,19DE08D2-31A5-468F-90C4-88061F296A01,38,3632.0,4.0,,"[{'ID': 766072, 'ConnectionTypeID': 33, 'Reference': '1', 'StatusTypeID': 50, 'LevelID': 3, 'Amps': 300, 'Voltage': 500, 'PowerKW': 150, 'CurrentTypeID': 30, 'Quantity': 1}, {'ID': 766073, 'ConnectionTypeID': 1036, 'Reference': '1', 'StatusTypeID': 50, 'LevelID': 2, 'Amps': 16, 'Voltage': 230, 'PowerKW': 6.4, 'CurrentTypeID': 20, 'Quantity': 1}, {'ID': 766074, 'ConnectionTypeID': 1036, 'Reference': '1', 'StatusTypeID': 50, 'LevelID': 2, 'Amps': 16, 'Voltage': 230, 'PowerKW': 6.4, 'CurrentTypeID': 20, 'Quantity': 1}, {'ID': 766075, 'ConnectionTypeID': 1036, 'Reference': '1', 'StatusTypeID': 50, 'LevelID': 2, 'Amps': 16, 'Voltage': 230, 'PowerKW': 6.4, 'CurrentTypeID': 20, 'Quantity': 1}, {'ID': 766076, 'ConnectionTypeID': 1036, 'Reference': '1', 'StatusTypeID': 50, 'LevelID': 2, 'Amps': 16, 'Voltage': 230, 'PowerKW': 6.4, 'CurrentTypeID': 20, 'Quantity': 1}, {'ID': 766077, 'ConnectionTypeID': 1036, 'Reference': '1', 'StatusTypeID': 50, 'LevelID': 2, 'Amps': 16, 'Voltage': 230, 'PowerKW': 6.4, 'CurrentTypeID': 20, 'Quantity': 1}, {'ID': 766078, 'ConnectionTypeID': 33, 'Reference': '1', 'StatusTypeID': 50, 'LevelID': 3, 'Amps': 300, 'Voltage': 500, 'PowerKW': 150, 'CurrentTypeID': 30, 'Quantity': 1}, {'ID': 766079, 'ConnectionTypeID': 33, 'Reference': '1', 'StatusTypeID': 50, 'LevelID': 3, 'Amps': 300, 'Voltage': 500, 'PowerKW': 150, 'CurrentTypeID': 30, 'Quantity': 1}]",,50,2025-07-03T07:16:00Z,1,2025-06-21T09:42:00Z,200,456877,Novotel Amsterdam City (PowerGo),Europaboulevard 10,Amsterdam,,1083 AD,159,52.33434296,4.88841772,,,0,,42322,,,,,,766072.0,33.0,50.0,3.0,150.0,30.0,1.0,1,300.0,500.0,
35,True,2025-07-03T07:16:00Z,456486,6B5DE321-CF9F-4C42-B412-EBE4BC93057E,38,3632.0,4.0,,"[{'ID': 766060, 'ConnectionTypeID': 33, 'Reference': '1', 'StatusTypeID': 50, 'LevelID': 3, 'Amps': 300, 'Voltage': 500, 'PowerKW': 150, 'CurrentTypeID': 30, 'Quantity': 1}, {'ID': 766061, 'ConnectionTypeID': 33, 'Reference': '1', 'StatusTypeID': 50, 'LevelID': 3, 'Amps': 300, 'Voltage': 500, 'PowerKW': 150, 'CurrentTypeID': 30, 'Quantity': 1}]",,50,2025-07-03T07:16:00Z,1,2025-06-21T09:42:00Z,200,456875,Jumbo 5121 Rijssen (PowerGo),Laan Oud-Indiëgangers 5,Rijssen,,7463 CH,159,52.31284599,6.49607248,,,0,,31800,,,,,,766060.0,33.0,50.0,3.0,150.0,30.0,1.0,1,300.0,500.0,
36,True,2025-07-03T07:16:00Z,456485,1E3D5BB2-6942-4D88-A2D7-9CA433D8AA2D,38,3632.0,4.0,,"[{'ID': 766054, 'ConnectionTypeID': 1036, 'Reference': '1', 'StatusTypeID': 50, 'LevelID': 2, 'Amps': 32, 'Voltage': 230, 'PowerKW': 12.7, 'CurrentTypeID': 20, 'Quantity': 1}, {'ID': 766055, 'ConnectionTypeID': 1036, 'Reference': '1', 'StatusTypeID': 50, 'LevelID': 2, 'Amps': 32, 'Voltage': 230, 'PowerKW': 12.7, 'CurrentTypeID': 20, 'Quantity': 1}, {'ID': 766056, 'ConnectionTypeID': 1036, 'Reference': '1', 'StatusTypeID': 50, 'LevelID': 2, 'Amps': 32, 'Voltage': 230, 'PowerKW': 12.7, 'CurrentTypeID': 20, 'Quantity': 1}, {'ID': 766057, 'ConnectionTypeID': 1036, 'Reference': '1', 'StatusTypeID': 50, 'LevelID': 2, 'Amps': 32, 'Voltage': 230, 'PowerKW': 12.7, 'CurrentTypeID': 20, 'Quantity': 1}, {'ID': 766058, 'ConnectionTypeID': 1036, 'Reference': '1', 'StatusTypeID': 50, 'LevelID': 2, 'Amps': 32, 'Voltage': 230, 'PowerKW': 12.7, 'CurrentTypeID': 20, 'Quantity': 1}, {'ID': 766059, 'ConnectionTypeID': 1036, 'Reference': '1', 'StatusTypeID': 50, 'LevelID': 2, 'Amps': 32, 'Voltage': 230, 'PowerKW': 12.7, 'CurrentTypeID': 20, 'Quantity': 1}]",,50,2025-07-03T07:16:00Z,1,2025-06-21T09:42:00Z,200,456874,Binnenweg 2-18 Hoofddorp (PowerGo),Binnenweg 2-18,Hoofddorp,,2132 CT,159,52.29909134,4.69226217,,,0,,24908,,,,,,766054.0,1036.0,50.0,2.0,12.7,20.0,1.0,1,32.0,230.0,
37,True,2025-07-03T07:16:00Z,456484,47E311B3-EA27-47C1-8FD0-7D68344ECED6,38,3632.0,4.0,,"[{'ID': 766050, 'ConnectionTypeID': 1036, 'Reference': '1', 'StatusTypeID': 50, 'LevelID': 2, 'Amps': 32, 'Voltage': 230, 'PowerKW': 12.7, 'CurrentTypeID': 20, 'Quantity': 1}, {'ID': 766051, 'ConnectionTypeID': 1036, 'Reference': '1', 'StatusTypeID': 50, 'LevelID': 2, 'Amps': 32, 'Voltage': 230, 'PowerKW': 12.7, 'CurrentTypeID': 20, 'Quantity': 1}, {'ID': 766052, 'ConnectionTypeID': 1036, 'Reference': '1', 'StatusTypeID': 50, 'LevelID': 2, 'Amps': 32, 'Voltage': 230, 'PowerKW': 12.7, 'CurrentTypeID': 20, 'Quantity': 1}, {'ID': 766053, 'ConnectionTypeID': 1036, 'Reference': '1', 'StatusTypeID': 50, 'LevelID': 2, 'Amps': 32, 'Voltage': 230, 'PowerKW': 12.7, 'CurrentTypeID': 20, 'Quantity': 1}]",,50,2025-07-03T07:16:00Z,1,2025-06-21T09:42:00Z,200,456873,Opaallaan 1180 Hoofddorp (PowerGo),Opaallaan 1180,Hoofddorp,,2132LN,159,52.2957029,4.6805699,,,0,,24906,,,,,,766050.0,1036.0,50.0,2.0,12.7,20.0,1.0,1,32.0,230.0,
38,True,2025-07-03T07:16:00Z,456483,C3E43CB7-170B-48A6-9DB1-425B9B748B03,38,3632.0,4.0,,"[{'ID': 766044, 'ConnectionTypeID': 1036, 'Reference': '1', 'StatusTypeID': 50, 'LevelID': 2, 'Amps': 32, 'Voltage': 230, 'PowerKW': 12.7, 'CurrentTypeID': 20, 'Quantity': 1}, {'ID': 766045, 'ConnectionTypeID': 1036, 'Reference': '1', 'StatusTypeID': 50, 'LevelID': 2, 'Amps': 32, 'Voltage': 230, 'PowerKW': 12.7, 'CurrentTypeID': 20, 'Quantity': 1}, {'ID': 766046, 'ConnectionTypeID': 1036, 'Reference': '1', 'StatusTypeID': 50, 'LevelID': 2, 'Amps': 32, 'Voltage': 230, 'PowerKW': 12.7, 'CurrentTypeID': 20, 'Quantity': 1}, {'ID': 766047, 'ConnectionTypeID': 1036, 'Reference': '1', 'StatusTypeID': 50, 'LevelID': 2, 'Amps': 32, 'Voltage': 230, 'PowerKW': 12.7, 'CurrentTypeID': 20, 'Quantity': 1}, {'ID': 766048, 'ConnectionTypeID': 1036, 'Reference': '1', 'StatusTypeID': 50, 'LevelID': 2, 'Amps': 32, 'Voltage': 230, 'PowerKW': 12.7, 'CurrentTypeID': 20, 'Quantity': 1}, {'ID': 766049, 'ConnectionTypeID': 1036, 'Reference': '1', 'StatusTypeID': 50, 'LevelID': 2, 'Amps': 32, 'Voltage': 230, 'PowerKW': 12.7, 'CurrentTypeID': 20, 'Quantity': 1}]",,50,2025-07-03T07:16:00Z,1,2025-06-21T09:42:00Z,200,456872,Opaallaan 1206-1212 Hoofddorp (PowerGo),Opaallaan 1206-1212,Hoofddorp,,2132LN,159,52.295384,4.6827337,,,0,,24905,,,,,,766044.0,1036.0,50.0,2.0,12.7,20.0,1.0,1,32.0,230.0,
39,True,2025-07-03T07:16:00Z,456482,728FB811-E9FC-43CB-B8FB-CB1316B89BE0,38,3632.0,4.0,,"[{'ID': 766030, 'ConnectionTypeID': 1036, 'Reference': '1', 'StatusTypeID': 50, 'LevelID': 2, 'Amps': 32, 'Voltage': 230, 'PowerKW': 12.7, 'CurrentTypeID': 20, 'Quantity': 1}, {'ID': 766031, 'ConnectionTypeID': 1036, 'Reference': '1', 'StatusTypeID': 50, 'LevelID': 2, 'Amps': 32, 'Voltage': 230, 'PowerKW': 12.7, 'CurrentTypeID': 20, 'Quantity': 1}, {'ID': 766032, 'ConnectionTypeID': 1036, 'Reference': '1', 'StatusTypeID': 50, 'LevelID': 2, 'Amps': 32, 'Voltage': 230, 'PowerKW': 12.7, 'CurrentTypeID': 20, 'Quantity': 1}, {'ID': 766033, 'ConnectionTypeID': 1036, 'Reference': '1', 'StatusTypeID': 50, 'LevelID': 2, 'Amps': 32, 'Voltage': 230, 'PowerKW': 12.7, 'CurrentTypeID': 20, 'Quantity': 1}, {'ID': 766034, 'ConnectionTypeID': 1036, 'Reference': '1', 'StatusTypeID': 50, 'LevelID': 2, 'Amps': 32, 'Voltage': 230, 'PowerKW': 12.7, 'CurrentTypeID': 20, 'Quantity': 1}, {'ID': 766035, 'ConnectionTypeID': 1036, 'Reference': '1', 'StatusTypeID': 50, 'LevelID': 2, 'Amps': 32, 'Voltage': 230, 'PowerKW': 12.7, 'CurrentTypeID': 20, 'Quantity': 1}, {'ID': 766036, 'ConnectionTypeID': 1036, 'Reference': '1', 'StatusTypeID': 50, 'LevelID': 2, 'Amps': 32, 'Voltage': 230, 'PowerKW': 12.7, 'CurrentTypeID': 20, 'Quantity': 1}, {'ID': 766037, 'ConnectionTypeID': 1036, 'Reference': '1', 'StatusTypeID': 50, 'LevelID': 2, 'Amps': 32, 'Voltage': 230, 'PowerKW': 12.7, 'CurrentTypeID': 20, 'Quantity': 1}, {'ID': 766038, 'ConnectionTypeID': 1036, 'Reference': '1', 'StatusTypeID': 50, 'LevelID': 2, 'Amps': 32, 'Voltage': 230, 'PowerKW': 12.7, 'CurrentTypeID': 20, 'Quantity': 1}, {'ID': 766039, 'ConnectionTypeID': 1036, 'Reference': '1', 'StatusTypeID': 50, 'LevelID': 2, 'Amps': 32, 'Voltage': 230, 'PowerKW': 12.7, 'CurrentTypeID': 20, 'Quantity': 1}, {'ID': 766040, 'ConnectionTypeID': 1036, 'Reference': '1', 'StatusTypeID': 50, 'LevelID': 2, 'Amps': 32, 'Voltage': 230, 'PowerKW': 12.7, 'CurrentTypeID': 20, 'Quantity': 1}, {'ID': 766041, 'ConnectionTypeID': 1036, 'Reference': '1', 'StatusTypeID': 50, 'LevelID': 2, 'Amps': 32, 'Voltage': 230, 'PowerKW': 12.7, 'CurrentTypeID': 20, 'Quantity': 1}, {'ID': 766042, 'ConnectionTypeID': 1036, 'Reference': '1', 'StatusTypeID': 50, 'LevelID': 2, 'Amps': 32, 'Voltage': 230, 'PowerKW': 12.7, 'CurrentTypeID': 20, 'Quantity': 1}, {'ID': 766043, 'ConnectionTypeID': 1036, 'Reference': '1', 'StatusTypeID': 50, 'LevelID': 2, 'Amps': 32, 'Voltage': 230, 'PowerKW': 12.7, 'CurrentTypeID': 20, 'Quantity': 1}]",,50,2025-07-03T07:16:00Z,1,2025-06-21T09:42:00Z,200,456871,Wegalaan 14-28 Hoofddorp (PowerGo),Wegalaan 14-28,Hoofddorp,,2132JC,159,52.2941711,4.7086472,,,0,,23014,,,,,,766030.0,1036.0,50.0,2.0,12.7,20.0,1.0,1,32.0,230.0,
40,True,2025-09-05T08:39:00Z,456481,6E273BFD-086F-4EC2-93F2-CC4893E0F0C1,38,3632.0,4.0,,"[{'ID': 766018, 'ConnectionTypeID': 1036, 'Reference': '1', 'StatusTypeID': 50, 'LevelID': 2, 'Amps': 32, 'Voltage': 230, 'PowerKW': 12.7, 'CurrentTypeID': 20, 'Quantity': 1}, {'ID': 766019, 'ConnectionTypeID': 1036, 'Reference': '1', 'StatusTypeID': 50, 'LevelID': 2, 'Amps': 32, 'Voltage': 230, 'PowerKW': 12.7, 'CurrentTypeID': 20, 'Quantity': 1}, {'ID': 766020, 'ConnectionTypeID': 1036, 'Reference': '1', 'StatusTypeID': 50, 'LevelID': 2, 'Amps': 32, 'Voltage': 230, 'PowerKW': 12.7, 'CurrentTypeID': 20, 'Quantity': 1}, {'ID': 766021, 'ConnectionTypeID': 1036, 'Reference': '1', 'StatusTypeID': 50, 'LevelID': 2, 'Amps': 32, 'Voltage': 230, 'PowerKW': 12.7, 'CurrentTypeID': 20, 'Quantity': 1}, {'ID': 766022, 'ConnectionTypeID': 1036, 'Reference': '1', 'StatusTypeID': 50, 'LevelID': 2, 'Amps': 32, 'Voltage': 230, 'PowerKW': 12.7, 'CurrentTypeID': 20, 'Quantity': 1}, {'ID': 766023, 'ConnectionTypeID': 1036, 'Reference': '1', 'StatusTypeID': 50, 'LevelID': 2, 'Amps': 32, 'Voltage': 230, 'PowerKW': 12.7, 'CurrentTypeID': 20, 'Quantity': 1}, {'ID': 766024, 'ConnectionTypeID': 1036, 'Reference': '1', 'StatusTypeID': 50, 'LevelID': 2, 'Amps': 32, 'Voltage': 230, 'PowerKW': 12.7, 'CurrentTypeID': 20, 'Quantity': 1}, {'ID': 766025, 'ConnectionTypeID': 1036, 'Reference': '1', 'StatusTypeID': 50, 'LevelID': 2, 'Amps': 32, 'Voltage': 230, 'PowerKW': 12.7, 'CurrentTypeID': 20, 'Quantity': 1}, {'ID': 766026, 'ConnectionTypeID': 1036, 'Reference': '1', 'StatusTypeID': 50, 'LevelID': 2, 'Amps': 32, 'Voltage': 230, 'PowerKW': 12.7, 'CurrentTypeID': 20, 'Quantity': 1}, {'ID': 766027, 'ConnectionTypeID': 1036, 'Reference': '1', 'StatusTypeID': 50, 'LevelID': 2, 'Amps': 32, 'Voltage': 230, 'PowerKW': 12.7, 'CurrentTypeID': 20, 'Quantity': 1}, {'ID': 766028, 'ConnectionTypeID': 1036, 'Reference': '1', 'StatusTypeID': 50, 'LevelID': 2, 'Amps': 32, 'Voltage': 230, 'PowerKW': 12.7, 'CurrentTypeID': 20, 'Quantity': 1}, {'ID': 766029, 'ConnectionTypeID': 1036, 'Reference': '1', 'StatusTypeID': 50, 'LevelID': 2, 'Amps': 32, 'Voltage': 230, 'PowerKW': 12.7, 'CurrentTypeID': 20, 'Quantity': 1}]",,50,2025-09-05T08:39:00Z,1,2025-06-21T09:42:00Z,200,456870,Basic-Fit Nederland HQ Hoofddorp (PowerGo),Wegalaan 60,Hoofddorp,,2132 JC,159,52.29317856,4.70799875,,,0,,17341,,,,,,766018.0,1036.0,50.0,2.0,12.7,20.0,1.0,1,32.0,230.0,
41,True,2025-07-03T07:16:00Z,456480,3D2C3B51-EC39-47B6-87A6-47B77E868D1B,38,3632.0,4.0,,"[{'ID': 766010, 'ConnectionTypeID': 1036, 'Reference': '1', 'StatusTypeID': 50, 'LevelID': 2, 'Amps': 32, 'Voltage': 230, 'PowerKW': 12.7, 'CurrentTypeID': 20, 'Quantity': 1}, {'ID': 766011, 'ConnectionTypeID': 1036, 'Reference': '1', 'StatusTypeID': 50, 'LevelID': 2, 'Amps': 32, 'Voltage': 230, 'PowerKW': 12.7, 'CurrentTypeID': 20, 'Quantity': 1}, {'ID': 766012, 'ConnectionTypeID': 1036, 'Reference': '1', 'StatusTypeID': 50, 'LevelID': 2, 'Amps': 32, 'Voltage': 230, 'PowerKW': 12.7, 'CurrentTypeID': 20, 'Quantity': 1}, {'ID': 766013, 'ConnectionTypeID': 1036, 'Reference': '1', 'StatusTypeID': 50, 'LevelID': 2, 'Amps': 32, 'Voltage': 230, 'PowerKW': 12.7, 'CurrentTypeID': 20, 'Quantity': 1}, {'ID': 766014, 'ConnectionTypeID': 1036, 'Reference': '1', 'StatusTypeID': 50, 'LevelID': 2, 'Amps': 32, 'Voltage': 230, 'PowerKW': 12.7, 'CurrentTypeID': 20, 'Quantity': 1}, {'ID': 766015, 'ConnectionTypeID': 1036, 'Reference': '1', 'StatusTypeID': 50, 'LevelID': 2, 'Amps': 32, 'Voltage': 230, 'PowerKW': 12.7, 'CurrentTypeID': 20, 'Quantity': 1}, {'ID': 766016, 'ConnectionTypeID': 1036, 'Reference': '1', 'StatusTypeID': 50, 'LevelID': 2, 'Amps': 32, 'Voltage': 230, 'PowerKW': 12.7, 'CurrentTypeID': 20, 'Quantity': 1}, {'ID': 766017, 'ConnectionTypeID': 1036, 'Reference': '1', 'StatusTypeID': 50, 'LevelID': 2, 'Amps': 32, 'Voltage': 230, 'PowerKW': 12.7, 'CurrentTypeID': 20, 'Quantity': 1}]",,50,2025-07-03T07:16:00Z,1,2025-06-21T09:42:00Z,200,456869,Polarisavenue 151 Hoofddorp (PowerGo),Polarisavenue 151,Hoofddorp,,2132JJ,159,52.292674,4.709311,,,0,,24907,,,,,,766010.0,1036.0,50.0,2.0,12.7,20.0,1.0,1,32.0,230.0,
42,True,2025-07-03T07:16:00Z,456478,ACE58B27-CBCD-463F-AD71-C52DB2B1F1C5,38,3632.0,4.0,,"[{'ID': 765998, 'ConnectionTypeID': 33, 'Reference': '1', 'StatusTypeID': 50, 'LevelID': 3, 'Amps': 120, 'Voltage': 500, 'PowerKW': 60, 'CurrentTypeID': 30, 'Quantity': 1}, {'ID': 765999, 'ConnectionTypeID': 1036, 'Reference': '1', 'StatusTypeID': 50, 'LevelID': 2, 'Amps': 32, 'Voltage': 230, 'PowerKW': 12.7, 'CurrentTypeID': 20, 'Quantity': 1}, {'ID': 766000, 'ConnectionTypeID': 1036, 'Reference': '1', 'StatusTypeID': 50, 'LevelID': 2, 'Amps': 32, 'Voltage': 230, 'PowerKW': 12.7, 'CurrentTypeID': 20, 'Quantity': 1}, {'ID': 766001, 'ConnectionTypeID': 1036, 'Reference': '1', 'StatusTypeID': 50, 'LevelID': 2, 'Amps': 32, 'Voltage': 230, 'PowerKW': 12.7, 'CurrentTypeID': 20, 'Quantity': 1}, {'ID': 766002, 'ConnectionTypeID': 1036, 'Reference': '1', 'StatusTypeID': 50, 'LevelID': 2, 'Amps': 32, 'Voltage': 230, 'PowerKW': 12.7, 'CurrentTypeID': 20, 'Quantity': 1}, {'ID': 766003, 'ConnectionTypeID': 1036, 'Reference': '1', 'StatusTypeID': 50, 'LevelID': 2, 'Amps': 32, 'Voltage': 230, 'PowerKW': 12.7, 'CurrentTypeID': 20, 'Quantity': 1}, {'ID': 766004, 'ConnectionTypeID': 33, 'Reference': '1', 'StatusTypeID': 50, 'LevelID': 3, 'Amps': 120, 'Voltage': 500, 'PowerKW': 60, 'CurrentTypeID': 30, 'Quantity': 1}]",,50,2025-07-03T07:16:00Z,1,2025-06-21T09:42:00Z,200,456867,TopParken Resort Veluwe (PowerGo),Putterweg 70,Garderen,,3886PG,159,52.23666717,5.68851266,,,0,,16141,,,,,,765998.0,33.0,50.0,3.0,60.0,30.0,1.0,1,120.0,500.0,
43,True,2025-07-03T07:16:00Z,456477,99056C8B-8114-4EF9-BB55-0F5735061E8E,38,3632.0,4.0,,"[{'ID': 765994, 'ConnectionTypeID': 1036, 'Reference': '1', 'StatusTypeID': 50, 'LevelID': 2, 'Amps': 32, 'Voltage': 230, 'PowerKW': 12.7, 'CurrentTypeID': 20, 'Quantity': 1}, {'ID': 765995, 'ConnectionTypeID': 1036, 'Reference': '1', 'StatusTypeID': 50, 'LevelID': 2, 'Amps': 32, 'Voltage': 230, 'PowerKW': 12.7, 'CurrentTypeID': 20, 'Quantity': 1}, {'ID': 765996, 'ConnectionTypeID': 1036, 'Reference': '1', 'StatusTypeID': 50, 'LevelID': 2, 'Amps': 32, 'Voltage': 230, 'PowerKW': 12.7, 'CurrentTypeID': 20, 'Quantity': 1}, {'ID': 765997, 'ConnectionTypeID': 1036, 'Reference': '1', 'StatusTypeID': 50, 'LevelID': 2, 'Amps': 32, 'Voltage': 230, 'PowerKW': 12.7, 'CurrentTypeID': 20, 'Quantity': 1}]",,50,2025-07-03T07:16:00Z,1,2025-06-21T09:42:00Z,200,456866,Bungalowpark Bok Garderen (PowerGo),Putterweg 76,Garderen,,3886PH,159,52.2366558,5.6858465,,,0,,16181,,,,,,765994.0,1036.0,50.0,2.0,12.7,20.0,1.0,1,32.0,230.0,
44,True,2025-07-03T07:16:00Z,456476,72584D3D-F98F-4FC0-9941-74C05A2CAC4B,38,3632.0,4.0,,"[{'ID': 765990, 'ConnectionTypeID': 1036, 'Reference': '1', 'StatusTypeID': 50, 'LevelID': 2, 'Amps': 32, 'Voltage': 230, 'PowerKW': 12.7, 'CurrentTypeID': 20, 'Quantity': 1}, {'ID': 765991, 'ConnectionTypeID': 1036, 'Reference': '1', 'StatusTypeID': 50, 'LevelID': 2, 'Amps': 32, 'Voltage': 230, 'PowerKW': 12.7, 'CurrentTypeID': 20, 'Quantity': 1}, {'ID': 765992, 'ConnectionTypeID': 1036, 'Reference': '1', 'StatusTypeID': 50, 'LevelID': 2, 'Amps': 32, 'Voltage': 230, 'PowerKW': 12.7, 'CurrentTypeID': 20, 'Quantity': 1}, {'ID': 765993, 'ConnectionTypeID': 1036, 'Reference': '1', 'StatusTypeID': 50, 'LevelID': 2, 'Amps': 32, 'Voltage': 230, 'PowerKW': 12.7, 'CurrentTypeID': 20, 'Quantity': 1}]",,50,2025-07-03T07:16:00Z,1,2025-06-21T09:42:00Z,200,456865,Intratuin Apeldoorn AC (PowerGo),De Voorwaarts 420,Apeldoorn,,7321 MG,159,52.21089969,5.99632507,,,0,,22924,,,,,,765990.0,1036.0,50.0,2.0,12.7,20.0,1.0,1,32.0,230.0,
45,True,2025-07-03T07:16:00Z,456475,105CEFF8-C909-4EA4-8EF0-EDCF33C0ADD7,38,3632.0,4.0,,"[{'ID': 765988, 'ConnectionTypeID': 33, 'Reference': '1', 'StatusTypeID': 50, 'LevelID': 3, 'Amps': 180, 'Voltage': 500, 'PowerKW': 90, 'CurrentTypeID': 30, 'Quantity': 1}, {'ID': 765989, 'ConnectionTypeID': 33, 'Reference': '1', 'StatusTypeID': 50, 'LevelID': 3, 'Amps': 180, 'Voltage': 500, 'PowerKW': 90, 'CurrentTypeID': 30, 'Quantity': 1}]",,50,2025-07-03T07:16:00Z,1,2025-06-21T09:42:00Z,200,456864,Jumbo 3477 Loenen aan de Vecht (PowerGo),Rijksstraatweg 127,Loenen aan de Vecht,,3632AB,159,52.21030406,5.02136354,,,0,,19069,,,,,,765988.0,33.0,50.0,3.0,90.0,30.0,1.0,1,180.0,500.0,
46,True,2025-07-03T07:16:00Z,456473,B71EFB21-C22D-40FD-A972-C716EFF2958B,38,3632.0,4.0,,"[{'ID': 765983, 'ConnectionTypeID': 1036, 'Reference': '1', 'StatusTypeID': 0, 'LevelID': 2, 'Amps': 32, 'Voltage': 230, 'PowerKW': 12.7, 'CurrentTypeID': 20, 'Quantity': 1}, {'ID': 765984, 'ConnectionTypeID': 1036, 'Reference': '1', 'StatusTypeID': 0, 'LevelID': 2, 'Amps': 32, 'Voltage': 230, 'PowerKW': 12.7, 'CurrentTypeID': 20, 'Quantity': 1}]",,0,2025-07-03T07:16:00Z,1,2025-06-21T09:42:00Z,200,456862,Blokmakerstraat 13 Katwijk (PowerGo),Blokmakerstraat 13,Katwijk,,2222 AD,159,52.20126276,4.43056704,,,0,,30724,,,,,,765983.0,1036.0,0.0,2.0,12.7,20.0,1.0,1,32.0,230.0,
47,True,2025-07-03T07:16:00Z,456472,4EBF7D9A-92DE-4F44-9650-4414F729CCAD,38,3632.0,4.0,,"[{'ID': 765981, 'ConnectionTypeID': 33, 'Reference': '1', 'StatusTypeID': 50, 'LevelID': 3, 'Amps': 300, 'Voltage': 500, 'PowerKW': 150, 'CurrentTypeID': 30, 'Quantity': 1}, {'ID': 765982, 'ConnectionTypeID': 33, 'Reference': '1', 'StatusTypeID': 50, 'LevelID': 3, 'Amps': 300, 'Voltage': 500, 'PowerKW': 150, 'CurrentTypeID': 30, 'Quantity': 1}]",,50,2025-07-03T07:16:00Z,1,2025-06-21T09:42:00Z,200,456861,Emiclaerhof Amersfoort (PowerGo),De Koers,Amersfoort,,3823GA,159,52.18615367,5.39931014,,,0,,16377,,,,,,765981.0,33.0,50.0,3.0,150.0,30.0,1.0,1,300.0,500.0,
48,True,2025-07-03T07:16:00Z,456470,D8E3BECA-D788-45A7-839D-A485B139DDDD,38,3632.0,4.0,,"[{'ID': 765972, 'ConnectionTypeID': 33, 'Reference': '1', 'StatusTypeID': 50, 'LevelID': 3, 'Amps': 120, 'Voltage': 500, 'PowerKW': 60, 'CurrentTypeID': 30, 'Quantity': 1}, {'ID': 765973, 'ConnectionTypeID': 1036, 'Reference': '1', 'StatusTypeID': 50, 'LevelID': 2, 'Amps': 32, 'Voltage': 230, 'PowerKW': 12.7, 'CurrentTypeID': 20, 'Quantity': 1}, {'ID': 765974, 'ConnectionTypeID': 1036, 'Reference': '1', 'StatusTypeID': 50, 'LevelID': 2, 'Amps': 32, 'Voltage': 230, 'PowerKW': 12.7, 'CurrentTypeID': 20, 'Quantity': 1}, {'ID': 765975, 'ConnectionTypeID': 1036, 'Reference': '1', 'StatusTypeID': 50, 'LevelID': 2, 'Amps': 32, 'Voltage': 230, 'PowerKW': 12.7, 'CurrentTypeID': 20, 'Quantity': 1}, {'ID': 765976, 'ConnectionTypeID': 1036, 'Reference': '1', 'StatusTypeID': 50, 'LevelID': 2, 'Amps': 32, 'Voltage': 230, 'PowerKW': 12.7, 'CurrentTypeID': 20, 'Quantity': 1}, {'ID': 765977, 'ConnectionTypeID': 1036, 'Reference': '1', 'StatusTypeID': 50, 'LevelID': 2, 'Amps': 32, 'Voltage': 230, 'PowerKW': 12.7, 'CurrentTypeID': 20, 'Quantity': 1}, {'ID': 765978, 'ConnectionTypeID': 33, 'Reference': '1', 'StatusTypeID': 100, 'LevelID': 3, 'Amps': 120, 'Voltage': 500, 'PowerKW': 60, 'CurrentTypeID': 30, 'Quantity': 1}]",,50,2025-07-03T07:16:00Z,1,2025-06-21T09:42:00Z,200,456859,TopParken - Résidence Lage Vuursche (PowerGo),Koudelaan 25,Bilthoven,,3723ME,159,52.17633378,5.21526684,,,0,,27321,,,,,,765972.0,33.0,50.0,3.0,60.0,30.0,1.0,1,120.0,500.0,
49,True,2025-07-03T07:16:00Z,456469,939B6E9C-2094-4385-990E-32DE9D2FE231,38,3632.0,4.0,,"[{'ID': 765968, 'ConnectionTypeID': 33, 'Reference': '1', 'StatusTypeID': 50, 'LevelID': 3, 'Amps': 240, 'Voltage': 500, 'PowerKW': 120, 'CurrentTypeID': 30, 'Quantity': 1}, {'ID': 765969, 'ConnectionTypeID': 33, 'Reference': '1', 'StatusTypeID': 50, 'LevelID': 3, 'Amps': 240, 'Voltage': 500, 'PowerKW': 120, 'CurrentTypeID': 30, 'Quantity': 1}, {'ID': 765970, 'ConnectionTypeID': 33, 'Reference': '1', 'StatusTypeID': 50, 'LevelID': 3, 'Amps': 240, 'Voltage': 500, 'PowerKW': 120, 'CurrentTypeID': 30, 'Quantity': 1}, {'ID': 765971, 'ConnectionTypeID': 33, 'Reference': '1', 'StatusTypeID': 50, 'LevelID': 3, 'Amps': 240, 'Voltage': 500, 'PowerKW': 120, 'CurrentTypeID': 30, 'Quantity': 1}]",,50,2025-07-03T07:16:00Z,1,2025-06-21T09:42:00Z,200,456858,Intratuin Lochem (PowerGo),Goorseweg 27,Lochem,,7241PA,159,52.1659435,6.4414394,,,0,,15098,,,,,,765968.0,33.0,50.0,3.0,120.0,30.0,1.0,1,240.0,500.0,
50,True,2025-07-03T07:16:00Z,456468,0318B8FA-A1C0-4D42-A699-3489442912A9,38,3632.0,4.0,,"[{'ID': 765964, 'ConnectionTypeID': 1036, 'Reference': '1', 'StatusTypeID': 50, 'LevelID': 2, 'Amps': 32, 'Voltage': 230, 'PowerKW': 12.7, 'CurrentTypeID': 20, 'Quantity': 1}, {'ID': 765965, 'ConnectionTypeID': 1036, 'Reference': '1', 'StatusTypeID': 50, 'LevelID': 2, 'Amps': 32, 'Voltage': 230, 'PowerKW': 12.7, 'CurrentTypeID': 20, 'Quantity': 1}, {'ID': 765966, 'ConnectionTypeID': 1036, 'Reference': '1', 'StatusTypeID': 50, 'LevelID': 2, 'Amps': 32, 'Voltage': 230, 'PowerKW': 12.7, 'CurrentTypeID': 20, 'Quantity': 1}, {'ID': 765967, 'ConnectionTypeID': 1036, 'Reference': '1', 'StatusTypeID': 50, 'LevelID': 2, 'Amps': 32, 'Voltage': 230, 'PowerKW': 12.7, 'CurrentTypeID': 20, 'Quantity': 1}]",,50,2025-07-03T07:16:00Z,1,2025-06-21T09:42:00Z,200,456857,TopParken Recreatiepark Beekbergen (PowerGo),Kuiltjesweg 44,Beekbergen,,7361TC,159,52.1457958,5.963311,,,0,,10751,,,,,,765964.0,1036.0,50.0,2.0,12.7,20.0,1.0,1,32.0,230.0,
51,True,2025-07-03T07:16:00Z,456467,D3BC494A-8799-45EE-8859-52989D26C0E7,38,3632.0,4.0,,"[{'ID': 765962, 'ConnectionTypeID': 33, 'Reference': '1', 'StatusTypeID': 50, 'LevelID': 3, 'Amps': 180, 'Voltage': 500, 'PowerKW': 90, 'CurrentTypeID': 30, 'Quantity': 1}, {'ID': 765963, 'ConnectionTypeID': 33, 'Reference': '1', 'StatusTypeID': 50, 'LevelID': 3, 'Amps': 180, 'Voltage': 500, 'PowerKW': 90, 'CurrentTypeID': 30, 'Quantity': 1}]",,50,2025-07-03T07:16:00Z,1,2025-06-21T09:42:00Z,200,456856,Jumbo 3770 Voorschoten Planciusplantsoen (PowerGo),Planciusplantsoen 25,Voorschoten,,2253 TS,159,52.14265354,4.46108381,,,0,,20156,,,,,,765962.0,33.0,50.0,3.0,90.0,30.0,1.0,1,180.0,500.0,
52,True,2025-07-03T07:16:00Z,456466,07E35C17-1075-4526-BF1B-5ED6B85D1CBA,38,3632.0,4.0,,"[{'ID': 765958, 'ConnectionTypeID': 33, 'Reference': '1', 'StatusTypeID': 50, 'LevelID': 3, 'Amps': 300, 'Voltage': 500, 'PowerKW': 150, 'CurrentTypeID': 30, 'Quantity': 1}, {'ID': 765959, 'ConnectionTypeID': 33, 'Reference': '1', 'StatusTypeID': 50, 'LevelID': 3, 'Amps': 300, 'Voltage': 500, 'PowerKW': 150, 'CurrentTypeID': 30, 'Quantity': 1}, {'ID': 765960, 'ConnectionTypeID': 33, 'Reference': '1', 'StatusTypeID': 50, 'LevelID': 3, 'Amps': 300, 'Voltage': 500, 'PowerKW': 150, 'CurrentTypeID': 30, 'Quantity': 1}, {'ID': 765961, 'ConnectionTypeID': 33, 'Reference': '1', 'StatusTypeID': 50, 'LevelID': 3, 'Amps': 300, 'Voltage': 500, 'PowerKW': 150, 'CurrentTypeID': 30, 'Quantity': 1}]",,50,2025-07-03T07:16:00Z,1,2025-06-21T09:42:00Z,200,456855,Jumbo 5831 Neede Zwaluwstraat (PowerGo),Zwaluwstraat 11,Neede,,7161GX,159,52.13323869,6.61147065,,,0,,29437,,,,,,765958.0,33.0,50.0,3.0,150.0,30.0,1.0,1,300.0,500.0,
53,True,2025-09-05T08:39:00Z,456464,D4161324-0D61-436F-A465-AD2A49F449D7,38,3632.0,4.0,,"[{'ID': 765954, 'ConnectionTypeID': 1036, 'Reference': '1', 'StatusTypeID': 50, 'LevelID': 2, 'Amps': 32, 'Voltage': 230, 'PowerKW': 12.7, 'CurrentTypeID': 20, 'Quantity': 1}, {'ID': 765955, 'ConnectionTypeID': 1036, 'Reference': '1', 'StatusTypeID': 50, 'LevelID': 2, 'Amps': 32, 'Voltage': 230, 'PowerKW': 12.7, 'CurrentTypeID': 20, 'Quantity': 1}]",,50,2025-09-05T08:39:00Z,1,2025-06-21T09:42:00Z,200,456853,Eibergen Gladiolenstraat (PowerGo),Gladiolenstraat 13,Eibergen,,7151 WB,159,52.09605185,6.64075786,,,0,,20371,,,,,,765954.0,1036.0,50.0,2.0,12.7,20.0,1.0,1,32.0,230.0,
54,True,2025-07-03T07:16:00Z,456463,DB23199C-2F8D-4CED-9C52-6E8D16E0436A,38,3632.0,4.0,,"[{'ID': 765928, 'ConnectionTypeID': 1036, 'Reference': '1', 'StatusTypeID': 50, 'LevelID': 2, 'Amps': 32, 'Voltage': 230, 'PowerKW': 12.7, 'CurrentTypeID': 20, 'Quantity': 1}, {'ID': 765929, 'ConnectionTypeID': 1036, 'Reference': '1', 'StatusTypeID': 50, 'LevelID': 2, 'Amps': 32, 'Voltage': 230, 'PowerKW': 12.7, 'CurrentTypeID': 20, 'Quantity': 1}, {'ID': 765930, 'ConnectionTypeID': 1036, 'Reference': '1', 'StatusTypeID': 50, 'LevelID': 2, 'Amps': 32, 'Voltage': 230, 'PowerKW': 12.7, 'CurrentTypeID': 20, 'Quantity': 1}, {'ID': 765931, 'ConnectionTypeID': 1036, 'Reference': '1', 'StatusTypeID': 50, 'LevelID': 2, 'Amps': 32, 'Voltage': 230, 'PowerKW': 12.7, 'CurrentTypeID': 20, 'Quantity': 1}, {'ID': 765932, 'ConnectionTypeID': 1036, 'Reference': '1', 'StatusTypeID': 50, 'LevelID': 2, 'Amps': 32, 'Voltage': 230, 'PowerKW': 12.7, 'CurrentTypeID': 20, 'Quantity': 1}, {'ID': 765933, 'ConnectionTypeID': 1036, 'Reference': '1', 'StatusTypeID': 50, 'LevelID': 2, 'Amps': 32, 'Voltage': 230, 'PowerKW': 12.7, 'CurrentTypeID': 20, 'Quantity': 1}, {'ID': 765934, 'ConnectionTypeID': 1036, 'Reference': '1', 'StatusTypeID': 50, 'LevelID': 2, 'Amps': 32, 'Voltage': 230, 'PowerKW': 12.7, 'CurrentTypeID': 20, 'Quantity': 1}, {'ID': 765935, 'ConnectionTypeID': 1036, 'Reference': '1', 'StatusTypeID': 50, 'LevelID': 2, 'Amps': 32, 'Voltage': 230, 'PowerKW': 12.7, 'CurrentTypeID': 20, 'Quantity': 1}, {'ID': 765936, 'ConnectionTypeID': 1036, 'Reference': '1', 'StatusTypeID': 50, 'LevelID': 2, 'Amps': 32, 'Voltage': 230, 'PowerKW': 12.7, 'CurrentTypeID': 20, 'Quantity': 1}, {'ID': 765937, 'ConnectionTypeID': 1036, 'Reference': '1', 'StatusTypeID': 50, 'LevelID': 2, 'Amps': 32, 'Voltage': 230, 'PowerKW': 12.7, 'CurrentTypeID': 20, 'Quantity': 1}, {'ID': 765938, 'ConnectionTypeID': 1036, 'Reference': '1', 'StatusTypeID': 50, 'LevelID': 2, 'Amps': 32, 'Voltage': 230, 'PowerKW': 12.7, 'CurrentTypeID': 20, 'Quantity': 1}, {'ID': 765939, 'ConnectionTypeID': 1036, 'Reference': '1', 'StatusTypeID': 50, 'LevelID': 2, 'Amps': 32, 'Voltage': 230, 'PowerKW': 12.7, 'CurrentTypeID': 20, 'Quantity': 1}, {'ID': 765940, 'ConnectionTypeID': 1036, 'Reference': '1', 'StatusTypeID': 50, 'LevelID': 2, 'Amps': 32, 'Voltage': 230, 'PowerKW': 12.7, 'CurrentTypeID': 20, 'Quantity': 1}, {'ID': 765941, 'ConnectionTypeID': 1036, 'Reference': '1', 'StatusTypeID': 50, 'LevelID': 2, 'Amps': 32, 'Voltage': 230, 'PowerKW': 12.7, 'CurrentTypeID': 20, 'Quantity': 1}, {'ID': 765942, 'ConnectionTypeID': 1036, 'Reference': '1', 'StatusTypeID': 50, 'LevelID': 2, 'Amps': 32, 'Voltage': 230, 'PowerKW': 12.7, 'CurrentTypeID': 20, 'Quantity': 1}, {'ID': 765943, 'ConnectionTypeID': 1036, 'Reference': '1', 'StatusTypeID': 50, 'LevelID': 2, 'Amps': 32, 'Voltage': 230, 'PowerKW': 12.7, 'CurrentTypeID': 20, 'Quantity': 1}, {'ID': 765944, 'ConnectionTypeID': 1036, 'Reference': '1', 'StatusTypeID': 50, 'LevelID': 2, 'Amps': 32, 'Voltage': 230, 'PowerKW': 12.7, 'CurrentTypeID': 20, 'Quantity': 1}, {'ID': 765945, 'ConnectionTypeID': 1036, 'Reference': '1', 'StatusTypeID': 50, 'LevelID': 2, 'Amps': 32, 'Voltage': 230, 'PowerKW': 12.7, 'CurrentTypeID': 20, 'Quantity': 1}, {'ID': 765946, 'ConnectionTypeID': 1036, 'Reference': '1', 'StatusTypeID': 50, 'LevelID': 2, 'Amps': 32, 'Voltage': 230, 'PowerKW': 12.7, 'CurrentTypeID': 20, 'Quantity': 1}, {'ID': 765947, 'ConnectionTypeID': 1036, 'Reference': '1', 'StatusTypeID': 50, 'LevelID': 2, 'Amps': 32, 'Voltage': 230, 'PowerKW': 12.7, 'CurrentTypeID': 20, 'Quantity': 1}, {'ID': 765948, 'ConnectionTypeID': 1036, 'Reference': '1', 'StatusTypeID': 50, 'LevelID': 2, 'Amps': 32, 'Voltage': 230, 'PowerKW': 12.7, 'CurrentTypeID': 20, 'Quantity': 1}, {'ID': 765949, 'ConnectionTypeID': 1036, 'Reference': '1', 'StatusTypeID': 50, 'LevelID': 2, 'Amps': 32, 'Voltage': 230, 'PowerKW': 12.7, 'CurrentTypeID': 20, 'Quantity': 1}, {'ID': 765950, 'ConnectionTypeID': 1036, 'Reference': '1', 'StatusTypeID': 50, 'LevelID': 2, 'Amps': 32, 'Voltage': 230, 'PowerKW': 12.7, 'CurrentTypeID': 20, 'Quantity': 1}, {'ID': 765951, 'ConnectionTypeID': 1036, 'Reference': '1', 'StatusTypeID': 50, 'LevelID': 2, 'Amps': 32, 'Voltage': 230, 'PowerKW': 12.7, 'CurrentTypeID': 20, 'Quantity': 1}, {'ID': 765952, 'ConnectionTypeID': 1036, 'Reference': '1', 'StatusTypeID': 50, 'LevelID': 2, 'Amps': 32, 'Voltage': 230, 'PowerKW': 12.7, 'CurrentTypeID': 20, 'Quantity': 1}, {'ID': 765953, 'ConnectionTypeID': 1036, 'Reference': '1', 'StatusTypeID': 50, 'LevelID': 2, 'Amps': 32, 'Voltage': 230, 'PowerKW': 12.7, 'CurrentTypeID': 20, 'Quantity': 1}]",,50,2025-07-03T07:16:00Z,1,2025-06-21T09:42:00Z,200,456852,PLUS Servicekantoor Archimedeslaan (PowerGo),Archimedeslaan 21,Utrecht,,3584 BA,159,52.09309119,5.15097513,,,0,,35190,,,,,,765928.0,1036.0,50.0,2.0,12.7,20.0,1.0,1,32.0,230.0,
55,True,2025-07-03T07:16:00Z,456457,CBD3D542-D1A8-48F5-BA79-110D0AAD590F,38,3632.0,4.0,,"[{'ID': 765890, 'ConnectionTypeID': 33, 'Reference': '1', 'StatusTypeID': 50, 'LevelID': 3, 'Amps': 180, 'Voltage': 500, 'PowerKW': 90, 'CurrentTypeID': 30, 'Quantity': 1}, {'ID': 765891, 'ConnectionTypeID': 33, 'Reference': '1', 'StatusTypeID': 50, 'LevelID': 3, 'Amps': 180, 'Voltage': 500, 'PowerKW': 90, 'CurrentTypeID': 30, 'Quantity': 1}]",,50,2025-07-03T07:16:00Z,1,2025-06-21T09:42:00Z,200,456846,Jumbo 3144 Nieuwegein Walnootgaarde (PowerGo),Walnootgaarde 4a,Nieuwegein,,3436JA,159,52.03651786,5.07164904,,,0,,15041,,,,,,765890.0,33.0,50.0,3.0,90.0,30.0,1.0,1,180.0,500.0,
56,True,2025-07-03T07:16:00Z,456454,E5ABEEAB-2C1C-4ADE-AB39-0D6975F4E8AC,38,3632.0,4.0,,"[{'ID': 765876, 'ConnectionTypeID': 33, 'Reference': '1', 'StatusTypeID': 50, 'LevelID': 3, 'Amps': 180, 'Voltage': 500, 'PowerKW': 90, 'CurrentTypeID': 30, 'Quantity': 1}, {'ID': 765877, 'ConnectionTypeID': 33, 'Reference': '1', 'StatusTypeID': 50, 'LevelID': 3, 'Amps': 180, 'Voltage': 500, 'PowerKW': 90, 'CurrentTypeID': 30, 'Quantity': 1}]",,50,2025-07-03T07:16:00Z,1,2025-06-21T09:42:00Z,200,456843,Jumbo 6344 Krimpen ad IJssel Korf (PowerGo),De Korf 8b,Krimpen aan den IJssel,,2924AH,159,51.92204016,4.61129587,,,0,,15054,,,,,,765876.0,33.0,50.0,3.0,90.0,30.0,1.0,1,180.0,500.0,
57,True,2025-07-03T07:16:00Z,456453,6F93E8D6-862A-411B-B02A-7947B7497DEE,38,3632.0,4.0,,"[{'ID': 765874, 'ConnectionTypeID': 33, 'Reference': '1', 'StatusTypeID': 50, 'LevelID': 3, 'Amps': 300, 'Voltage': 500, 'PowerKW': 150, 'CurrentTypeID': 30, 'Quantity': 1}, {'ID': 765875, 'ConnectionTypeID': 33, 'Reference': '1', 'StatusTypeID': 50, 'LevelID': 3, 'Amps': 300, 'Voltage': 500, 'PowerKW': 150, 'CurrentTypeID': 30, 'Quantity': 1}]",,50,2025-07-03T07:16:00Z,1,2025-06-21T09:42:00Z,200,456842,Jumbo 3753 Krimpen aan den IJssel De Olm (PowerGo),De Olm 8,Krimpen aan den IJssel,,2925CJ,159,51.91496089,4.61767398,,,0,,29436,,,,,,765874.0,33.0,50.0,3.0,150.0,30.0,1.0,1,300.0,500.0,
58,True,2025-07-03T07:16:00Z,456452,3BCB5224-3453-4F9F-A28D-179A4F77436D,38,3632.0,4.0,,"[{'ID': 765868, 'ConnectionTypeID': 1036, 'Reference': '1', 'StatusTypeID': 50, 'LevelID': 2, 'Amps': 32, 'Voltage': 230, 'PowerKW': 12.7, 'CurrentTypeID': 20, 'Quantity': 1}, {'ID': 765869, 'ConnectionTypeID': 1036, 'Reference': '1', 'StatusTypeID': 50, 'LevelID': 2, 'Amps': 32, 'Voltage': 230, 'PowerKW': 12.7, 'CurrentTypeID': 20, 'Quantity': 1}, {'ID': 765870, 'ConnectionTypeID': 1036, 'Reference': '1', 'StatusTypeID': 50, 'LevelID': 2, 'Amps': 32, 'Voltage': 230, 'PowerKW': 12.7, 'CurrentTypeID': 20, 'Quantity': 1}, {'ID': 765871, 'ConnectionTypeID': 1036, 'Reference': '1', 'StatusTypeID': 50, 'LevelID': 2, 'Amps': 32, 'Voltage': 230, 'PowerKW': 12.7, 'CurrentTypeID': 20, 'Quantity': 1}, {'ID': 765872, 'ConnectionTypeID': 1036, 'Reference': '1', 'StatusTypeID': 50, 'LevelID': 2, 'Amps': 32, 'Voltage': 230, 'PowerKW': 12.7, 'CurrentTypeID': 20, 'Quantity': 1}, {'ID': 765873, 'ConnectionTypeID': 1036, 'Reference': '1', 'StatusTypeID': 50, 'LevelID': 2, 'Amps': 32, 'Voltage': 230, 'PowerKW': 12.7, 'CurrentTypeID': 20, 'Quantity': 1}]",,50,2025-07-03T07:16:00Z,1,2025-06-21T09:42:00Z,200,456841,TopParken - Recreatiepark het Esmeer (PowerGo),Zaaiwaard 3,Aalst,,5308 JK,159,51.78465416,5.1133564,,,0,,27320,,,,,,765868.0,1036.0,50.0,2.0,12.7,20.0,1.0,1,32.0,230.0,
59,True,2025-07-03T07:16:00Z,456450,B2427192-1EEF-4DA3-A7CD-CA8164E08AFA,38,3632.0,4.0,,"[{'ID': 765862, 'ConnectionTypeID': 33, 'Reference': '1', 'StatusTypeID': 50, 'LevelID': 3, 'Amps': 180, 'Voltage': 500, 'PowerKW': 90, 'CurrentTypeID': 30, 'Quantity': 1}, {'ID': 765863, 'ConnectionTypeID': 33, 'Reference': '1', 'StatusTypeID': 50, 'LevelID': 3, 'Amps': 180, 'Voltage': 500, 'PowerKW': 90, 'CurrentTypeID': 30, 'Quantity': 1}]",,50,2025-07-03T07:16:00Z,1,2025-06-21T09:42:00Z,200,456839,Jumbo 6526 Cuijk Lavendel (PowerGo),Lavendel 382,Cuijk,,5432 DW,159,51.741583,5.85867573,,,0,,25845,,,,,,765862.0,33.0,50.0,3.0,90.0,30.0,1.0,1,180.0,500.0,
60,True,2025-07-03T07:16:00Z,456448,58F7D56A-2127-41E9-A57C-85D982E53C88,38,3632.0,4.0,,"[{'ID': 765858, 'ConnectionTypeID': 33, 'Reference': '1', 'StatusTypeID': 50, 'LevelID': 3, 'Amps': 60, 'Voltage': 500, 'PowerKW': 30, 'CurrentTypeID': 30, 'Quantity': 1}, {'ID': 765859, 'ConnectionTypeID': 33, 'Reference': '1', 'StatusTypeID': 50, 'LevelID': 3, 'Amps': 60, 'Voltage': 500, 'PowerKW': 30, 'CurrentTypeID': 30, 'Quantity': 1}]",,50,2025-07-03T07:16:00Z,1,2025-06-21T09:42:00Z,200,456837,Basic-Fit 1114 Den Bosch Vlijmenseweg (PowerGo),Oude Vlijmenseweg 186,'s-Hertogenbosch,,5223 GT,159,51.69568578,5.28633309,,,0,,29692,,,,,,765858.0,33.0,50.0,3.0,30.0,30.0,1.0,1,60.0,500.0,
61,True,2025-07-03T07:16:00Z,456447,FF25D1D3-D128-449B-8010-07E6005D38E3,38,3632.0,4.0,,"[{'ID': 765852, 'ConnectionTypeID': 1036, 'Reference': '1', 'StatusTypeID': 50, 'LevelID': 2, 'Amps': 32, 'Voltage': 230, 'PowerKW': 12.7, 'CurrentTypeID': 20, 'Quantity': 1}, {'ID': 765853, 'ConnectionTypeID': 1036, 'Reference': '1', 'StatusTypeID': 50, 'LevelID': 2, 'Amps': 32, 'Voltage': 230, 'PowerKW': 12.7, 'CurrentTypeID': 20, 'Quantity': 1}, {'ID': 765854, 'ConnectionTypeID': 1036, 'Reference': '1', 'StatusTypeID': 50, 'LevelID': 2, 'Amps': 32, 'Voltage': 230, 'PowerKW': 12.7, 'CurrentTypeID': 20, 'Quantity': 1}, {'ID': 765855, 'ConnectionTypeID': 1036, 'Reference': '1', 'StatusTypeID': 50, 'LevelID': 2, 'Amps': 32, 'Voltage': 230, 'PowerKW': 12.7, 'CurrentTypeID': 20, 'Quantity': 1}, {'ID': 765856, 'ConnectionTypeID': 1036, 'Reference': '1', 'StatusTypeID': 50, 'LevelID': 2, 'Amps': 32, 'Voltage': 230, 'PowerKW': 12.7, 'CurrentTypeID': 20, 'Quantity': 1}, {'ID': 765857, 'ConnectionTypeID': 1036, 'Reference': '1', 'StatusTypeID': 50, 'LevelID': 2, 'Amps': 32, 'Voltage': 230, 'PowerKW': 12.7, 'CurrentTypeID': 20, 'Quantity': 1}]",,50,2025-07-03T07:16:00Z,1,2025-06-21T09:42:00Z,200,456836,TopParken Residence De Leuvert Cromvoirt (PowerGo),Loverensestraat 11,Cromvoirt,,5266AM,159,51.65532526,5.2357943,,,0,,3977,,,,,,765852.0,1036.0,50.0,2.0,12.7,20.0,1.0,1,32.0,230.0,
62,True,2025-07-03T07:16:00Z,456446,A867E323-E897-4BF1-A7D5-9492D6BF5193,38,3632.0,4.0,,"[{'ID': 765850, 'ConnectionTypeID': 33, 'Reference': '1', 'StatusTypeID': 50, 'LevelID': 3, 'Amps': 60, 'Voltage': 500, 'PowerKW': 30, 'CurrentTypeID': 30, 'Quantity': 1}, {'ID': 765851, 'ConnectionTypeID': 33, 'Reference': '1', 'StatusTypeID': 50, 'LevelID': 3, 'Amps': 60, 'Voltage': 500, 'PowerKW': 30, 'CurrentTypeID': 30, 'Quantity': 1}]",,50,2025-07-03T07:16:00Z,1,2025-06-21T09:42:00Z,200,456835,HealthCity Vught (PowerGo),Kraaiengatweg 3,Vught,,5262 LK,159,51.6351189,5.2780108,,,0,,27351,,,,,,765850.0,33.0,50.0,3.0,30.0,30.0,1.0,1,60.0,500.0,
63,True,2025-07-03T07:16:00Z,456445,73BDA01D-E2CE-4CE0-8445-E2AAA24445CA,38,3632.0,4.0,,"[{'ID': 765848, 'ConnectionTypeID': 1036, 'Reference': '1', 'StatusTypeID': 50, 'LevelID': 2, 'Amps': 32, 'Voltage': 230, 'PowerKW': 12.7, 'CurrentTypeID': 20, 'Quantity': 1}, {'ID': 765849, 'ConnectionTypeID': 1036, 'Reference': '1', 'StatusTypeID': 50, 'LevelID': 2, 'Amps': 32, 'Voltage': 230, 'PowerKW': 12.7, 'CurrentTypeID': 20, 'Quantity': 1}]",,50,2025-07-03T07:16:00Z,1,2025-06-21T09:42:00Z,200,456834,Berkelseweg 36 Berkel-Enschot (PowerGo),Berkelseweg 36,Berkel-Enschot,,5056PN,159,51.5873,5.15914,,,0,,23618,,,,,,765848.0,1036.0,50.0,2.0,12.7,20.0,1.0,1,32.0,230.0,
64,True,2025-07-03T07:16:00Z,456444,5FE6079A-F9B1-4AA0-A78C-94239FC00B66,38,3632.0,4.0,,"[{'ID': 765846, 'ConnectionTypeID': 33, 'Reference': '1', 'StatusTypeID': 50, 'LevelID': 3, 'Amps': 60, 'Voltage': 500, 'PowerKW': 30, 'CurrentTypeID': 30, 'Quantity': 1}, {'ID': 765847, 'ConnectionTypeID': 33, 'Reference': '1', 'StatusTypeID': 50, 'LevelID': 3, 'Amps': 60, 'Voltage': 500, 'PowerKW': 30, 'CurrentTypeID': 30, 'Quantity': 1}]",,50,2025-07-03T07:16:00Z,1,2025-06-21T09:42:00Z,200,456833,Basic-Fit 1141 Etten-Leur (PowerGo),Vijfhuizenweg 15,Etten-Leur,,4871 EE,159,51.58281708,4.66196156,,,0,,43411,,,,,,765846.0,33.0,50.0,3.0,30.0,30.0,1.0,1,60.0,500.0,
65,True,2025-07-03T07:16:00Z,456443,E25C03F9-F195-406C-BAE3-9B8278D8E7D3,38,3632.0,4.0,,"[{'ID': 765843, 'ConnectionTypeID': 33, 'Reference': '1', 'StatusTypeID': 50, 'LevelID': 3, 'Amps': 60, 'Voltage': 500, 'PowerKW': 30, 'CurrentTypeID': 30, 'Quantity': 1}, {'ID': 765844, 'ConnectionTypeID': 33, 'Reference': '1', 'StatusTypeID': 50, 'LevelID': 3, 'Amps': 60, 'Voltage': 500, 'PowerKW': 30, 'CurrentTypeID': 30, 'Quantity': 1}, {'ID': 765845, 'ConnectionTypeID': 33, 'Reference': '1', 'StatusTypeID': 50, 'LevelID': 3, 'Amps': 60, 'Voltage': 500, 'PowerKW': 30, 'CurrentTypeID': 30, 'Quantity': 1}]",,50,2025-07-03T07:16:00Z,1,2025-06-21T09:42:00Z,200,456832,Basic-Fit 1188 Tilburg (PowerGo),Spaubeekstraat 89C,Tilburg,,5035 JV,159,51.58141506,4.9747064,,,0,,28154,,,,,,765843.0,33.0,50.0,3.0,30.0,30.0,1.0,1,60.0,500.0,
66,True,2025-07-03T07:16:00Z,456442,056915D9-5194-4AC8-8025-BA81BE5B1185,38,3632.0,4.0,,"[{'ID': 765840, 'ConnectionTypeID': 33, 'Reference': '1', 'StatusTypeID': 50, 'LevelID': 3, 'Amps': 60, 'Voltage': 500, 'PowerKW': 30, 'CurrentTypeID': 30, 'Quantity': 1}, {'ID': 765841, 'ConnectionTypeID': 33, 'Reference': '1', 'StatusTypeID': 50, 'LevelID': 3, 'Amps': 60, 'Voltage': 500, 'PowerKW': 30, 'CurrentTypeID': 30, 'Quantity': 1}, {'ID': 765842, 'ConnectionTypeID': 33, 'Reference': '1', 'StatusTypeID': 50, 'LevelID': 3, 'Amps': 60, 'Voltage': 500, 'PowerKW': 30, 'CurrentTypeID': 30, 'Quantity': 1}]",,50,2025-07-03T07:16:00Z,1,2025-06-21T09:42:00Z,200,456831,Basic-Fit 1085 Sint Oedenrode Bremhorst (PowerGo),Bremhorst 4,Sint-Oedenrode,,5491 LR,159,51.57879837,5.45240191,,,0,,23607,,,,,,765840.0,33.0,50.0,3.0,30.0,30.0,1.0,1,60.0,500.0,
67,True,2025-07-03T07:16:00Z,456441,38007E8C-C114-4596-B2A5-E2D94F9A15CE,38,3632.0,4.0,,"[{'ID': 765838, 'ConnectionTypeID': 1036, 'Reference': '1', 'StatusTypeID': 50, 'LevelID': 2, 'Amps': 32, 'Voltage': 230, 'PowerKW': 12.7, 'CurrentTypeID': 20, 'Quantity': 1}, {'ID': 765839, 'ConnectionTypeID': 1036, 'Reference': '1', 'StatusTypeID': 50, 'LevelID': 2, 'Amps': 32, 'Voltage': 230, 'PowerKW': 12.7, 'CurrentTypeID': 20, 'Quantity': 1}]",,50,2025-07-03T07:16:00Z,1,2025-06-21T09:42:00Z,200,456830,Lepelkruidhof 27 Tilburg (PowerGo),Lepelkruidhof 27,Tilburg,,5044 GD,159,51.57698059,5.03402472,,,0,,30740,,,,,,765838.0,1036.0,50.0,2.0,12.7,20.0,1.0,1,32.0,230.0,
68,True,2025-07-03T07:16:00Z,456440,FFA906DF-B056-47EF-BA3E-0929E9DE9557,38,3632.0,4.0,,"[{'ID': 765836, 'ConnectionTypeID': 1036, 'Reference': '1', 'StatusTypeID': 50, 'LevelID': 2, 'Amps': 32, 'Voltage': 230, 'PowerKW': 12.7, 'CurrentTypeID': 20, 'Quantity': 1}, {'ID': 765837, 'ConnectionTypeID': 1036, 'Reference': '1', 'StatusTypeID': 50, 'LevelID': 2, 'Amps': 32, 'Voltage': 230, 'PowerKW': 12.7, 'CurrentTypeID': 20, 'Quantity': 1}]",,50,2025-07-03T07:16:00Z,1,2025-06-21T09:42:00Z,200,456829,Olststraat 2 Tilburg (PowerGo),Olststraat 2,Tilburg,,5045 TV,159,51.5761324,4.9909987,,,0,,30742,,,,,,765836.0,1036.0,50.0,2.0,12.7,20.0,1.0,1,32.0,230.0,
69,True,2025-07-03T07:16:00Z,456439,42D8D2EA-B4B8-4260-ACC2-7D975095668B,38,3632.0,4.0,,"[{'ID': 765834, 'ConnectionTypeID': 33, 'Reference': '1', 'StatusTypeID': 50, 'LevelID': 3, 'Amps': 60, 'Voltage': 500, 'PowerKW': 30, 'CurrentTypeID': 30, 'Quantity': 1}, {'ID': 765835, 'ConnectionTypeID': 33, 'Reference': '1', 'StatusTypeID': 50, 'LevelID': 3, 'Amps': 60, 'Voltage': 500, 'PowerKW': 30, 'CurrentTypeID': 30, 'Quantity': 1}]",,50,2025-07-03T07:16:00Z,1,2025-06-21T09:42:00Z,200,456828,Basic-Fit 1132 Tilburg Artemisstraat (PowerGo),Artemisstraat 6,Tilburg,,5042 XA,159,51.57386363,5.05206958,,,0,,23611,,,,,,765834.0,33.0,50.0,3.0,30.0,30.0,1.0,1,60.0,500.0,
70,True,2025-07-03T07:16:00Z,456438,886D24E5-3BBD-404C-B400-4A737D709FCE,38,3632.0,4.0,,"[{'ID': 765832, 'ConnectionTypeID': 33, 'Reference': '1', 'StatusTypeID': 50, 'LevelID': 3, 'Amps': 60, 'Voltage': 500, 'PowerKW': 30, 'CurrentTypeID': 30, 'Quantity': 1}, {'ID': 765833, 'ConnectionTypeID': 33, 'Reference': '1', 'StatusTypeID': 50, 'LevelID': 3, 'Amps': 60, 'Voltage': 500, 'PowerKW': 30, 'CurrentTypeID': 30, 'Quantity': 1}]",,50,2025-07-03T07:16:00Z,1,2025-06-21T09:42:00Z,200,456827,HealthCity Oisterwijk (PowerGo),Moergestelseweg 36,Oisterwijk,,5062 JW,159,51.57334909,5.18202902,,,0,,27966,,,,,,765832.0,33.0,50.0,3.0,30.0,30.0,1.0,1,60.0,500.0,
71,True,2025-07-03T07:16:00Z,456437,A70F6D20-345D-4FEB-92AE-18F3F6F63556,38,3632.0,4.0,,"[{'ID': 765830, 'ConnectionTypeID': 1036, 'Reference': '1', 'StatusTypeID': 0, 'LevelID': 2, 'Amps': 32, 'Voltage': 230, 'PowerKW': 12.7, 'CurrentTypeID': 20, 'Quantity': 1}, {'ID': 765831, 'ConnectionTypeID': 1036, 'Reference': '1', 'StatusTypeID': 0, 'LevelID': 2, 'Amps': 32, 'Voltage': 230, 'PowerKW': 12.7, 'CurrentTypeID': 20, 'Quantity': 1}]",,0,2025-07-03T07:16:00Z,1,2025-06-21T09:42:00Z,200,456826,Vriezenveenstraat 155 Tilburg (PowerGo),Vriezenveenstraat 155,Tilburg,,5036 VH,159,51.5711832,4.9714785,,,0,,30743,,,,,,765830.0,1036.0,0.0,2.0,12.7,20.0,1.0,1,32.0,230.0,
72,True,2025-09-05T08:39:00Z,456436,57FB181E-3F7F-4D9C-AE6C-8DCFED0BB5AB,38,3632.0,4.0,,"[{'ID': 765828, 'ConnectionTypeID': 33, 'Reference': '1', 'StatusTypeID': 50, 'LevelID': 3, 'Amps': 180, 'Voltage': 500, 'PowerKW': 90, 'CurrentTypeID': 30, 'Quantity': 1}, {'ID': 765829, 'ConnectionTypeID': 33, 'Reference': '1', 'StatusTypeID': 50, 'LevelID': 3, 'Amps': 180, 'Voltage': 500, 'PowerKW': 90, 'CurrentTypeID': 30, 'Quantity': 1}]",,50,2025-09-05T08:39:00Z,1,2025-06-21T09:42:00Z,200,456825,Jumbo 4860 Gemert P. Poellplein (PowerGo),Pastoor Poellplein 9,Gemert,,5421PL,159,51.56147766,5.6856513,,,0,,15051,,,,,,765828.0,33.0,50.0,3.0,90.0,30.0,1.0,1,180.0,500.0,
73,True,2025-07-03T07:16:00Z,456435,E47CFBA5-6D12-4755-B576-2AAA0A706B21,38,3632.0,4.0,,"[{'ID': 765825, 'ConnectionTypeID': 33, 'Reference': '1', 'StatusTypeID': 50, 'LevelID': 3, 'Amps': 60, 'Voltage': 500, 'PowerKW': 30, 'CurrentTypeID': 30, 'Quantity': 1}, {'ID': 765826, 'ConnectionTypeID': 33, 'Reference': '1', 'StatusTypeID': 50, 'LevelID': 3, 'Amps': 60, 'Voltage': 500, 'PowerKW': 30, 'CurrentTypeID': 30, 'Quantity': 1}, {'ID': 765827, 'ConnectionTypeID': 33, 'Reference': '1', 'StatusTypeID': 50, 'LevelID': 3, 'Amps': 60, 'Voltage': 500, 'PowerKW': 30, 'CurrentTypeID': 30, 'Quantity': 1}]",,50,2025-07-03T07:16:00Z,1,2025-06-21T09:42:00Z,200,456824,HyTEPS (PowerGo),Elisabethplaats 30,Gemert,,5421 LC,159,51.5567732,5.680948,,,0,,7676,,,,,,765825.0,33.0,50.0,3.0,30.0,30.0,1.0,1,60.0,500.0,
74,True,2025-07-03T07:16:00Z,456434,A2BF6E8F-631C-4380-A189-D91DD152D9DD,38,3632.0,4.0,,"[{'ID': 765823, 'ConnectionTypeID': 1036, 'Reference': '1', 'StatusTypeID': 50, 'LevelID': 2, 'Amps': 32, 'Voltage': 230, 'PowerKW': 12.7, 'CurrentTypeID': 20, 'Quantity': 1}, {'ID': 765824, 'ConnectionTypeID': 1036, 'Reference': '1', 'StatusTypeID': 50, 'LevelID': 2, 'Amps': 32, 'Voltage': 230, 'PowerKW': 12.7, 'CurrentTypeID': 20, 'Quantity': 1}]",,50,2025-07-03T07:16:00Z,1,2025-06-21T09:42:00Z,200,456823,Sint Sebastiaanstraat 20 Tilburg (PowerGo),Sint Sebastiaanstraat 20,Tilburg,,5017 AW,159,51.552476,5.0914393,,,0,,30744,,,,,,765823.0,1036.0,50.0,2.0,12.7,20.0,1.0,1,32.0,230.0,
75,True,2025-07-03T07:16:00Z,456433,873B9E4D-754C-4C69-8E7C-CE4D6FF369AD,38,3632.0,4.0,,"[{'ID': 765819, 'ConnectionTypeID': 1036, 'Reference': '1', 'StatusTypeID': 50, 'LevelID': 2, 'Amps': 32, 'Voltage': 230, 'PowerKW': 12.7, 'CurrentTypeID': 20, 'Quantity': 1}, {'ID': 765820, 'ConnectionTypeID': 1036, 'Reference': '1', 'StatusTypeID': 50, 'LevelID': 2, 'Amps': 32, 'Voltage': 230, 'PowerKW': 12.7, 'CurrentTypeID': 20, 'Quantity': 1}, {'ID': 765821, 'ConnectionTypeID': 1036, 'Reference': '1', 'StatusTypeID': 50, 'LevelID': 2, 'Amps': 32, 'Voltage': 230, 'PowerKW': 12.7, 'CurrentTypeID': 20, 'Quantity': 1}, {'ID': 765822, 'ConnectionTypeID': 1036, 'Reference': '1', 'StatusTypeID': 50, 'LevelID': 2, 'Amps': 32, 'Voltage': 230, 'PowerKW': 12.7, 'CurrentTypeID': 20, 'Quantity': 1}]",,50,2025-07-03T07:16:00Z,1,2025-06-21T09:42:00Z,200,456822,Pieter Brinkmanstraat 12 Tilburg (PowerGo),Pieter Brinkmanstraat 12,Tilburg,,5025 VN,159,51.5493304,5.0601278,,,0,,30741,,,,,,765819.0,1036.0,50.0,2.0,12.7,20.0,1.0,1,32.0,230.0,
76,True,2025-07-03T07:16:00Z,456432,9762AA8A-78CA-409B-9FCF-B21DBA9CAEDC,38,3632.0,4.0,,"[{'ID': 765817, 'ConnectionTypeID': 1036, 'Reference': '1', 'StatusTypeID': 50, 'LevelID': 2, 'Amps': 32, 'Voltage': 230, 'PowerKW': 12.7, 'CurrentTypeID': 20, 'Quantity': 1}, {'ID': 765818, 'ConnectionTypeID': 1036, 'Reference': '1', 'StatusTypeID': 50, 'LevelID': 2, 'Amps': 32, 'Voltage': 230, 'PowerKW': 12.7, 'CurrentTypeID': 20, 'Quantity': 1}]",,50,2025-07-03T07:16:00Z,1,2025-06-21T09:42:00Z,200,456821,Van Grobbendonckstraat 32 Tilburg (PowerGo),Van Grobbendonckstraat 32,Tilburg,,5021 GP,159,51.54808044,5.09055567,,,0,,30745,,,,,,765817.0,1036.0,50.0,2.0,12.7,20.0,1.0,1,32.0,230.0,
77,True,2025-07-03T07:16:00Z,456431,45A1EC1C-B475-451F-A6F3-462FF42DB88E,38,3632.0,4.0,,"[{'ID': 765815, 'ConnectionTypeID': 33, 'Reference': '1', 'StatusTypeID': 50, 'LevelID': 3, 'Amps': 180, 'Voltage': 500, 'PowerKW': 90, 'CurrentTypeID': 30, 'Quantity': 1}, {'ID': 765816, 'ConnectionTypeID': 33, 'Reference': '1', 'StatusTypeID': 50, 'LevelID': 3, 'Amps': 180, 'Voltage': 500, 'PowerKW': 90, 'CurrentTypeID': 30, 'Quantity': 1}]",,50,2025-07-03T07:16:00Z,1,2025-06-21T09:42:00Z,200,456820,Jumbo 5128 St. Willebrord Kievitstraat (PowerGo),Kievitstraat 17,Sint Willebrord,,4711KH,159,51.54584487,4.58957014,,,0,,17725,,,,,,765815.0,33.0,50.0,3.0,90.0,30.0,1.0,1,180.0,500.0,
78,True,2025-07-03T07:16:00Z,456430,CDCF1423-4F8E-45C9-BE97-557793E3C9F1,38,3632.0,4.0,,"[{'ID': 765813, 'ConnectionTypeID': 1036, 'Reference': '1', 'StatusTypeID': 0, 'LevelID': 2, 'Amps': 32, 'Voltage': 230, 'PowerKW': 12.7, 'CurrentTypeID': 20, 'Quantity': 1}, {'ID': 765814, 'ConnectionTypeID': 1036, 'Reference': '1', 'StatusTypeID': 0, 'LevelID': 2, 'Amps': 32, 'Voltage': 230, 'PowerKW': 12.7, 'CurrentTypeID': 20, 'Quantity': 1}]",,0,2025-07-03T07:16:00Z,1,2025-06-21T09:42:00Z,200,456819,Jeker 59 Tilburg  (PowerGo),Jeker 59,Tilburg,,5032 AX,159,51.54517,5.0430913,,,0,,30739,,,,,,765813.0,1036.0,0.0,2.0,12.7,20.0,1.0,1,32.0,230.0,
79,True,2025-07-03T07:16:00Z,456428,7231B976-86D3-446D-ACFD-0A60392CF291,38,3632.0,4.0,,"[{'ID': 765789, 'ConnectionTypeID': 1036, 'Reference': '1', 'StatusTypeID': 50, 'LevelID': 2, 'Amps': 32, 'Voltage': 230, 'PowerKW': 12.7, 'CurrentTypeID': 20, 'Quantity': 1}, {'ID': 765790, 'ConnectionTypeID': 1036, 'Reference': '1', 'StatusTypeID': 50, 'LevelID': 2, 'Amps': 32, 'Voltage': 230, 'PowerKW': 12.7, 'CurrentTypeID': 20, 'Quantity': 1}, {'ID': 765791, 'ConnectionTypeID': 1036, 'Reference': '1', 'StatusTypeID': 50, 'LevelID': 2, 'Amps': 32, 'Voltage': 230, 'PowerKW': 12.7, 'CurrentTypeID': 20, 'Quantity': 1}, {'ID': 765792, 'ConnectionTypeID': 1036, 'Reference': '1', 'StatusTypeID': 50, 'LevelID': 2, 'Amps': 32, 'Voltage': 230, 'PowerKW': 12.7, 'CurrentTypeID': 20, 'Quantity': 1}, {'ID': 765793, 'ConnectionTypeID': 1036, 'Reference': '1', 'StatusTypeID': 50, 'LevelID': 2, 'Amps': 32, 'Voltage': 230, 'PowerKW': 12.7, 'CurrentTypeID': 20, 'Quantity': 1}, {'ID': 765794, 'ConnectionTypeID': 1036, 'Reference': '1', 'StatusTypeID': 50, 'LevelID': 2, 'Amps': 32, 'Voltage': 230, 'PowerKW': 12.7, 'CurrentTypeID': 20, 'Quantity': 1}]",,50,2025-07-03T07:16:00Z,1,2025-06-21T09:42:00Z,200,456817,Aces Direct (PowerGo),Rosa Castellanosstraat 1,Tilburg,,5032 MG,159,51.53625929,5.044888,,,0,,28215,,,,,,765789.0,1036.0,50.0,2.0,12.7,20.0,1.0,1,32.0,230.0,
80,True,2025-07-03T07:16:00Z,456427,DC5E8E68-048E-4162-A587-1416FEDEE289,38,3632.0,4.0,,"[{'ID': 765787, 'ConnectionTypeID': 33, 'Reference': '1', 'StatusTypeID': 50, 'LevelID': 3, 'Amps': 180, 'Voltage': 500, 'PowerKW': 90, 'CurrentTypeID': 30, 'Quantity': 1}, {'ID': 765788, 'ConnectionTypeID': 33, 'Reference': '1', 'StatusTypeID': 50, 'LevelID': 3, 'Amps': 180, 'Voltage': 500, 'PowerKW': 90, 'CurrentTypeID': 30, 'Quantity': 1}]",,50,2025-07-03T07:16:00Z,1,2025-06-21T09:42:00Z,200,456816,First Impression (PowerGo),Maidstone 24,Tilburg,,5026SK,159,51.53163775,5.04596429,,,0,,14263,,,,,,765787.0,33.0,50.0,3.0,90.0,30.0,1.0,1,180.0,500.0,
81,True,2025-07-03T07:16:00Z,456426,66DDA8A2-F27D-4FBC-A511-1D7129144019,38,3632.0,4.0,,"[{'ID': 765785, 'ConnectionTypeID': 33, 'Reference': '1', 'StatusTypeID': 50, 'LevelID': 3, 'Amps': 60, 'Voltage': 500, 'PowerKW': 30, 'CurrentTypeID': 30, 'Quantity': 1}, {'ID': 765786, 'ConnectionTypeID': 33, 'Reference': '1', 'StatusTypeID': 50, 'LevelID': 3, 'Amps': 60, 'Voltage': 500, 'PowerKW': 30, 'CurrentTypeID': 30, 'Quantity': 1}]",,50,2025-07-03T07:16:00Z,1,2025-06-21T09:42:00Z,200,456815,Hilvaria Studio's (PowerGo),Goirlesedijk 12b,Tilburg,,5081ND,159,51.509626,5.107387,,,0,,12191,,,,,,765785.0,33.0,50.0,3.0,30.0,30.0,1.0,1,60.0,500.0,
82,True,2025-07-03T07:16:00Z,456425,6CC69F2E-0A96-4EE5-AAD6-1ABAC97A84F0,38,3632.0,4.0,,"[{'ID': 765783, 'ConnectionTypeID': 33, 'Reference': '1', 'StatusTypeID': 50, 'LevelID': 3, 'Amps': 60, 'Voltage': 500, 'PowerKW': 30, 'CurrentTypeID': 30, 'Quantity': 1}, {'ID': 765784, 'ConnectionTypeID': 33, 'Reference': '1', 'StatusTypeID': 50, 'LevelID': 3, 'Amps': 60, 'Voltage': 500, 'PowerKW': 30, 'CurrentTypeID': 30, 'Quantity': 1}]",,50,2025-07-03T07:16:00Z,1,2025-06-21T09:42:00Z,200,456814,Basic-Fit 1208 Goes Klein Frankrijk (PowerGo),Klein Frankrijk 11,Goes,,4461ZN,159,51.50654292,3.87841044,,,0,,29860,,,,,,765783.0,33.0,50.0,3.0,30.0,30.0,1.0,1,60.0,500.0,
83,True,2025-07-03T07:16:00Z,456424,2571F9B5-84A2-4BA5-95EA-23A7638627B9,38,3632.0,4.0,,"[{'ID': 765781, 'ConnectionTypeID': 33, 'Reference': '1', 'StatusTypeID': 50, 'LevelID': 3, 'Amps': 60, 'Voltage': 500, 'PowerKW': 30, 'CurrentTypeID': 30, 'Quantity': 1}, {'ID': 765782, 'ConnectionTypeID': 33, 'Reference': '1', 'StatusTypeID': 50, 'LevelID': 3, 'Amps': 60, 'Voltage': 500, 'PowerKW': 30, 'CurrentTypeID': 30, 'Quantity': 1}]",,50,2025-07-03T07:16:00Z,1,2025-06-21T09:42:00Z,200,456813,Basic-Fit 1089 Bergen op Zoom (PowerGo),Bastionweg 30,Bergen op Zoom,,4614 RM,159,51.50542831,4.30562353,,,0,,43412,,,,,,765781.0,33.0,50.0,3.0,30.0,30.0,1.0,1,60.0,500.0,
84,True,2025-09-05T08:39:00Z,456423,E58D3521-5607-47C2-8950-59562A5572A6,38,3632.0,4.0,,"[{'ID': 765779, 'ConnectionTypeID': 33, 'Reference': '1', 'StatusTypeID': 50, 'LevelID': 3, 'Amps': 180, 'Voltage': 500, 'PowerKW': 90, 'CurrentTypeID': 30, 'Quantity': 1}, {'ID': 765780, 'ConnectionTypeID': 33, 'Reference': '1', 'StatusTypeID': 0, 'LevelID': 3, 'Amps': 180, 'Voltage': 500, 'PowerKW': 90, 'CurrentTypeID': 30, 'Quantity': 1}]",,50,2025-09-05T08:39:00Z,1,2025-06-21T09:42:00Z,200,456812,Jumbo 3179 Oirschot WC De Poort (PowerGo),Harnasweg 3,Oirschot,,5688EA,159,51.50456619,5.31408119,,,0,,19184,,,,,,765779.0,33.0,50.0,3.0,90.0,30.0,1.0,1,180.0,500.0,
85,True,2025-07-03T07:16:00Z,456422,889BABDE-48E4-40A3-BE17-28F9574469CF,38,3632.0,4.0,,"[{'ID': 765777, 'ConnectionTypeID': 33, 'Reference': '1', 'StatusTypeID': 50, 'LevelID': 3, 'Amps': 60, 'Voltage': 500, 'PowerKW': 30, 'CurrentTypeID': 30, 'Quantity': 1}, {'ID': 765778, 'ConnectionTypeID': 33, 'Reference': '1', 'StatusTypeID': 50, 'LevelID': 3, 'Amps': 60, 'Voltage': 500, 'PowerKW': 30, 'CurrentTypeID': 30, 'Quantity': 1}]",,50,2025-07-03T07:16:00Z,1,2025-06-21T09:42:00Z,200,456811,Basic-Fit 1097 Goes v.d. Spiegelstraat (PowerGo),v.d. Spiegelstraat 82-94,Goes,,4461 LN,159,51.49921726,3.89650163,,,0,,29859,,,,,,765777.0,33.0,50.0,3.0,30.0,30.0,1.0,1,60.0,500.0,
86,True,2025-07-03T07:16:00Z,456420,4756B5DC-137F-4A50-87C3-2F8C6B37806B,38,3632.0,4.0,,"[{'ID': 765771, 'ConnectionTypeID': 33, 'Reference': '1', 'StatusTypeID': 50, 'LevelID': 3, 'Amps': 180, 'Voltage': 500, 'PowerKW': 90, 'CurrentTypeID': 30, 'Quantity': 1}, {'ID': 765772, 'ConnectionTypeID': 33, 'Reference': '1', 'StatusTypeID': 50, 'LevelID': 3, 'Amps': 180, 'Voltage': 500, 'PowerKW': 90, 'CurrentTypeID': 30, 'Quantity': 1}]",,50,2025-07-03T07:16:00Z,1,2025-06-21T09:42:00Z,200,456809,Jumbo 5085 Heinkenszand Stenevate (PowerGo),Stenevate 2,Heinkenszand,,4451 KB,159,51.4719907,3.81996619,,,0,,20154,,,,,,765771.0,33.0,50.0,3.0,90.0,30.0,1.0,1,180.0,500.0,
87,True,2025-07-03T07:16:00Z,456419,2F91D23C-41BB-4043-BA1D-393B1B66C88A,38,3632.0,4.0,,"[{'ID': 765769, 'ConnectionTypeID': 33, 'Reference': '1', 'StatusTypeID': 0, 'LevelID': 3, 'Amps': 300, 'Voltage': 500, 'PowerKW': 150, 'CurrentTypeID': 30, 'Quantity': 1}, {'ID': 765770, 'ConnectionTypeID': 33, 'Reference': '1', 'StatusTypeID': 0, 'LevelID': 3, 'Amps': 300, 'Voltage': 500, 'PowerKW': 150, 'CurrentTypeID': 30, 'Quantity': 1}]",,0,2025-07-03T07:16:00Z,1,2025-06-21T09:42:00Z,200,456808,Jumbo 4854 Deurne Schelde (PowerGo),Schelde 40,Deurne,,5751VH,159,51.4561578,5.8041168,,,0,,15050,,,,,,765769.0,33.0,0.0,3.0,150.0,30.0,1.0,1,300.0,500.0,
88,True,2025-07-03T07:16:00Z,456418,3E73D59E-B23B-44EF-93B9-E0239DABB8F0,38,3632.0,4.0,,"[{'ID': 765766, 'ConnectionTypeID': 33, 'Reference': '1', 'StatusTypeID': 50, 'LevelID': 3, 'Amps': 60, 'Voltage': 500, 'PowerKW': 30, 'CurrentTypeID': 30, 'Quantity': 1}, {'ID': 765767, 'ConnectionTypeID': 33, 'Reference': '1', 'StatusTypeID': 50, 'LevelID': 3, 'Amps': 60, 'Voltage': 500, 'PowerKW': 30, 'CurrentTypeID': 30, 'Quantity': 1}, {'ID': 765768, 'ConnectionTypeID': 33, 'Reference': '1', 'StatusTypeID': 50, 'LevelID': 3, 'Amps': 60, 'Voltage': 500, 'PowerKW': 30, 'CurrentTypeID': 30, 'Quantity': 1}]",,50,2025-07-03T07:16:00Z,1,2025-06-21T09:42:00Z,200,456807,Basic-Fit 1203 Deurne Fabriekstraat (PowerGo),Fabriekstraat 24,Deurne,,5753 AH,159,51.4544679,5.79286247,,,0,,25325,,,,,,765766.0,33.0,50.0,3.0,30.0,30.0,1.0,1,60.0,500.0,
89,True,2025-07-03T07:16:00Z,456417,F42B07F5-B43E-4239-BA5E-B8D23DFD9A9E,38,3632.0,4.0,,"[{'ID': 765763, 'ConnectionTypeID': 33, 'Reference': '1', 'StatusTypeID': 50, 'LevelID': 3, 'Amps': 60, 'Voltage': 500, 'PowerKW': 30, 'CurrentTypeID': 30, 'Quantity': 1}, {'ID': 765764, 'ConnectionTypeID': 33, 'Reference': '1', 'StatusTypeID': 50, 'LevelID': 3, 'Amps': 60, 'Voltage': 500, 'PowerKW': 30, 'CurrentTypeID': 30, 'Quantity': 1}, {'ID': 765765, 'ConnectionTypeID': 33, 'Reference': '1', 'StatusTypeID': 50, 'LevelID': 3, 'Amps': 60, 'Voltage': 500, 'PowerKW': 30, 'CurrentTypeID': 30, 'Quantity': 1}]",,50,2025-07-03T07:16:00Z,1,2025-06-21T09:42:00Z,200,456806,Basic-Fit 1166 Eindhoven Limburglaan (PowerGo),Limburglaan 36,Eindhoven,,5652 AA,159,51.43222478,5.45239931,,,0,,23615,,,,,,765763.0,33.0,50.0,3.0,30.0,30.0,1.0,1,60.0,500.0,
90,True,2025-07-03T07:16:00Z,456416,04A30A2F-74B7-4741-8A9D-FFA7A18443C5,38,3632.0,4.0,,"[{'ID': 765761, 'ConnectionTypeID': 33, 'Reference': '1', 'StatusTypeID': 50, 'LevelID': 3, 'Amps': 100, 'Voltage': 500, 'PowerKW': 50, 'CurrentTypeID': 30, 'Quantity': 1}, {'ID': 765762, 'ConnectionTypeID': 33, 'Reference': '1', 'StatusTypeID': 50, 'LevelID': 3, 'Amps': 100, 'Voltage': 500, 'PowerKW': 50, 'CurrentTypeID': 30, 'Quantity': 1}]",,50,2025-07-03T07:16:00Z,1,2025-06-21T09:42:00Z,200,456805,Jumbo 3833 Hoogerheide Raadhuisstraat (PowerGo),Raadhuisstraat 87,Hoogerheide,,4631 NC,159,51.42529139,4.32361667,,,0,,29296,,,,,,765761.0,33.0,50.0,3.0,50.0,30.0,1.0,1,100.0,500.0,
91,True,2025-07-03T07:16:00Z,456413,238C218E-A717-4982-BA39-2ABFC2E65CCC,38,3632.0,4.0,,"[{'ID': 765754, 'ConnectionTypeID': 33, 'Reference': '1', 'StatusTypeID': 50, 'LevelID': 3, 'Amps': 180, 'Voltage': 500, 'PowerKW': 90, 'CurrentTypeID': 30, 'Quantity': 1}, {'ID': 765755, 'ConnectionTypeID': 33, 'Reference': '1', 'StatusTypeID': 50, 'LevelID': 3, 'Amps': 180, 'Voltage': 500, 'PowerKW': 90, 'CurrentTypeID': 30, 'Quantity': 1}]",,50,2025-07-03T07:16:00Z,1,2025-06-21T09:42:00Z,200,456802,Jumbo 3193 Aardenburg Peurssenstraat (PowerGo),Peurssensstraat 21,Aardenburg,,4527BK,159,51.275006,3.4446015,,,0,,19070,,,,,,765754.0,33.0,50.0,3.0,90.0,30.0,1.0,1,180.0,500.0,
92,True,2025-07-03T07:16:00Z,456406,C53A1849-A51B-42E7-A356-9F20F0024BB2,38,3632.0,4.0,,"[{'ID': 765737, 'ConnectionTypeID': 33, 'Reference': '1', 'StatusTypeID': 50, 'LevelID': 3, 'Amps': 60, 'Voltage': 500, 'PowerKW': 30, 'CurrentTypeID': 30, 'Quantity': 1}, {'ID': 765738, 'ConnectionTypeID': 33, 'Reference': '1', 'StatusTypeID': 50, 'LevelID': 3, 'Amps': 60, 'Voltage': 500, 'PowerKW': 30, 'CurrentTypeID': 30, 'Quantity': 1}]",,50,2025-07-03T07:16:00Z,1,2025-06-21T09:42:00Z,200,456795,Basic-Fit 1098 Sittard Limbrichterweg (PowerGo),Limbrichterweg 78,Sittard,,6135 GJ,159,51.00709398,5.84627541,,,0,,23609,,,,,,765737.0,33.0,50.0,3.0,30.0,30.0,1.0,1,60.0,500.0,
93,True,2025-07-03T07:16:00Z,456404,29312918-59E6-40A0-8B8D-F62088D46F03,38,3632.0,4.0,,"[{'ID': 765729, 'ConnectionTypeID': 33, 'Reference': '1', 'StatusTypeID': 50, 'LevelID': 3, 'Amps': 60, 'Voltage': 500, 'PowerKW': 30, 'CurrentTypeID': 30, 'Quantity': 1}, {'ID': 765730, 'ConnectionTypeID': 33, 'Reference': '1', 'StatusTypeID': 50, 'LevelID': 3, 'Amps': 60, 'Voltage': 500, 'PowerKW': 30, 'CurrentTypeID': 30, 'Quantity': 1}, {'ID': 765731, 'ConnectionTypeID': 33, 'Reference': '1', 'StatusTypeID': 50, 'LevelID': 3, 'Amps': 60, 'Voltage': 500, 'PowerKW': 30, 'CurrentTypeID': 30, 'Quantity': 1}]",,50,2025-07-03T07:16:00Z,1,2025-06-21T09:42:00Z,200,456793,Basic-Fit 1133 Brunssum Haefland (PowerGo),Haefland 2,Brunssum,,6441 PA,159,50.95854906,5.97302754,,,0,,25324,,,,,,765729.0,33.0,50.0,3.0,30.0,30.0,1.0,1,60.0,500.0,
94,True,2025-06-12T19:14:00Z,313477,F9126BCC-A961-4753-9B9D-0CA06AB689C6,1,3387.0,4.0,,"[{'ID': 603716, 'ConnectionTypeID': 25, 'StatusTypeID': 50, 'LevelID': 2, 'PowerKW': 11, 'Quantity': 2}]",2.0,50,2025-06-12T19:14:00Z,1,2025-06-09T19:10:00Z,200,313866,Last Mile Solutions,Jacques Presserhof 26,Rotterdam ,,,159,51.94786572729845,4.456203233765791,,,0,,,,,,,,603716.0,25.0,50.0,2.0,11.0,,2.0,,,,
95,True,2025-06-11T14:01:00Z,313370,C694A546-94FF-4F01-B05D-F9C19B106699,1,1.0,4.0,,"[{'ID': 603524, 'ConnectionTypeID': 25, 'Reference': 'lastmilesolutions', 'StatusTypeID': 50, 'LevelID': 2, 'PowerKW': 11, 'CurrentTypeID': 20, 'Quantity': 2}]",2.0,50,2025-06-11T14:01:00Z,1,2025-06-08T10:30:00Z,200,313759,EQUANS-oplaadstation,Isaäc Da Costastraat 185,Hellevoetsluis,Nederland,3221 TD,159,51.83373661602042,4.135614396999242,,,0,,,,,,,,603524.0,25.0,50.0,2.0,11.0,20.0,2.0,lastmilesolutions,,,
96,True,2025-06-10T13:14:00Z,313350,B8AB818C-B71C-42B8-80BD-1774C6522F84,1,1.0,6.0,Free,"[{'ID': 603484, 'ConnectionTypeID': 28, 'StatusTypeID': 50, 'Quantity': 8}]",8.0,50,2025-06-10T13:14:00Z,1,2025-06-07T13:10:00Z,200,313739,Lumen,Droevendaalsesteeg 3,Wageningen,Gelderland,6708 PB,159,51.98811875235097,5.667171563799229,,,0,,,,,,,,603484.0,28.0,50.0,,,,8.0,,,,
97,True,2025-06-10T13:09:00Z,313349,74222EA3-8270-4801-B972-5E3F3BF026DC,1,1.0,6.0,,"[{'ID': 603483, 'ConnectionTypeID': 25, 'StatusTypeID': 100, 'Quantity': 2}]",2.0,100,2025-06-10T13:09:00Z,1,2025-06-07T13:04:00Z,200,313738,Lumen,Droevendaalsesteeg 3,Wageningen,Gelderland,6708 PB,159,51.98718260007058,5.666934747546065,,,0,,,,,,,,603483.0,25.0,100.0,,,,2.0,,,,
98,True,2025-06-06T15:24:00Z,313057,943CD64D-88E6-4CC1-9BB2-3944E5EBA929,1,3534.0,4.0,,"[{'ID': 603172, 'ConnectionTypeID': 33, 'StatusTypeID': 50, 'LevelID': 3, 'PowerKW': 250, 'CurrentTypeID': 30, 'Quantity': 20}]",20.0,50,2025-06-06T15:24:00Z,1,2025-06-03T14:23:00Z,200,313446,Tesla Supercharger Wolvega,10 Atalanta,,,,159,52.880495,6.021328,,,0,,,,,,,,603172.0,33.0,50.0,3.0,250.0,30.0,20.0,,,,
99,True,2025-06-06T15:24:00Z,313056,9909C2E6-74E3-4F4E-BB80-E1EF559D0E2A,1,3534.0,4.0,,"[{'ID': 603171, 'ConnectionTypeID': 33, 'StatusTypeID': 50, 'LevelID': 3, 'PowerKW': 250, 'CurrentTypeID': 30, 'Quantity': 16}]",16.0,50,2025-06-06T15:24:00Z,1,2025-06-03T14:23:00Z,200,313445,Tesla Supercharger Sassenheim,Sassenheim,,,,159,52.213255,4.503421,,,0,,,,,,,,603171.0,33.0,50.0,3.0,250.0,30.0,16.0,,,,
100,True,2025-06-06T15:24:00Z,313055,50B72C80-C6BD-40CF-ABE9-AED6DE2836A8,1,3534.0,4.0,,"[{'ID': 603170, 'ConnectionTypeID': 33, 'StatusTypeID': 50, 'LevelID': 3, 'PowerKW': 250, 'CurrentTypeID': 30, 'Quantity': 12}]",12.0,50,2025-06-06T15:24:00Z,1,2025-06-03T14:23:00Z,200,313444,Tesla Supercharger Haarlem,2 Toekanweg,,,,159,52.369266,4.648278,,,0,,,,,,,,603170.0,33.0,50.0,3.0,250.0,30.0,12.0,,,,
101,True,2025-06-06T15:24:00Z,313054,0AB05F11-AA9C-4682-90F2-182AD1D8E998,1,3534.0,4.0,,"[{'ID': 603169, 'ConnectionTypeID': 33, 'StatusTypeID': 50, 'LevelID': 3, 'PowerKW': 250, 'CurrentTypeID': 30, 'Quantity': 24}]",24.0,50,2025-06-06T15:24:00Z,1,2025-06-03T14:21:00Z,200,313443,Tesla Supercharger Ridderkerk,1 Krommeweg,,,,159,51.867901,4.557753,,,0,,,,,,,,603169.0,33.0,50.0,3.0,250.0,30.0,24.0,,,,
102,True,2025-06-06T15:24:00Z,313053,85601165-0473-42A4-A708-5C71917F727F,1,3534.0,4.0,,"[{'ID': 603168, 'ConnectionTypeID': 33, 'StatusTypeID': 50, 'LevelID': 3, 'PowerKW': 250, 'CurrentTypeID': 30, 'Quantity': 12}]",12.0,50,2025-06-06T15:24:00Z,1,2025-06-03T14:19:00Z,200,313442,Tesla Supercharger Gorinchem,7 Franklinweg,,,,159,51.841363,5.009041,,,0,,,,,,,,603168.0,33.0,50.0,3.0,250.0,30.0,12.0,,,,
103,True,2025-06-06T15:24:00Z,313052,0BF65B9D-923F-4E35-9097-DC783066DC5E,1,3534.0,4.0,,"[{'ID': 603167, 'ConnectionTypeID': 33, 'StatusTypeID': 50, 'LevelID': 3, 'PowerKW': 250, 'CurrentTypeID': 30, 'Quantity': 12}]",12.0,50,2025-06-06T15:24:00Z,1,2025-06-03T14:14:00Z,200,313441,Tesla Supercharger Nieuwerkerk aan den IJssel,185 Parallelweg Zuid,,,,159,51.978417,4.618879,,,0,,,,,,,,603167.0,33.0,50.0,3.0,250.0,30.0,12.0,,,,
104,True,2025-06-06T15:24:00Z,313051,6C25B9AF-D3F0-4F51-8509-F23CEEA89756,1,3534.0,4.0,,"[{'ID': 603166, 'ConnectionTypeID': 33, 'StatusTypeID': 50, 'LevelID': 3, 'PowerKW': 250, 'CurrentTypeID': 30, 'Quantity': 16}]",16.0,50,2025-06-06T15:24:00Z,1,2025-06-03T14:13:00Z,200,313440,Tesla Supercharger Weert,101 Eindhovenseweg,,,,159,51.2817204,5.65095,,,0,,,,,,,,603166.0,33.0,50.0,3.0,250.0,30.0,16.0,,,,
105,True,2025-06-06T15:24:00Z,313050,C8D8E42A-EF77-4BA5-AF4F-69E40266705C,1,3534.0,4.0,,"[{'ID': 603165, 'ConnectionTypeID': 33, 'StatusTypeID': 50, 'LevelID': 3, 'PowerKW': 250, 'CurrentTypeID': 30, 'Quantity': 12}]",12.0,50,2025-06-06T15:24:00Z,1,2025-06-03T14:13:00Z,200,313439,Tesla Supercharger Venray,Hotel Asteria Venray,,,,159,51.547096,5.996985,,,0,,,,,,,,603165.0,33.0,50.0,3.0,250.0,30.0,12.0,,,,
106,True,2025-06-06T15:24:00Z,313049,6A7804B4-6E70-4291-9DB5-66318ABC2FAA,1,3534.0,4.0,,"[{'ID': 603164, 'ConnectionTypeID': 33, 'StatusTypeID': 50, 'LevelID': 3, 'PowerKW': 250, 'CurrentTypeID': 30, 'Quantity': 16}]",16.0,50,2025-06-06T15:24:00Z,1,2025-06-03T14:13:00Z,200,313438,Tesla Supercharger Tilburg,Tilburg,,,,159,51.5431836,5.1119267,,,0,,,,,,,,603164.0,33.0,50.0,3.0,250.0,30.0,16.0,,,,
107,True,2025-06-06T15:24:00Z,313048,AA30EF1C-78D4-4572-9E2A-948A85A096A4,1,3534.0,4.0,,"[{'ID': 603163, 'ConnectionTypeID': 33, 'StatusTypeID': 50, 'LevelID': 3, 'PowerKW': 250, 'CurrentTypeID': 30, 'Quantity': 16}]",16.0,50,2025-06-06T15:24:00Z,1,2025-06-03T14:13:00Z,200,313437,Tesla Supercharger Schiedam,Van Der Valk Schiedam,,,,159,51.924806,4.372265,,,0,,,,,,,,603163.0,33.0,50.0,3.0,250.0,30.0,16.0,,,,
108,True,2025-06-06T15:24:00Z,313047,40FC10CB-32EC-4C32-8A05-61DC410FD2E5,1,3534.0,4.0,,"[{'ID': 603162, 'ConnectionTypeID': 33, 'StatusTypeID': 50, 'LevelID': 3, 'PowerKW': 250, 'CurrentTypeID': 30, 'Quantity': 16}]",16.0,50,2025-06-06T15:24:00Z,1,2025-06-03T14:13:00Z,200,313436,Tesla Supercharger Roosendaal,2 Emmerblok,,,,159,51.566522,4.469804,,,0,,,,,,,,603162.0,33.0,50.0,3.0,250.0,30.0,16.0,,,,
109,True,2025-06-06T15:24:00Z,313046,836EE559-4AFE-4A03-ADA4-391AD048E8F6,1,3534.0,4.0,,"[{'ID': 603161, 'ConnectionTypeID': 33, 'StatusTypeID': 50, 'LevelID': 3, 'PowerKW': 250, 'CurrentTypeID': 30, 'Quantity': 20}]",20.0,50,2025-06-06T15:24:00Z,1,2025-06-03T14:13:00Z,200,313435,Tesla Supercharger Nootdorp,Van der Valk Hotel Den Haag - Nootdorp,,,,159,52.052541,4.402053,,,0,,,,,,,,603161.0,33.0,50.0,3.0,250.0,30.0,20.0,,,,
110,True,2025-06-06T15:24:00Z,313045,28E58F04-5A20-4F77-A771-931473CA1956,1,3534.0,4.0,,"[{'ID': 603160, 'ConnectionTypeID': 33, 'StatusTypeID': 50, 'LevelID': 3, 'PowerKW': 250, 'CurrentTypeID': 30, 'Quantity': 16}]",16.0,50,2025-06-06T15:24:00Z,1,2025-06-03T14:12:00Z,200,313434,Tesla Supercharger Hengelo,Hengelo,,,,159,52.287203,6.773114,,,0,,,,,,,,603160.0,33.0,50.0,3.0,250.0,30.0,16.0,,,,
111,True,2025-06-06T15:29:00Z,313044,F7F2964A-6DB7-4F98-8556-D8C69001CED0,1,3534.0,4.0,,"[{'ID': 603159, 'ConnectionTypeID': 33, 'StatusTypeID': 50, 'LevelID': 3, 'PowerKW': 250, 'CurrentTypeID': 30, 'Quantity': 8}]",8.0,50,2025-06-06T15:29:00Z,1,2025-06-03T14:12:00Z,200,313433,Tesla Supercharger Heerlen,Van der Valk Hotel Heerlen,,,,159,50.892974,5.955635,,,0,,,,,,,,603159.0,33.0,50.0,3.0,250.0,30.0,8.0,,,,
112,True,2025-06-06T15:29:00Z,313043,2B880DF8-1943-404F-96D4-BD5E5E864EF0,1,3534.0,4.0,,"[{'ID': 603158, 'ConnectionTypeID': 33, 'StatusTypeID': 50, 'LevelID': 3, 'PowerKW': 250, 'CurrentTypeID': 30, 'Quantity': 16}]",16.0,50,2025-06-06T15:29:00Z,1,2025-06-03T14:12:00Z,200,313432,Tesla Supercharger Harderwijk,4 Boekhorstlaan,,,,159,52.335931,5.643634,,,0,,,,,,,,603158.0,33.0,50.0,3.0,250.0,30.0,16.0,,,,
113,True,2025-06-06T15:29:00Z,313042,E8CB8A42-F69F-460B-B319-CA5C0236BA77,1,3534.0,4.0,,"[{'ID': 603157, 'ConnectionTypeID': 33, 'StatusTypeID': 50, 'LevelID': 3, 'PowerKW': 250, 'CurrentTypeID': 30, 'Quantity': 16}]",16.0,50,2025-06-06T15:29:00Z,1,2025-06-03T14:12:00Z,200,313431,Tesla Supercharger Groningen,53 Borchsingel,,,,159,53.196252,6.516312,,,0,,,,,,,,603157.0,33.0,50.0,3.0,250.0,30.0,16.0,,,,
114,True,2025-06-06T15:29:00Z,313041,6DC2BDBC-433E-4823-9D54-0B71BD1E842E,1,3534.0,4.0,,"[{'ID': 603156, 'ConnectionTypeID': 33, 'StatusTypeID': 50, 'LevelID': 3, 'PowerKW': 250, 'CurrentTypeID': 30, 'Quantity': 12}]",12.0,50,2025-06-06T15:29:00Z,1,2025-06-03T14:12:00Z,200,313430,Tesla Supercharger Enschede,140 Zuiderval,,,,159,52.202901,6.888668,,,0,,,,,,,,603156.0,33.0,50.0,3.0,250.0,30.0,12.0,,,,
115,True,2025-06-06T15:29:00Z,313040,E502878E-1E1C-4D6B-A3CC-19C85ABC5E8B,1,3534.0,4.0,,"[{'ID': 603155, 'ConnectionTypeID': 33, 'StatusTypeID': 50, 'LevelID': 3, 'PowerKW': 250, 'CurrentTypeID': 30, 'Quantity': 12}]",12.0,50,2025-06-06T15:29:00Z,1,2025-06-03T14:11:00Z,200,313429,Tesla Supercharger Emmen,Emmen,,,,159,52.724169,6.883522,,,0,,,,,,,,603155.0,33.0,50.0,3.0,250.0,30.0,12.0,,,,
116,True,2025-06-06T15:29:00Z,313039,2FB51599-F11A-4640-BA10-0B879E5E190D,1,3534.0,4.0,,"[{'ID': 603154, 'ConnectionTypeID': 33, 'StatusTypeID': 50, 'LevelID': 3, 'PowerKW': 250, 'CurrentTypeID': 30, 'Quantity': 20}]",20.0,50,2025-06-06T15:29:00Z,1,2025-06-03T14:11:00Z,200,313428,Tesla Supercharger Best,Van der Valk Hotel Eindhoven - Best,,,,159,51.490943,5.42467,,,0,,,,,,,,603154.0,33.0,50.0,3.0,250.0,30.0,20.0,,,,
117,True,2025-06-06T15:29:00Z,313038,EFCB55A1-5FE0-440B-B824-35458CA2E096,1,3534.0,4.0,,"[{'ID': 603153, 'ConnectionTypeID': 33, 'StatusTypeID': 50, 'LevelID': 3, 'PowerKW': 250, 'CurrentTypeID': 30, 'Quantity': 24}]",24.0,50,2025-06-06T15:29:00Z,1,2025-06-03T14:11:00Z,200,313427,Tesla Supercharger Eemnes,Eemnes,,,,159,52.235476,5.230129,,,0,,,,,,,,603153.0,33.0,50.0,3.0,250.0,30.0,24.0,,,,
118,True,2025-06-06T15:29:00Z,313037,07BB8A27-9A39-4F3F-8DBF-BFF9439622BA,1,3534.0,4.0,,"[{'ID': 603152, 'ConnectionTypeID': 33, 'StatusTypeID': 50, 'LevelID': 3, 'PowerKW': 250, 'CurrentTypeID': 30, 'Quantity': 20}]",20.0,50,2025-06-06T15:29:00Z,1,2025-06-03T14:11:00Z,200,313426,Tesla Supercharger Deventer,Van der Valk Hotel Deventer,,,,159,52.233401,6.210263,,,0,,,,,,,,603152.0,33.0,50.0,3.0,250.0,30.0,20.0,,,,
119,True,2025-06-06T15:29:00Z,313036,26425D94-6CC8-4AA5-B7CE-F4144A3B292E,1,3534.0,4.0,,"[{'ID': 603151, 'ConnectionTypeID': 33, 'StatusTypeID': 50, 'LevelID': 3, 'PowerKW': 250, 'CurrentTypeID': 30, 'Quantity': 20}]",20.0,50,2025-06-06T15:29:00Z,1,2025-06-03T14:10:00Z,200,313425,Tesla Supercharger Almere,Van der Valk Almere,,,,159,52.358206,5.251964,,,0,,,,,,,,603151.0,33.0,50.0,3.0,250.0,30.0,20.0,,,,
120,True,2025-05-30T14:44:00Z,312928,E7F8F57D-1550-4825-BC1C-2E65B6E9FE76,1,179.0,6.0,Geen,"[{'ID': 603029, 'ConnectionTypeID': 25, 'StatusTypeID': 50, 'LevelID': 2, 'Amps': 16, 'PowerKW': 11, 'CurrentTypeID': 20}]",4.0,50,2025-05-30T14:44:00Z,1,2025-05-27T14:22:00Z,200,313317,Poort van Maastricht,Rijksweg 6,Berg en Terblijt,Limburg,6325 PE,159,50.8598718681458,5.772740580411323,088 070890,https://www.europarcs.nl,0,Berg,,info.resortpoortvanmaastricht@europacs.nl, Op het terrein achter slagboom.,,,,603029.0,25.0,50.0,2.0,11.0,20.0,,,16.0,,
121,True,2025-04-28T15:17:00Z,312057,3BDFD5AF-CC62-476E-9332-96AE7241305E,1,3504.0,1.0,€0.64/kWh incl. VAT,"[{'ID': 601207, 'ConnectionTypeID': 33, 'StatusTypeID': 50, 'LevelID': 3, 'PowerKW': 60, 'CurrentTypeID': 30, 'Quantity': 2}, {'ID': 601208, 'ConnectionTypeID': 25, 'StatusTypeID': 50, 'LevelID': 2, 'PowerKW': 11, 'CurrentTypeID': 20, 'Quantity': 6}]",8.0,50,2025-04-28T15:17:00Z,1,2025-04-28T15:17:00Z,200,312446,LEAP24 Charging Station,Ronsseweg 17,Gouda,Zuid-Holland,2803 ZS,159,52.019422,4.708112,0800-2600005,http://www.leap24.eu,0,,,,,,,,601207.0,33.0,50.0,3.0,60.0,30.0,2.0,,,,
122,True,2025-04-28T11:02:00Z,311774,B6C1222F-4400-4FCB-B9B3-FCAFF46C52F6,1,1.0,1.0,,"[{'ID': 600672, 'ConnectionTypeID': 33, 'StatusTypeID': 50, 'LevelID': 3, 'Amps': 500, 'PowerKW': 480, 'CurrentTypeID': 20, 'Quantity': 4, 'Comments': 'High Power laadplein van Formule 2 Tankstations. Max. 480 kW, geschikt voor alle gangbare EV’s. 24/7 toegankelijk. Betalen via laadpas of app.'}]",4.0,50,2025-04-28T11:02:00Z,1,2025-04-15T10:49:00Z,200,312163,Formule 2 Tankstations,n206 Haarlem ri. Noordwijk,Noordwijkerhout,Zuid-Holland, 2211 NX ,159,52.281489408375194,4.515687802751017,,https://formule2tankstations.nl/,0,,,info@formule-2.nl,,"Laadplein met 4 High Power laadplekken tot 480 kW (500A). CCS2 en CHAdeMO beschikbaar. 24/7 toegankelijk. Gelegen achter de reguliere pompstations bij Formule 2 Noordwijkerhout, N206 richting Noordwijk.",,,600672.0,33.0,50.0,3.0,480.0,20.0,4.0,,500.0,,"High Power laadplein van Formule 2 Tankstations. Max. 480 kW, geschikt voor alle gangbare EV’s. 24/7 toegankelijk. Betalen via laadpas of app."
123,False,2025-04-08T23:09:00Z,311591,732B0D05-361A-4519-9826-160369627F89,1,3394.0,6.0,,"[{'ID': 600358, 'ConnectionTypeID': 25, 'StatusTypeID': 50, 'LevelID': 2, 'PowerKW': 11, 'CurrentTypeID': 10, 'Quantity': 100}, {'ID': 600359, 'ConnectionTypeID': 25, 'StatusTypeID': 50, 'LevelID': 2, 'PowerKW': 11, 'CurrentTypeID': 10, 'Quantity': 100}, {'ID': 600360, 'ConnectionTypeID': 25, 'StatusTypeID': 50, 'LevelID': 2, 'PowerKW': 11, 'CurrentTypeID': 10, 'Quantity': 42}]",242.0,50,2025-04-08T23:09:00Z,1,2025-04-05T23:00:00Z,200,311980,Efteling Parking,Europalaan 3,Kaatsheuvel,KW,5171,159,51.65016454967139,5.041580309169291,,,0,,,,,,,,600358.0,25.0,50.0,2.0,11.0,10.0,100.0,,,,
124,False,2025-04-04T14:41:00Z,311533,2CBDA630-C1F8-46CA-975D-4374905B7528,1,3504.0,1.0,€0.59/kWh incl. VAT,"[{'ID': 600266, 'ConnectionTypeID': 33, 'StatusTypeID': 50, 'LevelID': 3, 'PowerKW': 120, 'CurrentTypeID': 30, 'Quantity': 2}]",2.0,50,2025-04-04T14:41:00Z,1,2025-04-04T14:41:00Z,200,311922,LEAP24 Charging Station,Wekkerstraat 20,Eindhoven,Noord-Brabant,5652AN,159,51.43397129917194,5.427430326300366,0800-2600005,http://leap24.eu,0,,,,,,,,600266.0,33.0,50.0,3.0,120.0,30.0,2.0,,,,
125,False,2025-04-02T11:39:00Z,311440,99C4534E-C41A-4AEF-8404-0A20F7807B74,1,1.0,5.0,,"[{'ID': 600132, 'ConnectionTypeID': 33, 'StatusTypeID': 50, 'LevelID': 3, 'PowerKW': 150, 'CurrentTypeID': 30, 'Quantity': 2}]",2.0,50,2025-04-02T11:39:00Z,1,2025-03-30T11:36:00Z,200,311829,ChargePost Tango Vaassen,Riezebosweg 18,Vaassen,Gelderland,8172MG,159,52.29577910826151,5.990005127949644,,,0,,,,,,,,600132.0,33.0,50.0,3.0,150.0,30.0,2.0,,,,
126,False,2025-03-29T03:34:00Z,311282,D0036571-3F86-4078-85B2-3F97F5ABA110,1,108.0,4.0,,"[{'ID': 599844, 'ConnectionTypeID': 25, 'Reference': 'CX0283', 'StatusTypeID': 50, 'LevelID': 2, 'Amps': 16, 'Voltage': 400, 'PowerKW': 11, 'CurrentTypeID': 20, 'Quantity': 1}, {'ID': 599989, 'ConnectionTypeID': 25, 'Reference': 'CX4104', 'StatusTypeID': 50, 'LevelID': 2, 'Amps': 16, 'Voltage': 400, 'PowerKW': 11, 'CurrentTypeID': 20, 'Quantity': 1}]",2.0,50,2025-03-29T03:34:00Z,1,2025-03-19T11:24:00Z,200,311671,De Meent 6,De Meent 6,Lelystad,,8224BR,159,52.514282982716,5.476251813889007,,,0,,,,,,a44555b8-740f-44fd-88ee-bafdabf948ab,,599844.0,25.0,50.0,2.0,11.0,20.0,1.0,CX0283,16.0,400.0,
127,False,2025-03-03T13:47:00Z,309183,E7B081F0-DE94-4D9A-9ABA-D7D6527D2D3E,1,3504.0,1.0,0.64 per kWh,"[{'ID': 592939, 'ConnectionTypeID': 33, 'StatusTypeID': 50, 'LevelID': 3, 'PowerKW': 240, 'CurrentTypeID': 30, 'Quantity': 2}]",2.0,50,2025-03-03T13:47:00Z,1,2025-03-03T13:47:00Z,200,309572,LEAP24 Charging Station,Karveelweg 25,Maastricht,,6222 NJ,159,50.87443597908411,5.705049092322648,0800-2600005,http://www.leap24.eu,0,,,,,,,,592939.0,33.0,50.0,3.0,240.0,30.0,2.0,,,,
128,False,2025-03-03T13:45:00Z,309182,01B2DB7C-C58A-40D5-AD38-9FAB5754D8B2,1,3504.0,1.0,€0.64/kWh incl. VAT,"[{'ID': 592938, 'ConnectionTypeID': 33, 'StatusTypeID': 50, 'LevelID': 3, 'PowerKW': 150, 'CurrentTypeID': 30, 'Quantity': 2}]",2.0,50,2025-03-03T13:45:00Z,1,2025-03-03T13:45:00Z,200,309571,LEAP24 Charging Station,Peizerweg 130,Groningen,,9727 AN,159,53.20837092349771,6.540476025631771,0800-2800005,http://www.leap24.eu,0,,,,,,,,592938.0,33.0,50.0,3.0,150.0,30.0,2.0,,,,
129,False,2025-03-03T13:43:00Z,309181,43ABFFEC-0640-479A-AF1A-5C514B46BD0F,1,3504.0,1.0,€0.64/kWh incl. VAT,"[{'ID': 592937, 'ConnectionTypeID': 33, 'StatusTypeID': 50, 'LevelID': 3, 'PowerKW': 240, 'CurrentTypeID': 30, 'Quantity': 6}]",6.0,50,2025-03-03T13:43:00Z,1,2025-03-03T13:43:00Z,200,309570,LEAP24 Charging Station,Greyenstraat 4,Venlo,Limburg,5928 PM,159,51.376135961500324,6.153649029459393,0800-2600005,http://www.leap24.eu,0,,,,,,,,592937.0,33.0,50.0,3.0,240.0,30.0,6.0,,,,
130,False,2025-03-03T13:41:00Z,309180,457E5662-2EB0-4C00-AEEA-B230A79F24A4,1,3504.0,1.0,€0.64/kWh,"[{'ID': 592936, 'ConnectionTypeID': 33, 'StatusTypeID': 50, 'LevelID': 3, 'PowerKW': 120, 'CurrentTypeID': 30, 'Quantity': 2}]",2.0,50,2025-03-03T13:41:00Z,1,2025-03-03T13:41:00Z,200,309569,LEAP24 Charging Station,Bijsterhuizen,Wijchen,Gelderland,6604 LP,159,51.82347613458287,5.757827070561182,0800-2600005,http://leap24.eu,0,,,,,,,,592936.0,33.0,50.0,3.0,120.0,30.0,2.0,,,,
131,False,2025-03-04T03:24:00Z,309058,0397BB95-C3E7-47B2-B367-79EE4AD89F6C,1,103.0,4.0,"€0,626/kWh","[{'ID': 592721, 'ConnectionTypeID': 25, 'StatusTypeID': 50, 'LevelID': 2, 'Amps': 16, 'Voltage': 400, 'PowerKW': 11, 'CurrentTypeID': 20, 'Quantity': 2}]",2.0,50,2025-03-04T03:24:00Z,1,2025-02-21T23:02:00Z,200,309447,Heideblauwtje,Heideblauwtje 1,Tiel,,4007HJ,159,51.86787685066028,5.40247133214109,,,0,,,,,,,,592721.0,25.0,50.0,2.0,11.0,20.0,2.0,,16.0,400.0,
132,False,2025-01-29T13:04:00Z,308427,B73C55CC-27BA-4567-AEA8-8AA8E1ECA7B0,1,3571.0,1.0,,"[{'ID': 590306, 'ConnectionTypeID': 25, 'StatusTypeID': 50, 'LevelID': 2, 'Amps': 16, 'Voltage': 400, 'PowerKW': 17, 'CurrentTypeID': 20, 'Quantity': 1}, {'ID': 590307, 'ConnectionTypeID': 25, 'StatusTypeID': 50, 'LevelID': 2, 'Amps': 16, 'Voltage': 400, 'PowerKW': 17, 'CurrentTypeID': 10, 'Quantity': 1}]",1.0,50,2025-01-29T13:04:00Z,1,2025-01-26T13:02:00Z,200,308816,"Floris Balthasarstraat 2, 2064 XP Spaarndam","Floris Balthasarstraat 2, ",Spaarndam,Noord Holland,2064 XP,159,52.4150929,4.6871885,,,0,,,,,,,,590306.0,25.0,50.0,2.0,17.0,20.0,1.0,,16.0,400.0,
133,False,2025-01-23T07:44:00Z,307945,6C56B3F5-9086-4D9A-988F-0B1131D1C2E0,1,103.0,4.0,"1,05€/kWh","[{'ID': 587456, 'ConnectionTypeID': 25, 'Reference': 'Ayvens Electric', 'StatusTypeID': 50, 'LevelID': 2, 'Amps': 16, 'Voltage': 400, 'PowerKW': 11, 'CurrentTypeID': 20, 'Quantity': 1}]",1.0,50,2025-01-23T07:44:00Z,1,2025-01-14T13:36:00Z,200,308334,BNTKMP58,Bontekamp 58,Dalfsen,,7721 VG,159,52.5199493819041,6.255540491218994,+ 31 85 833 19 10 ,https://www.ayvens.com/nl-nl/ayvens-electric/,0,,,,,,,,587456.0,25.0,50.0,2.0,11.0,20.0,1.0,Ayvens Electric,16.0,400.0,
134,False,2025-01-23T07:54:00Z,306907,6DBC83D4-0792-4995-9577-E5DF57A0651C,1,3579.0,4.0,,"[{'ID': 585641, 'ConnectionTypeID': 25, 'Reference': 'NL*EFL*EV6943254', 'StatusTypeID': 50, 'LevelID': 2, 'Amps': 32, 'Voltage': 400, 'PowerKW': 22, 'CurrentTypeID': 20, 'Quantity': 1}, {'ID': 585731, 'ConnectionTypeID': 25, 'Reference': 'NL*EFL*EV4864370', 'StatusTypeID': 50, 'LevelID': 2, 'Amps': 32, 'Voltage': 400, 'PowerKW': 22, 'CurrentTypeID': 20, 'Quantity': 1}]",2.0,50,2025-01-23T07:54:00Z,1,2024-12-10T16:53:00Z,200,307296,Openbare laadpaal - Eekhorstweg 21A,Eekhorstweg 21A,Meppel,Drenthe,7942JC,159,52.70995884736385,6.19514912150737,,,0,,,,,,,,585641.0,25.0,50.0,2.0,22.0,20.0,1.0,NL*EFL*EV6943254,32.0,400.0,
135,False,2024-11-01T11:00:00Z,305801,EBAE1835-912F-4C46-AFA0-5953D27E9299,1,3504.0,1.0,€0.59/kWh incl. VAT,"[{'ID': 578708, 'ConnectionTypeID': 33, 'StatusTypeID': 50, 'LevelID': 3, 'PowerKW': 240, 'CurrentTypeID': 30, 'Quantity': 4}]",4.0,50,2024-11-01T11:00:00Z,1,2024-11-01T11:00:00Z,200,306190,LEAP24 Charging Station,Kopenhagenstraat 40,Sittard,Limburg,6135 LL,159,50.99605987334057,5.847185353406889,0800-2600005,http://www.leap24.eu,0,,,,,,,,578708.0,33.0,50.0,3.0,240.0,30.0,4.0,,,,
136,False,2024-10-21T13:30:00Z,305582,36F577C2-70D7-4F57-B34C-6B61756AE2D3,1,3504.0,1.0,"€0,59/kWh","[{'ID': 578143, 'ConnectionTypeID': 33, 'StatusTypeID': 50, 'LevelID': 3, 'PowerKW': 160, 'CurrentTypeID': 30, 'Quantity': 6}]",6.0,50,2024-10-21T13:30:00Z,1,2024-10-21T13:30:00Z,200,305971,LEAP24 Charging Station,Lamsoor 7,Groningen,Groningen,9738 AL,159,53.246202,6.57465,+31800-2600005,http://www.leap24.eu,0,,,,,,,,578143.0,33.0,50.0,3.0,160.0,30.0,6.0,,,,
137,False,2024-10-21T13:28:00Z,305581,3BDBF0A7-2CEB-4930-AC00-F1D4B1281D99,1,3504.0,1.0,€0.59/kWh,"[{'ID': 578142, 'ConnectionTypeID': 33, 'StatusTypeID': 50, 'LevelID': 3, 'PowerKW': 160, 'CurrentTypeID': 30, 'Quantity': 6}]",6.0,50,2024-10-21T13:28:00Z,1,2024-10-21T13:28:00Z,200,305970,LEAP24 Charging Station,Touwslager 3,Stadskanaal,Groningen,9502 KD,159,52.979052,6.977498,+31800-2600005,http://www.leap24.eu,0,,,,,,,,578142.0,33.0,50.0,3.0,160.0,30.0,6.0,,,,
138,False,2024-10-21T13:26:00Z,305580,A25090F4-BC84-49BC-A9BD-124F160D0E5C,1,3504.0,1.0,€0.59/kWh incl. VAT,"[{'ID': 578141, 'ConnectionTypeID': 33, 'StatusTypeID': 50, 'LevelID': 3, 'PowerKW': 240, 'CurrentTypeID': 30, 'Quantity': 4}]",4.0,50,2024-10-21T13:26:00Z,1,2024-10-21T13:26:00Z,200,305969,LEAP24 Charging Station,Hellingbaan 1,Winschoten,Groningen,9672 BM,159,53.1442980374475,7.047083203196308,+31800-2600005,http://www.leap24.eu,0,,,,,,,,578141.0,33.0,50.0,3.0,240.0,30.0,4.0,,,,
139,False,2024-10-21T13:22:00Z,305579,BDB01415-94AE-427A-B6CA-0D25581078C7,1,3504.0,1.0,€0.59/kWh incl. VAT,"[{'ID': 578140, 'ConnectionTypeID': 33, 'StatusTypeID': 50, 'LevelID': 3, 'PowerKW': 240, 'CurrentTypeID': 30, 'Quantity': 6}]",6.0,50,2024-10-21T13:22:00Z,1,2024-10-21T13:22:00Z,200,305968,LEAP24 Charging Station,Weg der Verenigde Naties 2,Zuidbroek,Groningen,9636 HG,159,53.167593670551156,6.864696996907924,+31800-2600005,http://www.leap24.eu,0,,,,,,,,578140.0,33.0,50.0,3.0,240.0,30.0,6.0,,,,
140,False,2024-10-14T08:09:00Z,304231,60101FF5-62D1-461E-B923-1E19C82F4EE4,1,1.0,1.0,,"[{'ID': 576109, 'ConnectionTypeID': 0, 'StatusTypeID': 50, 'Quantity': 1}]",1.0,50,2024-10-14T08:09:00Z,1,2024-09-17T12:21:00Z,200,304620,Taxi Van Meurs,Waalbroek 5,Simpelveld,,6369TE,159,50.82858438488333,5.992625983912376,,,0,,,,,,,,576109.0,0.0,50.0,,,,1.0,,,,
141,False,2024-08-31T05:59:00Z,303157,5824AE82-0E5C-454D-8271-17DE2F95AAEE,1,2244.0,1.0,,"[{'ID': 570054, 'ConnectionTypeID': 25, 'Reference': 'PP002149-1', 'StatusTypeID': 50, 'LevelID': 2, 'PowerKW': 11, 'CurrentTypeID': 20, 'Quantity': 1}, {'ID': 570055, 'ConnectionTypeID': 25, 'Reference': 'PP002149-2', 'StatusTypeID': 50, 'LevelID': 2, 'PowerKW': 11, 'CurrentTypeID': 20}]",1.0,50,2024-08-31T05:59:00Z,1,2024-08-17T07:29:00Z,200,303544,Van Oosten de Bruijnstraat,Van Oosten de Bruijnstraat,Haarlem,North Holland,2014 TC,159,52.37290045009584,4.617311489408962,,,0,,,,,,,,570054.0,25.0,50.0,2.0,11.0,20.0,1.0,PP002149-1,,,
142,False,2024-08-31T05:59:00Z,303155,FA22F782-49C1-4019-AE93-541AC5891CA4,1,63.0,1.0,,"[{'ID': 570050, 'ConnectionTypeID': 25, 'Reference': 'PP002182-2', 'StatusTypeID': 50, 'LevelID': 2, 'PowerKW': 11, 'CurrentTypeID': 20, 'Quantity': 1}, {'ID': 570051, 'ConnectionTypeID': 25, 'Reference': 'PP002182-1', 'StatusTypeID': 50, 'LevelID': 2, 'PowerKW': 11, 'CurrentTypeID': 20, 'Quantity': 1}]",1.0,50,2024-08-31T05:59:00Z,1,2024-08-17T06:44:00Z,200,303542,Adriaan de Jongestraat,Adriaan de Jongestraat,Haarlem,North Holland,2014 XX,159,52.374120702225234,4.618560747015223,,,0,,,,,,,,570050.0,25.0,50.0,2.0,11.0,20.0,1.0,PP002182-2,,,
143,False,2024-07-29T02:49:00Z,301738,AF65DDD7-9C42-421C-8774-111DC3720789,1,3299.0,1.0,0.69€/kWh,"[{'ID': 564536, 'ConnectionTypeID': 33, 'StatusTypeID': 50, 'LevelID': 3, 'PowerKW': 350, 'CurrentTypeID': 30, 'Quantity': 4}]",4.0,50,2024-07-29T02:49:00Z,1,2024-07-23T21:40:00Z,200,302125,Ionity Tolnegen Zuid,Rijksweg A1,,Gelderland,3776 PP,159,52.185479,5.677543,,,0,,,,,,,,564536.0,33.0,50.0,3.0,350.0,30.0,4.0,,,,
144,False,2024-07-29T02:49:00Z,301711,4F3387B8-2E84-4EBB-88AE-355184C4A229,1,3299.0,1.0,0.69€/kWh,"[{'ID': 564503, 'ConnectionTypeID': 33, 'StatusTypeID': 50, 'LevelID': 3, 'PowerKW': 350, 'CurrentTypeID': 30, 'Quantity': 4}, {'ID': 564504, 'ConnectionTypeID': 33, 'StatusTypeID': 50, 'LevelID': 3, 'PowerKW': 200, 'CurrentTypeID': 30, 'Quantity': 4}]",8.0,50,2024-07-29T02:49:00Z,1,2024-07-23T21:02:00Z,200,302098,Ionity Steenwijk,Woldmeentherand,Steenwijk,Overijssel,8332 JE,159,52.799384,6.119607,,,0,,,,,,,,564503.0,33.0,50.0,3.0,350.0,30.0,4.0,,,,
145,False,2024-07-29T02:49:00Z,301710,462ED554-B091-4DFF-A84D-0B0D6BD1B7F9,1,3299.0,1.0,0.69€/kWh,"[{'ID': 564502, 'ConnectionTypeID': 33, 'StatusTypeID': 50, 'LevelID': 3, 'PowerKW': 350, 'CurrentTypeID': 30, 'Quantity': 6}]",6.0,50,2024-07-29T02:49:00Z,1,2024-07-23T21:00:00Z,200,302097,Ionity Kampen,Flevoweg,Kampen,Overijssel,8263 CL,159,52.555811,5.884281,,,0,,,,,,,,564502.0,33.0,50.0,3.0,350.0,30.0,6.0,,,,
146,False,2024-07-29T02:49:00Z,301686,562FFB32-5EAE-43D5-ABE9-F6273B077DC0,1,3299.0,1.0,0.69€/kWh,"[{'ID': 564470, 'ConnectionTypeID': 33, 'StatusTypeID': 50, 'LevelID': 3, 'PowerKW': 350, 'CurrentTypeID': 30, 'Quantity': 24}]",24.0,50,2024-07-29T02:49:00Z,1,2024-07-23T20:31:00Z,200,302073,Ionity Gorinchem,Avelingen-Oost,Gorinchem,Zuid-Holland,4202 MN,159,51.831966,4.950333,,,0,,,,,,,,564470.0,33.0,50.0,3.0,350.0,30.0,24.0,,,,
147,False,2024-07-29T02:49:00Z,301685,63558840-1A97-4D99-A61B-9EC404708D89,1,3299.0,1.0,0.69€/kWh,"[{'ID': 564469, 'ConnectionTypeID': 33, 'StatusTypeID': 50, 'LevelID': 3, 'PowerKW': 350, 'CurrentTypeID': 30, 'Quantity': 12}]",12.0,50,2024-07-29T02:49:00Z,1,2024-07-23T20:29:00Z,200,302072,Ionity Medemblik,Agriport,,Noord-Holland,1775 TA,159,52.7564590092056,5.040346612463509,,,0,,,,,,,,564469.0,33.0,50.0,3.0,350.0,30.0,12.0,,,,
148,False,2024-07-08T03:19:00Z,300432,E1B1C7A6-777E-4137-A84F-9345A9F1880B,1,174.0,4.0,,"[{'ID': 559392, 'ConnectionTypeID': 25, 'StatusTypeID': 50, 'LevelID': 2, 'PowerKW': 11, 'CurrentTypeID': 20, 'Quantity': 2}]",2.0,50,2024-07-08T03:19:00Z,1,2024-07-04T07:19:00Z,200,300819,Vierkante Bosje,Vierkante Bosje,,Utrecht,3755 BG,159,52.25223918008447,5.253447956902818,,,0,,,,,,,,559392.0,25.0,50.0,2.0,11.0,20.0,2.0,,,,
149,False,2024-06-24T05:39:00Z,300041,415C0375-184A-41B2-9E2E-7CCB7C855403,1,1.0,1.0,,"[{'ID': 555790, 'ConnectionTypeID': 25, 'StatusTypeID': 50, 'LevelID': 2, 'Amps': 32, 'Voltage': 230, 'PowerKW': 7, 'CurrentTypeID': 10, 'Quantity': 2}]",1.0,50,2024-06-24T05:39:00Z,1,2024-06-16T14:04:00Z,200,300428,Jan Hoornstraat,Jan Hoornstraat 110,Zoetermeer ,Zuid-Holland,2712 VV,159,52.049828036750085,4.50596291991269,,,0,,,,,,,,555790.0,25.0,50.0,2.0,7.0,10.0,2.0,,32.0,230.0,
150,False,2024-06-14T12:05:00Z,299912,779C35A5-07CC-4701-A109-62EE3423C936,1,108.0,1.0,"0,336","[{'ID': 554862, 'ConnectionTypeID': 25, 'StatusTypeID': 50, 'LevelID': 2, 'PowerKW': 11, 'CurrentTypeID': 10, 'Quantity': 2}]",2.0,50,2024-06-14T12:05:00Z,1,2024-06-12T06:51:00Z,200,300299,Cambara 35,Cambara 35,Rosmalen,Noord-Brabant,5245 CV,159,51.7412441,5.3501211,,https://www.vattenfall.nl/,0,,,,,,,,554862.0,25.0,50.0,2.0,11.0,10.0,2.0,,,,
151,False,2024-05-10T08:24:00Z,298103,DB7FA9FA-D97E-42E0-B485-D9BA020D9119,1,1.0,7.0,"0,85","[{'ID': 543433, 'ConnectionTypeID': 33, 'StatusTypeID': 50, 'LevelID': 3, 'Amps': 0, 'Voltage': 400, 'PowerKW': 90, 'CurrentTypeID': 30, 'Quantity': 2}]",2.0,50,2024-05-10T08:24:00Z,1,2024-05-01T12:47:00Z,200,298490,Laadstation Welvreugd Energy,Burgerweg 2A,Maasland,,3155 DB,159,51.94942347535786,4.263460294890251,0105918247,,0,,,,Call first at the gate or if this doesn't work call a phone number,,,+31621368394,543433.0,33.0,50.0,3.0,90.0,30.0,2.0,,0.0,400.0,
152,False,2024-04-21T16:38:00Z,297757,AE0FDA96-BD30-4535-B322-0E1C6BED7154,1,108.0,1.0,,"[{'ID': 540872, 'ConnectionTypeID': 25, 'Reference': 'MH8332', 'StatusTypeID': 50, 'LevelID': 2, 'Amps': 16, 'Voltage': 400, 'PowerKW': 11, 'CurrentTypeID': 20, 'Quantity': 1}, {'ID': 540873, 'ConnectionTypeID': 25, 'Reference': 'PM4229', 'StatusTypeID': 50, 'LevelID': 2, 'Amps': 16, 'Voltage': 400, 'PowerKW': 11, 'CurrentTypeID': 20, 'Quantity': 1}]",2.0,50,2024-04-21T16:38:00Z,1,2024-04-20T13:52:00Z,200,298144,Vattenfall InCharge Public Charger,Wederiklaan 27,Enschede,Overijssel,7534 KV,159,52.21639217242321,6.942283637068499,Vattenfall,https://incharge.vattenfall.nl/,0,,,incharge@vattenfall.nl,2x Mennekes ,,,,540872.0,25.0,50.0,2.0,11.0,20.0,1.0,MH8332,16.0,400.0,
153,False,2024-04-07T11:19:00Z,297266,DE5FD572-ED76-45B3-A717-3AFA95E45AA9,1,3504.0,1.0,€0.59/kWh incl. VAT,"[{'ID': 536849, 'ConnectionTypeID': 33, 'StatusTypeID': 50, 'LevelID': 3, 'PowerKW': 120, 'CurrentTypeID': 30, 'Quantity': 4}]",4.0,50,2024-04-07T11:19:00Z,1,2024-04-04T11:18:00Z,200,297653,LEAP24 Charging Station,Westeinde 118,Oostzaan,Noord-Holland,1511 MA,159,52.427101,4.879149,0800-2600005,http://www.leap24.eu,0,,,,,,,,536849.0,33.0,50.0,3.0,120.0,30.0,4.0,,,,
154,False,2024-04-03T10:49:00Z,297182,65F28BF8-4952-485A-9B64-76C3CC9F83A4,1,179.0,4.0,,"[{'ID': 535566, 'ConnectionTypeID': 25, 'StatusTypeID': 50, 'LevelID': 2, 'PowerKW': 22, 'CurrentTypeID': 20, 'Quantity': 1}, {'ID': 535567, 'ConnectionTypeID': 25, 'StatusTypeID': 50, 'LevelID': 2, 'PowerKW': 22, 'CurrentTypeID': 20, 'Quantity': 1}]",2.0,50,2024-04-03T10:49:00Z,1,2024-03-31T10:48:00Z,200,297569,Gezellelaan,Gezellelaan,Roosendaal,Noord-Brabant,4707 CT,159,51.52286084676919,4.462946437551352,,,0,,,,,,,,535566.0,25.0,50.0,2.0,22.0,20.0,1.0,,,,
155,False,2024-03-28T18:02:00Z,296884,0D49D478-A788-4E63-9AA3-F48F17241C83,1,3504.0,1.0,0.59 per kWh,"[{'ID': 533611, 'ConnectionTypeID': 33, 'StatusTypeID': 50, 'LevelID': 3, 'PowerKW': 160, 'CurrentTypeID': 30, 'Quantity': 5}]",5.0,50,2024-03-28T18:02:00Z,1,2024-03-20T08:29:00Z,200,297271,LEAP24 Charging Station,Het Poolman 13,Enschede,Overijssel,7545 LX,159,52.217512,6.869029,0800-2600005,http://www.leap24.eu,0,,,,,,,,533611.0,33.0,50.0,3.0,160.0,30.0,5.0,,,,
156,False,2024-03-28T18:02:00Z,296857,576FDFA6-6B86-4ED2-B08C-5B851144C7CF,1,174.0,4.0,,"[{'ID': 533273, 'ConnectionTypeID': 25, 'StatusTypeID': 50, 'LevelID': 2, 'Amps': 16, 'Voltage': 400, 'PowerKW': 11, 'CurrentTypeID': 20, 'Quantity': 2}]",2.0,50,2024-03-28T18:02:00Z,1,2024-03-19T14:55:00Z,200,297244,Velperpoort,Velperpoort,Nieuw-Vennep,Noord-Holland,2152 RS,159,52.27903525259438,4.619977495428884,,,0,,,,,,,,533273.0,25.0,50.0,2.0,11.0,20.0,2.0,,16.0,400.0,
157,False,2024-03-28T18:02:00Z,296856,59263366-D0E4-493C-82EA-F348ECAADCBD,1,174.0,4.0,,"[{'ID': 533272, 'ConnectionTypeID': 25, 'StatusTypeID': 50, 'LevelID': 2, 'Amps': 16, 'Voltage': 400, 'PowerKW': 11, 'CurrentTypeID': 20, 'Quantity': 2}]",2.0,50,2024-03-28T18:02:00Z,1,2024-03-19T14:54:00Z,200,297243,Lekpoort,Lekpoort,Nieuw-Vennep,Noord-Holland,2152 HT,159,52.27731446530859,4.616095062272365,,,0,,,,,,,,533272.0,25.0,50.0,2.0,11.0,20.0,2.0,,16.0,400.0,
158,False,2024-03-28T18:02:00Z,296855,9F4FF600-121B-45E4-ADF7-5F90D31E045E,1,174.0,4.0,,"[{'ID': 533271, 'ConnectionTypeID': 25, 'Reference': 'NL*GFX*EPP001465*1', 'StatusTypeID': 50, 'LevelID': 2, 'Amps': 16, 'Voltage': 400, 'PowerKW': 11, 'CurrentTypeID': 20, 'Quantity': 1}, {'ID': 533645, 'ConnectionTypeID': 25, 'Reference': 'NL*GFX*EPP001465*2', 'StatusTypeID': 50, 'LevelID': 2, 'Amps': 16, 'Voltage': 400, 'PowerKW': 11, 'CurrentTypeID': 20, 'Quantity': 1}]",2.0,50,2024-03-28T18:02:00Z,1,2024-03-19T14:52:00Z,200,297242,Maaspoort ,Regulierspoort 41,Nieuw-Vennep ,,2152HG ,159,52.27777338099773,4.617981621331211,,,0,,,,,,,,533271.0,25.0,50.0,2.0,11.0,20.0,1.0,NL*GFX*EPP001465*1,16.0,400.0,
159,False,2024-03-28T18:02:00Z,296772,B7F692E6-0E93-4C7E-9DFE-69933F1E5A6E,1,108.0,1.0,,"[{'ID': 533020, 'ConnectionTypeID': 25, 'Reference': 'NL*NUO*EALF*0015707*1', 'StatusTypeID': 50, 'LevelID': 2, 'Amps': 16, 'Voltage': 400, 'PowerKW': 11, 'CurrentTypeID': 20, 'Quantity': 1}, {'ID': 533021, 'ConnectionTypeID': 25, 'Reference': 'NL*NUO*EALF*0015707*2', 'StatusTypeID': 50, 'LevelID': 2, 'Amps': 16, 'Voltage': 400, 'PowerKW': 11, 'CurrentTypeID': 20, 'Quantity': 1}]",2.0,50,2024-03-28T18:02:00Z,1,2024-03-18T08:20:00Z,200,297159,Bandeliersberg 233,Bandeliersberg 233,Roosendaal,Noord-Brabant,4707 SK,159,51.518572328354765,4.449183978178894,,,0,,,,,,,,533020.0,25.0,50.0,2.0,11.0,20.0,1.0,NL*NUO*EALF*0015707*1,16.0,400.0,
160,False,2024-03-28T18:02:00Z,296697,3EE93076-3A72-458B-942A-6F05B67ED957,1,108.0,1.0,,"[{'ID': 532415, 'ConnectionTypeID': 25, 'Reference': 'ZS5218', 'StatusTypeID': 50, 'LevelID': 2, 'Amps': 16, 'Voltage': 400, 'PowerKW': 11, 'CurrentTypeID': 20, 'Quantity': 1}, {'ID': 532771, 'ConnectionTypeID': 25, 'Reference': 'UN5379', 'StatusTypeID': 50, 'LevelID': 2, 'Amps': 16, 'Voltage': 400, 'PowerKW': 11, 'CurrentTypeID': 20, 'Quantity': 1}]",1.0,50,2024-03-28T18:02:00Z,1,2024-03-16T11:56:00Z,200,297084,Doctor Janssenslaan,Doctor Janssenslaan,Oosterhout,Noord-Brabant,4902 XA,159,51.63634614039046,4.8596225377759765,,,0,,,,,,,,532415.0,25.0,50.0,2.0,11.0,20.0,1.0,ZS5218,16.0,400.0,
161,False,2024-03-28T18:02:00Z,296696,476623C7-3412-4B85-8DC3-ABBF29E0B8F9,1,103.0,1.0,,"[{'ID': 532414, 'ConnectionTypeID': 25, 'Reference': 'NL*ALL*EGO0014251', 'StatusTypeID': 50, 'LevelID': 2, 'Amps': 16, 'Voltage': 400, 'PowerKW': 11, 'CurrentTypeID': 20, 'Quantity': 1}, {'ID': 532772, 'ConnectionTypeID': 25, 'Reference': 'NL*ALL*EGO0014252', 'StatusTypeID': 50, 'LevelID': 2, 'Amps': 16, 'Voltage': 400, 'PowerKW': 11, 'CurrentTypeID': 20, 'Quantity': 1}]",2.0,50,2024-03-28T18:02:00Z,1,2024-03-16T11:55:00Z,200,297083,Commandeurstraat,Commandeurstraat 3,Oosterhout,Noord-Brabant,4902 XM,159,51.63660748654624,4.86092706652002,,,0,,,,,,,,532414.0,25.0,50.0,2.0,11.0,20.0,1.0,NL*ALL*EGO0014251,16.0,400.0,
162,False,2024-03-18T14:16:00Z,296695,9F7071DA-86AF-433A-8907-F33BEEC7C32F,1,108.0,1.0,,"[{'ID': 532413, 'ConnectionTypeID': 25, 'Reference': 'AZ2371', 'StatusTypeID': 50, 'LevelID': 2, 'Amps': 16, 'Voltage': 400, 'PowerKW': 11, 'CurrentTypeID': 20, 'Quantity': 1}, {'ID': 532770, 'ConnectionTypeID': 25, 'Reference': 'CT1919', 'StatusTypeID': 50, 'LevelID': 2, 'Amps': 16, 'Voltage': 400, 'PowerKW': 11, 'CurrentTypeID': 20, 'Quantity': 1}]",2.0,50,2024-03-18T14:16:00Z,1,2024-03-16T11:32:00Z,200,297082,De Genestetlaan,De Genestetlaan 2,Roosendaal,Noord-Brabant,4707 KZ,159,51.514544508548624,4.458062934154668,,,0,,,,,,,,532413.0,25.0,50.0,2.0,11.0,20.0,1.0,AZ2371,16.0,400.0,
163,False,2024-03-28T18:02:00Z,296694,C396E63B-F665-47F4-AC0C-A970B4C2DD91,1,108.0,4.0,,"[{'ID': 532412, 'ConnectionTypeID': 25, 'Reference': 'YY3435', 'StatusTypeID': 50, 'LevelID': 2, 'Amps': 16, 'Voltage': 400, 'PowerKW': 11, 'CurrentTypeID': 20, 'Quantity': 1}, {'ID': 532769, 'ConnectionTypeID': 25, 'Reference': 'ZA3698', 'StatusTypeID': 50, 'LevelID': 2, 'Amps': 16, 'Voltage': 400, 'PowerKW': 11, 'CurrentTypeID': 20, 'Quantity': 1}]",2.0,50,2024-03-28T18:02:00Z,1,2024-03-16T10:11:00Z,200,297081,Van Effenlaan,Van Effenlaan,Roosendaal,Noord-Brabant,4707 JG,159,51.51800760426832,4.4571316174249205,,,0,,,,,,,,532412.0,25.0,50.0,2.0,11.0,20.0,1.0,YY3435,16.0,400.0,
164,False,2024-03-28T18:02:00Z,296693,9A4385A6-7896-402C-90DB-2B67F88DE4DA,1,108.0,1.0,,"[{'ID': 532411, 'ConnectionTypeID': 25, 'Reference': 'FY3316', 'StatusTypeID': 50, 'LevelID': 2, 'Amps': 16, 'Voltage': 400, 'PowerKW': 11, 'CurrentTypeID': 20, 'Quantity': 1}, {'ID': 532768, 'ConnectionTypeID': 25, 'Reference': 'NG5434', 'StatusTypeID': 50, 'LevelID': 2, 'Amps': 16, 'Voltage': 400, 'PowerKW': 11, 'CurrentTypeID': 20, 'Quantity': 1}]",2.0,50,2024-03-28T18:02:00Z,1,2024-03-16T10:01:00Z,200,297080,Kroevenlaan,Kroevenlaan 7,Roosendaal,Noord-Brabant,4707 BJ,159,51.521568506627176,4.455175367519644,,,0,,,,,,,,532411.0,25.0,50.0,2.0,11.0,20.0,1.0,FY3316,16.0,400.0,
165,False,2024-02-22T23:24:00Z,291323,4EBED6A3-9B99-42A6-84C8-4D7FA3500A20,1,73.0,4.0,"0,80","[{'ID': 516429, 'ConnectionTypeID': 25, 'StatusTypeID': 50, 'LevelID': 2, 'Amps': 14, 'Voltage': 230, 'PowerKW': 3, 'CurrentTypeID': 10, 'Quantity': 2}]",2.0,50,2024-02-22T23:24:00Z,1,2024-02-19T23:23:00Z,200,291710,Guus Gelukstraat,Guus Gelukstraat,Almere,Flevoland,1336 ZK,159,52.4023011694529,5.330968937874218,,,0,,,,,,,,516429.0,25.0,50.0,2.0,3.0,10.0,2.0,,14.0,230.0,
166,False,2024-02-22T06:29:00Z,291159,3299AB32-2492-4011-9589-3E096F09A28E,1,108.0,4.0,,"[{'ID': 515040, 'ConnectionTypeID': 25, 'StatusTypeID': 50, 'LevelID': 2, 'PowerKW': 11, 'CurrentTypeID': 20, 'Quantity': 2}]",2.0,50,2024-02-22T06:29:00Z,1,2024-02-15T12:26:00Z,200,291546,Middachten,Middachten,Ugchelen,Gelderland,7339 JG,159,52.18643996332335,5.950601823747206,,,0,,,,,,,,515040.0,25.0,50.0,2.0,11.0,20.0,2.0,,,,
167,False,2024-02-22T06:29:00Z,291157,023B9F25-904F-4CA3-9F26-533AF221EA37,1,103.0,1.0,,"[{'ID': 515038, 'ConnectionTypeID': 25, 'StatusTypeID': 50, 'LevelID': 2, 'Amps': 16, 'Voltage': 400, 'PowerKW': 11, 'CurrentTypeID': 20, 'Quantity': 2}]",2.0,50,2024-02-22T06:29:00Z,1,2024-02-15T12:19:00Z,200,291544,Laan van Spitsbergen,Laan van Spitsbergen,Apeldoorn,Gelderland,7336 AX,159,52.19437528096577,5.934586927939563,,,0,,,,,,,,515038.0,25.0,50.0,2.0,11.0,20.0,2.0,,16.0,400.0,
168,False,2024-02-22T06:29:00Z,291094,051072B3-C9D6-47AD-8D6D-2DC28A58A8C8,1,103.0,4.0,,"[{'ID': 514786, 'ConnectionTypeID': 25, 'StatusTypeID': 50, 'LevelID': 2, 'PowerKW': 11, 'CurrentTypeID': 20, 'Quantity': 2}]",2.0,50,2024-02-22T06:29:00Z,1,2024-02-14T15:14:00Z,200,291481,Bouwhofweg,Bouwhofweg,Apeldoorn,Gelderland,7339 HC,159,52.188398735706016,5.948754836016974,,,0,,,,,,,,514786.0,25.0,50.0,2.0,11.0,20.0,2.0,,,,
169,False,2024-02-22T06:29:00Z,291092,4946A563-1524-41D2-BF81-E4FFC02A7B52,1,47.0,1.0,,"[{'ID': 514781, 'ConnectionTypeID': 33, 'StatusTypeID': 50, 'LevelID': 3, 'PowerKW': 300, 'CurrentTypeID': 30, 'Quantity': 4}, {'ID': 514782, 'ConnectionTypeID': 2, 'StatusTypeID': 50, 'LevelID': 3, 'PowerKW': 62, 'CurrentTypeID': 30, 'Quantity': 2}]",4.0,50,2024-02-22T06:29:00Z,1,2024-02-14T14:55:00Z,200,291479,Laan van Spitsbergen,Laan van Spitsbergen,Apeldoorn,Gelderland,7336 AX,159,52.19495130089291,5.934384220066477,,,0,,,,,,,,514781.0,33.0,50.0,3.0,300.0,30.0,4.0,,,,
170,False,2024-02-10T19:19:00Z,290722,2778E14D-8982-4BC1-A650-8C2BE7C0037A,1,3571.0,1.0,,"[{'ID': 513598, 'ConnectionTypeID': 25, 'StatusTypeID': 50, 'LevelID': 2, 'Amps': 16, 'Voltage': 400, 'PowerKW': 11, 'CurrentTypeID': 20, 'Quantity': 1}]",2.0,50,2024-02-10T19:19:00Z,1,2024-02-07T19:14:00Z,200,291109,Total Energies Kamp 11,Kamp 11,Lelystad,Flevoland,8225 DB,159,52.50302547748146,5.482734387665346,,,0,,,,,,,,513598.0,25.0,50.0,2.0,11.0,20.0,1.0,,16.0,400.0,
171,False,2024-02-09T08:14:00Z,290620,65B79AAB-842E-4FE1-BB9E-C8950B2EB535,1,3504.0,1.0,€0.59/kWh incl. VAT,"[{'ID': 513359, 'ConnectionTypeID': 33, 'StatusTypeID': 50, 'LevelID': 3, 'Amps': 250, 'Voltage': 1000, 'PowerKW': 160, 'CurrentTypeID': 30, 'Quantity': 6}]",6.0,50,2024-02-09T08:14:00Z,1,2024-02-05T11:03:00Z,200,291007,LEAP24 Charging Station,Energieweg 1,Vlissingen,Zeeland,4382WW,159,51.455029,3.592871,0800-2600005,http://www.leap24.eu,0,,,,,,,,513359.0,33.0,50.0,3.0,160.0,30.0,6.0,,250.0,1000.0,
172,False,2024-02-09T08:14:00Z,290274,20A9D333-B251-4F3D-B35B-A2CAB5BBF66B,1,3504.0,1.0,€0.59/kWh incl. VAT,"[{'ID': 512764, 'ConnectionTypeID': 33, 'StatusTypeID': 50, 'LevelID': 3, 'Amps': 250, 'Voltage': 1000, 'PowerKW': 160, 'CurrentTypeID': 30, 'Quantity': 6}]",6.0,50,2024-02-09T08:14:00Z,1,2024-01-26T08:53:00Z,200,290661,LEAP24 Charging Station,De Lus 11 G3,Schagen,Noord-Holland,1742 PH,159,52.79654706800656,4.777353025477453,0800-2600005,http://www.leap24.eu,0,,,,,,,,512764.0,33.0,50.0,3.0,160.0,30.0,6.0,,250.0,1000.0,
173,False,2024-02-09T08:14:00Z,290273,B469A328-F629-4FB2-A9F6-1EA41E072120,1,3504.0,1.0,€0.59/kWh,"[{'ID': 512763, 'ConnectionTypeID': 33, 'StatusTypeID': 50, 'LevelID': 3, 'Amps': 250, 'PowerKW': 60, 'CurrentTypeID': 30, 'Quantity': 2}]",2.0,50,2024-02-09T08:14:00Z,1,2024-01-26T08:51:00Z,200,290660,LEAP24 Charging Station,Roggeveenstraat 1,Veghel,Noord-Brabant,5463 GG,159,51.60917893880824,5.551019466879666,0800-2600005,http://www.leap24.eu,0,,,,,,,,512763.0,33.0,50.0,3.0,60.0,30.0,2.0,,250.0,,
174,False,2024-02-09T08:14:00Z,290272,525A1610-EE14-4B9A-8F49-E832103028DB,1,3504.0,1.0,"€0,59/kWh","[{'ID': 512762, 'ConnectionTypeID': 33, 'StatusTypeID': 50, 'LevelID': 3, 'PowerKW': 120, 'CurrentTypeID': 30, 'Quantity': 4}]",4.0,50,2024-02-09T08:14:00Z,1,2024-01-26T08:47:00Z,200,290659,LEAP24 Charging Station,Ernst Machstraat 1,Nijverdal,Overijssel,7442 DL,159,52.361309435151384,6.507062493257536,+31800-2600005,http://www.leap24.eu,0,,,,,,,,512762.0,33.0,50.0,3.0,120.0,30.0,4.0,,,,
175,False,2024-02-09T08:14:00Z,290271,C8452DEC-132B-4744-AEFB-954E3FEC08F5,1,3504.0,1.0,€0.36/kWh incl. VAT,"[{'ID': 512761, 'ConnectionTypeID': 25, 'StatusTypeID': 50, 'LevelID': 2, 'PowerKW': 22, 'CurrentTypeID': 20, 'Quantity': 6}]",6.0,50,2024-02-09T08:14:00Z,1,2024-01-26T08:45:00Z,200,290658,LEAP24 AC Charging Station,Oude Groenewoudseweg 365,Nijmegen,Gelderland,6524 WZ,159,51.83222289469785,5.859548127078028,0800-2600005,http://www.leap24.eu,0,,,,,,,,512761.0,25.0,50.0,2.0,22.0,20.0,6.0,,,,
176,False,2024-02-09T08:14:00Z,290270,0E18A54A-F319-4ADC-A2B0-94D432F6FCB8,1,3504.0,1.0,€0.59/kWh,"[{'ID': 512760, 'ConnectionTypeID': 33, 'StatusTypeID': 50, 'LevelID': 3, 'PowerKW': 160, 'CurrentTypeID': 30, 'Quantity': 8}]",8.0,50,2024-02-09T08:14:00Z,1,2024-01-26T08:35:00Z,200,290657,LEAP24 Charging Station,Kuipersweg 1,Haarlem,Noord-Holland,2031 EH,159,52.40020119899745,4.660123398882263,0800-2600005,http://www.leap24.eu,0,,,,,,,,512760.0,33.0,50.0,3.0,160.0,30.0,8.0,,,,
177,False,2024-02-09T08:14:00Z,290269,E5E0F698-2A2E-49ED-A4F9-EC867DEFEFEB,1,3504.0,1.0,€0.59/kWh,"[{'ID': 512759, 'ConnectionTypeID': 33, 'StatusTypeID': 50, 'LevelID': 3, 'PowerKW': 160, 'CurrentTypeID': 30, 'Quantity': 12}]",12.0,50,2024-02-09T08:14:00Z,1,2024-01-26T08:30:00Z,200,290656,LEAP24 Charging Station,Ampèrestraat 14k,Leeuwarden,Fryslân,8912 AC,159,53.194740082505575,5.774600160921068,0800-2600005,http://www.leap24.eu,0,,,,,,,,512759.0,33.0,50.0,3.0,160.0,30.0,12.0,,,,
178,False,2024-02-09T08:14:00Z,290268,35FA4027-A2EA-450B-8AF3-8DBA5C6861DE,1,3504.0,1.0,0.59 per kWh,"[{'ID': 512758, 'ConnectionTypeID': 33, 'StatusTypeID': 50, 'LevelID': 3, 'PowerKW': 150, 'CurrentTypeID': 30, 'Quantity': 2}]",2.0,50,2024-02-09T08:14:00Z,1,2024-01-26T08:19:00Z,200,290655,LEAP24 Charging Station,Anna van Hoëvellstraat 49,Wageningen,Gelderland,6702 DD,159,51.957579,5.640955,0800-2600005,http://leap24.eu,0,,,,,,,,512758.0,33.0,50.0,3.0,150.0,30.0,2.0,,,,
179,False,2024-02-09T08:14:00Z,290267,D1EA3BE7-FB09-47D7-8376-E7F3071B69BF,1,3504.0,1.0,€0.59/kWh,"[{'ID': 512757, 'ConnectionTypeID': 33, 'StatusTypeID': 50, 'LevelID': 3, 'Amps': 250, 'PowerKW': 60, 'CurrentTypeID': 30, 'Quantity': 2}]",2.0,50,2024-02-09T08:14:00Z,1,2024-01-26T08:14:00Z,200,290654,LEAP24 Charging Station,Bertha von Suttnerstraat 15,Haarlem,Noord-Holland,2037 LE,159,52.35292213439669,4.665215826228348,0800-2600005,http://www.leap24.eu,0,,,,,,,,512757.0,33.0,50.0,3.0,60.0,30.0,2.0,,250.0,,
180,False,2024-02-09T08:14:00Z,290266,A5E75DBB-6A2A-4782-A814-F6095831AB5A,1,3504.0,1.0,"€0,59/kWh","[{'ID': 512756, 'ConnectionTypeID': 33, 'StatusTypeID': 50, 'LevelID': 3, 'PowerKW': 300, 'CurrentTypeID': 30, 'Quantity': 10}]",10.0,50,2024-02-09T08:14:00Z,1,2024-01-26T08:04:00Z,200,290653,LEAP24 Charging Station,Schipholweg 275,Badhoevedorp,Noord-Holland,1171 PL,159,52.32797542283103,4.784033432245337,0800-2600005,http://www.leap24.eu,0,,,,,,,,512756.0,33.0,50.0,3.0,300.0,30.0,10.0,,,,
181,False,2024-02-09T08:14:00Z,290265,BDA2B3AE-7B45-42A2-9650-D90E34011133,1,3504.0,1.0,€0.59/kWh,"[{'ID': 512755, 'ConnectionTypeID': 33, 'StatusTypeID': 50, 'LevelID': 3, 'Amps': 250, 'PowerKW': 60, 'CurrentTypeID': 30, 'Quantity': 2}]",2.0,50,2024-02-09T08:14:00Z,1,2024-01-26T07:57:00Z,200,290652,LEAP24 Charging Station,Erasmusstraat 58,Deventer,Overijssel,7412 DR,159,52.26491461868875,6.144711103859038,0800-2600005,http://www.leap24.nl,0,,,,,,,,512755.0,33.0,50.0,3.0,60.0,30.0,2.0,,250.0,,
182,False,2024-02-09T08:14:00Z,290244,B4F94F80-5163-4297-8C88-1B0419D7F030,1,3504.0,1.0,0.59 per kWh,"[{'ID': 512702, 'ConnectionTypeID': 33, 'StatusTypeID': 50, 'LevelID': 3, 'PowerKW': 240, 'CurrentTypeID': 30, 'Quantity': 4}]",4.0,50,2024-02-09T08:14:00Z,1,2024-01-25T13:43:00Z,200,290631,LEAP24 Charging Station,Keulsebaan 509,Roermond,Limburg,6045GG,159,51.173289,6.025068,,,0,,,,,,,,512702.0,33.0,50.0,3.0,240.0,30.0,4.0,,,,
183,False,2024-02-09T08:14:00Z,290243,C2F542DC-D00A-4BD0-A53F-9EE9F6946AC4,1,3504.0,1.0,€0.59/kWh incl. VAT,"[{'ID': 512699, 'ConnectionTypeID': 33, 'StatusTypeID': 50, 'LevelID': 3, 'Amps': 250, 'Voltage': 1000, 'PowerKW': 160, 'CurrentTypeID': 30, 'Quantity': 6}]",6.0,50,2024-02-09T08:14:00Z,1,2024-01-25T11:42:00Z,200,290630,LEAP24 Charging Station,Bornerbroeksestraat 455,Almelo,Overijssel,7609 PK,159,52.33380072384009,6.656853106297244,0800-2600005,http://leap24.eu,0,,,,,,,,512699.0,33.0,50.0,3.0,160.0,30.0,6.0,,250.0,1000.0,
184,False,2024-02-09T08:14:00Z,290241,F0FBF94F-25E5-4433-BC77-D1635ED0E1BE,1,3504.0,1.0,€0.59/kWh,"[{'ID': 512696, 'ConnectionTypeID': 33, 'StatusTypeID': 50, 'LevelID': 3, 'Amps': 250, 'PowerKW': 60, 'CurrentTypeID': 30, 'Quantity': 1}]",2.0,50,2024-02-09T08:14:00Z,1,2024-01-25T09:34:00Z,200,290628,LEAP24 Charging Station,Gratingastins 10,Leeuwarden,Fryslân,8925 GD,159,53.20627940462643,5.843413511598072,08002600005,http://leap24.eu/,0,,,,,,,,512696.0,33.0,50.0,3.0,60.0,30.0,1.0,,250.0,,
185,False,2024-01-15T02:41:00Z,288958,731B4285-5DFD-41FE-B8A5-E60B27C91694,1,63.0,4.0,,"[{'ID': 507131, 'ConnectionTypeID': 25, 'StatusTypeID': 50, 'LevelID': 2, 'PowerKW': 11, 'CurrentTypeID': 20, 'Quantity': 1}]",2.0,50,2024-01-15T02:41:00Z,1,2023-12-27T11:05:00Z,200,289345,Hoornderslag,Hoornderslag,,Noord-Holland,1797 RT,159,53.0210025395009,4.7115799246217875,,,0,,,,,,,,507131.0,25.0,50.0,2.0,11.0,20.0,1.0,,,,
186,False,2024-01-15T02:41:00Z,288957,008C300F-20D0-4978-A712-493DCC7E4B45,1,3746.0,4.0,,"[{'ID': 507130, 'ConnectionTypeID': 25, 'StatusTypeID': 50, 'LevelID': 2, 'PowerKW': 11, 'CurrentTypeID': 20, 'Quantity': 1}]",4.0,50,2024-01-15T02:41:00Z,1,2023-12-27T10:45:00Z,200,289344,Krimweg 180,Krimweg,,Noord-Holland,1795 LS,159,53.15861725238565,4.844968413008758,,https://justplugin.nl/,0,,,,,,,,507130.0,25.0,50.0,2.0,11.0,20.0,1.0,,,,
187,False,2023-12-09T20:19:00Z,285212,E6EF405F-01FC-4BA0-95C1-E402E6F1A705,1,47.0,5.0,40€,"[{'ID': 503113, 'ConnectionTypeID': 33, 'StatusTypeID': 50, 'LevelID': 3, 'PowerKW': 125, 'CurrentTypeID': 30, 'Quantity': 2}, {'ID': 503114, 'ConnectionTypeID': 2, 'StatusTypeID': 50, 'LevelID': 3, 'PowerKW': 70, 'CurrentTypeID': 30, 'Quantity': 2}]",2.0,50,2023-12-09T20:19:00Z,1,2023-12-06T20:18:00Z,200,285599,Shell Recharge Charging Station,Van Slingelandtstraat 45,Amsterdam,,1051 CH ,159,52.38383781,4.8647564,,,0,,,,,,,,503113.0,33.0,50.0,3.0,125.0,30.0,2.0,,,,
188,False,2023-10-28T05:44:00Z,279413,9D582448-72DE-42A8-8D9B-BC6076849540,1,103.0,4.0,"€0,626/kWh","[{'ID': 484481, 'ConnectionTypeID': 25, 'StatusTypeID': 50, 'LevelID': 2, 'PowerKW': 11, 'Quantity': 0}]",2.0,50,2023-10-28T05:44:00Z,1,2023-10-25T05:40:00Z,200,279800,Allego,Ridderstraat 250,Culemborg,Gelderland,4101 BK,159,51.95637711989457,5.2269599599578385,,,0,,,,,,,,484481.0,25.0,50.0,2.0,11.0,,0.0,,,,
189,False,2023-10-22T08:33:00Z,279263,7060A48D-3E24-4AD8-9B72-E78C166FCF3B,1,1.0,1.0,,"[{'ID': 484224, 'ConnectionTypeID': 25, 'StatusTypeID': 50, 'LevelID': 2, 'PowerKW': 22, 'CurrentTypeID': 20, 'Quantity': 1}]",1.0,50,2023-10-22T08:33:00Z,1,2023-10-19T07:44:00Z,200,279650,Scheffer Media,Nanningaweg 8,Oosterwolde,Friesland,8431AA,159,52.99110127469331,6.289915949718733,,,0,,,,,,,,484224.0,25.0,50.0,2.0,22.0,20.0,1.0,,,,
190,False,2023-10-09T02:47:00Z,278546,2C8BA0B2-215D-4562-958E-16EADBA8246A,1,103.0,4.0,,"[{'ID': 481502, 'ConnectionTypeID': 25, 'StatusTypeID': 50, 'LevelID': 2, 'Amps': 16, 'Voltage': 400, 'PowerKW': 11, 'CurrentTypeID': 20, 'Quantity': 2}]",2.0,50,2023-10-09T02:47:00Z,1,2023-10-01T08:01:00Z,200,278933,Emmerhoutstraat,Emmerhoutstraat 1,Emmen,Drenthe,7814 XV,159,52.816950648536505,6.918983149911014,,,0,,,,,,,,481502.0,25.0,50.0,2.0,11.0,20.0,2.0,,16.0,400.0,
191,False,2023-09-06T03:31:00Z,274104,E2271DB6-74AC-497D-970E-C08AD6436D3C,1,3387.0,1.0,"€0,47/kWh","[{'ID': 474879, 'ConnectionTypeID': 33, 'Reference': 'NL*LMS*E1895770*1', 'StatusTypeID': 50, 'LevelID': 3, 'Amps': 90, 'PowerKW': 60, 'CurrentTypeID': 30, 'Quantity': 1}, {'ID': 474889, 'ConnectionTypeID': 2, 'Reference': 'NL*LMS*E1895770*3', 'StatusTypeID': 50, 'LevelID': 3, 'PowerKW': 501, 'CurrentTypeID': 30, 'Quantity': 1}]",1.0,50,2023-09-06T03:31:00Z,1,2023-09-01T10:38:00Z,200,274488,Boerderijwinkel Lagerweij,Rijksstraatweg 61c,Buurmalsen,,4197 RL,159,51.91593988845722,5.276771337816967,0615486543,https://www.boerderijwinkellagerweij.nl,0,,,info@lagerweijeieren.nl,oplaadpunt,,,,474879.0,33.0,50.0,3.0,60.0,30.0,1.0,NL*LMS*E1895770*1,90.0,,
192,False,2023-09-06T03:31:00Z,273936,478EBD74-9B6B-4901-A53E-DE2FB4151842,1,103.0,1.0,,"[{'ID': 474189, 'ConnectionTypeID': 33, 'StatusTypeID': 50, 'LevelID': 3, 'PowerKW': 150, 'CurrentTypeID': 30, 'Quantity': 4}]",4.0,50,2023-09-06T03:31:00Z,1,2023-08-25T11:05:00Z,200,274320,Van der Valk Larserplein Lelystad,Larserplein 1,City,Flevoland, 8226 PB,159,52.48266239886473,5.504657788635541,,,0,,,,,,,,474189.0,33.0,50.0,3.0,150.0,30.0,4.0,,,,
193,False,2023-09-06T03:31:00Z,273927,E0081CC8-8023-4E25-AE12-A52E2D488AC0,1,3632.0,1.0,,"[{'ID': 474177, 'ConnectionTypeID': 33, 'StatusTypeID': 50, 'LevelID': 3, 'PowerKW': 88, 'CurrentTypeID': 30, 'Quantity': 2}]",4.0,50,2023-09-06T03:31:00Z,1,2023-08-25T08:40:00Z,200,274311,KFC Larserplein Lelystad,Larserplein 20,City,Flevoland,8226 PB,159,52.48275573026649,5.505836542592618,,,0,,,,,,,,474177.0,33.0,50.0,3.0,88.0,30.0,2.0,,,,
194,False,2023-04-26T10:04:00Z,260616,C26B4CFA-2E37-428E-A744-59F4B824E1E4,1,3504.0,1.0,0.59 per kWH,"[{'ID': 438684, 'ConnectionTypeID': 33, 'Reference': 'LEAP24', 'StatusTypeID': 50, 'LevelID': 3, 'Amps': 273, 'Voltage': 440, 'PowerKW': 120, 'CurrentTypeID': 30, 'Quantity': 4}]",4.0,50,2023-04-26T10:04:00Z,1,2023-04-26T09:51:00Z,200,261000,LEAP24 Fastcharging station,Kleveringweg 9A,Delft,Zuid-Holland,2616 LZ,159,52.02587329680358,4.363657738411348, 0800 2600005,http://leap24.eu,0,,,,,,,085 073 6070,438684.0,33.0,50.0,3.0,120.0,30.0,4.0,LEAP24,273.0,440.0,
195,False,2023-04-26T10:05:00Z,260615,A5C3ECBB-5580-426B-B7EA-F937E29DC407,1,3504.0,1.0,0.59 per kwh,"[{'ID': 438683, 'ConnectionTypeID': 33, 'Reference': 'LEAP24', 'StatusTypeID': 50, 'LevelID': 3, 'Amps': 167, 'Voltage': 900, 'PowerKW': 160, 'CurrentTypeID': 30, 'Quantity': 6}]",6.0,50,2023-04-26T10:05:00Z,1,2023-04-26T09:48:00Z,200,260999,LEAP24 Fast Charging Station,Graham Bellstraat 43,Zwolle,Overijssel,8013 PL,159,52.48467601267876,6.131613538762423,0800-2500005,http://leap24.eu,0,,,,,,,0850736070,438683.0,33.0,50.0,3.0,160.0,30.0,6.0,LEAP24,167.0,900.0,
196,False,2023-04-26T10:05:00Z,260614,97CC7F48-4C1E-4B2C-8F64-674E28AC0FC9,1,3504.0,1.0,0.59 ct per kwh,"[{'ID': 438682, 'ConnectionTypeID': 33, 'Reference': 'LEAP24', 'StatusTypeID': 50, 'LevelID': 3, 'Amps': 250, 'PowerKW': 160, 'CurrentTypeID': 30, 'Quantity': 6}]",6.0,50,2023-04-26T10:05:00Z,1,2023-04-26T09:41:00Z,200,260998,Eeser Veld,Eeser Veld,Steenwijk,Overijssel,8347 JD,159,52.804779000051155,6.133885326612699, 0800-2600005,,0,,,,,,,0850736070,438682.0,33.0,50.0,3.0,160.0,30.0,6.0,LEAP24,250.0,,
197,False,2023-04-22T18:47:00Z,260350,C0980657-1FE9-41D6-BE51-1C3108A1CFE8,1,1.0,4.0,,"[{'ID': 437969, 'ConnectionTypeID': 25, 'StatusTypeID': 50, 'LevelID': 2, 'PowerKW': 11, 'CurrentTypeID': 10, 'Quantity': 2}]",1.0,50,2023-04-22T18:47:00Z,1,2023-04-21T13:57:00Z,200,260734,Berliozstraat,Berliozstraat,Capelle aan den IJssel,Zuid-Holland,2901 GA,159,51.91689902158163,4.56201683552149,,,0,,,,,,,,437969.0,25.0,50.0,2.0,11.0,10.0,2.0,,,,
198,False,2023-04-22T18:47:00Z,260348,D2769DA9-7D64-4719-8460-BDDC6272D6CB,1,1.0,4.0,,"[{'ID': 437965, 'ConnectionTypeID': 25, 'StatusTypeID': 50, 'LevelID': 2, 'PowerKW': 11, 'CurrentTypeID': 10, 'Quantity': 2}]",1.0,50,2023-04-22T18:47:00Z,1,2023-04-21T13:49:00Z,200,260732,Puccinistraat,Puccinistraat,Capelle aan den IJssel,Zuid-Holland,2901 GL,159,51.91759733356153,4.56515469493084,,,0,,,,,,,,437965.0,25.0,50.0,2.0,11.0,10.0,2.0,,,,
199,False,2023-04-21T08:52:00Z,260327,432BB27C-C647-46E1-8AB5-5800CA889A84,1,3387.0,4.0,,"[{'ID': 437916, 'ConnectionTypeID': 25, 'Reference': 'SGZH1-03594', 'StatusTypeID': 50, 'LevelID': 2, 'Amps': 16, 'Voltage': 400, 'PowerKW': 11, 'CurrentTypeID': 20, 'Quantity': 2}]",2.0,50,2023-04-21T08:52:00Z,1,2023-04-20T21:19:00Z,200,260711,Castellum,Rossinistraat 112,Capelle aan den Ijssel,,2901GJ,159,51.9168755697022,4.565175905029946,,,0,,,,,,,,437916.0,25.0,50.0,2.0,11.0,20.0,2.0,SGZH1-03594,16.0,400.0,
200,False,2023-03-21T12:10:00Z,258262,03D9A1C1-B6F8-412E-AD98-BCE427A2E323,1,103.0,4.0,,"[{'ID': 431516, 'ConnectionTypeID': 33, 'StatusTypeID': 50, 'LevelID': 3, 'PowerKW': 50, 'CurrentTypeID': 30, 'Quantity': 1}, {'ID': 431517, 'ConnectionTypeID': 2, 'StatusTypeID': 50, 'LevelID': 3, 'PowerKW': 50, 'CurrentTypeID': 30, 'Quantity': 1}, {'ID': 431518, 'ConnectionTypeID': 1036, 'StatusTypeID': 50, 'LevelID': 3, 'PowerKW': 43, 'CurrentTypeID': 20, 'Quantity': 1}]",1.0,50,2023-03-21T12:10:00Z,1,2023-03-21T09:35:00Z,200,258646,Groene Kruisweg,Groene Kruisweg,Spijkenisse,Zuid-Holland,3208 KA,159,51.858566250616946,4.2936322845002906,,,0,,,,,,,,431516.0,33.0,50.0,3.0,50.0,30.0,1.0,,,,
201,False,2023-03-15T11:19:00Z,256957,C274DD57-63EE-4953-8723-61A928DC8A64,1,1.0,6.0,,[],1.0,50,2023-03-15T11:19:00Z,1,2023-03-15T10:20:00Z,200,257341,De Wildkansel,De Wildkansel,,Flevoland,8251 ME,159,52.521086139767704,5.731164197082762,,,0,,,,,,,,,,,,,,,,,,
202,False,2023-03-04T15:56:00Z,238390,54DE6F07-8F83-4D6C-AC5C-F46C3CC5AF40,1,47.0,4.0,,"[{'ID': 392175, 'ConnectionTypeID': 33, 'StatusTypeID': 50, 'LevelID': 3, 'PowerKW': 50, 'CurrentTypeID': 30, 'Quantity': 1}, {'ID': 392176, 'ConnectionTypeID': 2, 'StatusTypeID': 50, 'LevelID': 3, 'PowerKW': 50, 'CurrentTypeID': 30, 'Quantity': 1}]",1.0,50,2023-03-04T15:56:00Z,1,2023-03-04T15:56:00Z,200,238774,Mc Donalds Ijsselstein,Lorentzlaan,IJsselstein,Utrecht,3401 MX,159,52.014896340300794,5.06245760912293,,,0,,,,,,,,392175.0,33.0,50.0,3.0,50.0,30.0,1.0,,,,
203,False,2023-03-04T15:52:00Z,238389,2A59654E-C064-4234-AD9F-9E814387FE0B,1,47.0,4.0,,"[{'ID': 392173, 'ConnectionTypeID': 33, 'StatusTypeID': 50, 'LevelID': 3, 'PowerKW': 175, 'CurrentTypeID': 30, 'Quantity': 6}, {'ID': 392174, 'ConnectionTypeID': 2, 'StatusTypeID': 50, 'LevelID': 3, 'PowerKW': 50, 'CurrentTypeID': 30, 'Quantity': 1}]",6.0,50,2023-03-04T15:52:00Z,1,2023-03-04T15:52:00Z,200,238773,Haje Allego Ultra E Nieuwegein Oost,Waterliniedok,Nieuwegein,Utrecht,3433 NV,159,52.01118158983823,5.1220471338107245,,,0,,,,,,,,392173.0,33.0,50.0,3.0,175.0,30.0,6.0,,,,
204,False,2023-03-04T15:49:00Z,238388,2C11156F-072A-416A-9489-B2D96889BD9F,1,47.0,4.0,,"[{'ID': 392171, 'ConnectionTypeID': 33, 'StatusTypeID': 50, 'LevelID': 3, 'PowerKW': 50, 'CurrentTypeID': 30, 'Quantity': 1}, {'ID': 392172, 'ConnectionTypeID': 2, 'StatusTypeID': 50, 'LevelID': 3, 'PowerKW': 50, 'CurrentTypeID': 30, 'Quantity': 1}]",1.0,50,2023-03-04T15:49:00Z,1,2023-03-04T15:49:00Z,200,238772,Mc Donalds Nieuwegein ,Ravenswade,Nieuwegein,Utrecht,3439 LD,159,52.04920110246246,5.117388801827872,,,0,,,,,,,,392171.0,33.0,50.0,3.0,50.0,30.0,1.0,,,,
205,False,2023-03-04T14:27:00Z,238387,7CC524E9-1377-47C2-97A5-B616B76DD825,1,47.0,4.0,,"[{'ID': 392170, 'ConnectionTypeID': 33, 'StatusTypeID': 50, 'LevelID': 3, 'PowerKW': 175, 'CurrentTypeID': 30, 'Quantity': 2}]",2.0,50,2023-03-04T14:27:00Z,1,2023-03-04T14:27:00Z,200,238771,Divers Woerden,Europabaan,Woerden,Utrecht,3446 CE,159,52.075587540309186,4.901184234016853,,,0,,,,,,,,392170.0,33.0,50.0,3.0,175.0,30.0,2.0,,,,
206,False,2023-03-04T14:16:00Z,238386,A543C1A2-9612-4492-B227-394A6A0143D1,1,47.0,4.0,,"[{'ID': 392167, 'ConnectionTypeID': 33, 'StatusTypeID': 50, 'LevelID': 3, 'PowerKW': 175, 'CurrentTypeID': 30, 'Quantity': 2}, {'ID': 392168, 'ConnectionTypeID': 2, 'StatusTypeID': 50, 'LevelID': 3, 'PowerKW': 70, 'CurrentTypeID': 30, 'Quantity': 2}]",2.0,50,2023-03-04T14:16:00Z,1,2023-03-04T14:16:00Z,200,238770,Shell A12 Hellevliet,Rijksweg A12,Woerden,Utrecht,3481 CV,159,52.08093975266934,4.983936303056225,,,0,,,,,,,,392167.0,33.0,50.0,3.0,175.0,30.0,2.0,,,,
207,False,2023-03-04T14:11:00Z,238385,929C3638-907E-4E94-AC57-21EA35065635,1,47.0,4.0,,"[{'ID': 392165, 'ConnectionTypeID': 33, 'StatusTypeID': 50, 'LevelID': 3, 'PowerKW': 175, 'CurrentTypeID': 30, 'Quantity': 2}, {'ID': 392166, 'ConnectionTypeID': 2, 'StatusTypeID': 50, 'LevelID': 3, 'PowerKW': 70, 'CurrentTypeID': 30, 'Quantity': 2}]",2.0,50,2023-03-04T14:11:00Z,1,2023-03-04T14:07:00Z,200,238769,Shell Recharge Veldhuizen,Veldhuizerweg,Harmelen,Utrecht,3481 ZZ,159,52.0819105021566,5.003278715701072,,,0,,,,,,,,392165.0,33.0,50.0,3.0,175.0,30.0,2.0,,,,
208,False,2023-02-23T20:59:00Z,235545,CF27F53F-B0FD-40E3-B0C6-BFC3350BB87B,1,3387.0,4.0,,"[{'ID': 388570, 'ConnectionTypeID': 25, 'Reference': 'SGZH1-03906 SGZH', 'StatusTypeID': 50, 'LevelID': 2, 'Amps': 16, 'Voltage': 400, 'PowerKW': 11, 'CurrentTypeID': 20, 'Quantity': 2}]",2.0,50,2023-02-23T20:59:00Z,1,2023-02-23T20:42:00Z,200,235929,Rivierenlaan 164,Rivierenlaan 164,Pijnacker,Zuid-Holland,2641 RK,159,52.008437986141985,4.438623144085568,,,0,,,,,,,,388570.0,25.0,50.0,2.0,11.0,20.0,2.0,SGZH1-03906 SGZH,16.0,400.0,
209,False,2023-02-21T13:18:00Z,235341,760B6873-7F7A-4378-BB0B-2EC793085F0D,1,103.0,1.0,,"[{'ID': 388152, 'ConnectionTypeID': 25, 'Reference': 'NLALLEGO011946', 'StatusTypeID': 50, 'LevelID': 2, 'Amps': 16, 'Voltage': 400, 'PowerKW': 11, 'CurrentTypeID': 20, 'Quantity': 2}]",2.0,50,2023-02-21T13:18:00Z,1,2023-02-18T09:43:00Z,200,235725,Rosendaalsestraat 318,Rosendaalsestraat 318,Arnhem,,6824 CW,159,51.989283738948245,5.926502582741591,,https://www.allego.eu/,0,,,,,"Allego NLALLEGO011946
NL-ALL-NLALLEGO011946",,,388152.0,25.0,50.0,2.0,11.0,20.0,2.0,NLALLEGO011946,16.0,400.0,
210,False,2023-02-11T08:31:00Z,213619,1DE21223-B9D5-446D-8B1C-4C29BF2329DA,1,45.0,1.0,€0.65 per kWh,"[{'ID': 355834, 'ConnectionTypeID': 33, 'Reference': 'NL*AVI*ENLAVIM0000027*1', 'StatusTypeID': 50, 'LevelID': 3, 'PowerKW': 138, 'CurrentTypeID': 30, 'Quantity': 1}, {'ID': 367061, 'ConnectionTypeID': 33, 'Reference': 'NL*AVI*ENLAVIM0000027*2', 'StatusTypeID': 50, 'LevelID': 3, 'PowerKW': 120, 'CurrentTypeID': 30}]",2.0,50,2023-02-11T08:31:00Z,1,2023-02-08T14:38:00Z,200,213999,Avia Marees Den Oever,Havenweg 2,Den Oever,Noord Holland,1779 XT,159,52.92906820812402,5.028645395294689,,,0,,,,,,,,355834.0,33.0,50.0,3.0,138.0,30.0,1.0,NL*AVI*ENLAVIM0000027*1,,,
211,False,2024-01-26T11:05:00Z,212424,DC6664F5-EAE1-4838-81B6-D6E2BB3B7202,1,3504.0,1.0,€0.59/kWh,"[{'ID': 353652, 'ConnectionTypeID': 33, 'StatusTypeID': 50, 'LevelID': 3, 'Amps': 250, 'PowerKW': 120, 'CurrentTypeID': 30, 'Quantity': 4}]",4.0,50,2024-01-26T11:05:00Z,1,2023-01-17T14:01:00Z,200,212804,Meester Cramerweg,Meester Cramerweg,Hoogeveen,Drenthe,7913 WB,159,52.710549409171165,6.517221954540901,0800-2600005,http://www.leap24.eu,0,,,,,,,,353652.0,33.0,50.0,3.0,120.0,30.0,4.0,,250.0,,
212,False,2024-01-26T11:05:00Z,212423,C70CDFC4-7983-4EBB-B5B2-BDED2CF8AE57,1,3504.0,1.0,€0.59/kWh,"[{'ID': 353651, 'ConnectionTypeID': 33, 'StatusTypeID': 50, 'LevelID': 3, 'Amps': 250, 'PowerKW': 60, 'CurrentTypeID': 30, 'Quantity': 2}]",2.0,50,2024-01-26T11:05:00Z,1,2023-01-17T14:00:00Z,200,212803,Zeemansstraat,Zeemansstraat 21,Zaandam,Noord-Holland,1506 CS,159,52.440784547014516,4.821080344094412,0800-2600005,http://www.leap24.eu,0,,,,,,,,353651.0,33.0,50.0,3.0,60.0,30.0,2.0,,250.0,,
213,False,2023-04-26T19:18:00Z,212422,D5563442-3D8D-4026-8414-0ABA137DA984,1,3504.0,1.0,€0.59/kWh incl. VAT,"[{'ID': 353650, 'ConnectionTypeID': 33, 'StatusTypeID': 50, 'LevelID': 3, 'Amps': 250, 'Voltage': 1000, 'PowerKW': 160, 'CurrentTypeID': 30, 'Quantity': 8}]",8.0,50,2023-04-26T19:18:00Z,1,2023-01-17T13:57:00Z,200,212802,Oude Groenewoudseweg,Oude Groenewoudseweg 365,,Gelderland,6524 WZ,159,51.83215405018595,5.859914320165842,,,0,Nijmegen-Oost,,,,,,,353650.0,33.0,50.0,3.0,160.0,30.0,8.0,,250.0,1000.0,
214,False,2023-01-05T09:06:00Z,211127,824F3540-68D8-4929-84A9-B4E5DBEF4B97,1,69.0,4.0,,"[{'ID': 351964, 'ConnectionTypeID': 25, 'StatusTypeID': 50, 'LevelID': 2, 'PowerKW': 22, 'CurrentTypeID': 20, 'Quantity': 2}]",2.0,50,2023-01-05T09:06:00Z,1,2023-01-05T09:04:00Z,200,211507,Parking Hoogvliet,De Halte 269,Ede,Gelderland,6711 NZ,159,52.04184477866,5.666623285234095,,,0,,,,,,,,351964.0,25.0,50.0,2.0,22.0,20.0,2.0,,,,
215,False,2024-05-07T20:00:00Z,211037,5262217F-0A62-45EE-98E5-3FF601A11B46,1,2244.0,1.0,,"[{'ID': 351776, 'ConnectionTypeID': 25, 'StatusTypeID': 50, 'LevelID': 2, 'Amps': 16, 'Voltage': 400, 'PowerKW': 11, 'CurrentTypeID': 20, 'Quantity': 1}]",2.0,50,2024-05-07T20:00:00Z,1,2022-12-30T11:13:00Z,200,211417,Kamp 15,Kamp 15,Lelystad,Flevoland,,159,52.5043093824838,5.482155730281818,,,0,,,,Next to garbage recycling station. A little hard to reach due to bushes. ,"De paal heeft vrij veel storingen in de validatie van mijn druppel, soms wordt midden in de nacht de paal ineens herstart zodat de laadsessie niet doorloopt. ",,,351776.0,25.0,50.0,2.0,11.0,20.0,1.0,,16.0,400.0,
216,False,2022-12-26T20:29:00Z,210962,402BC01C-1768-45D7-96EA-143BFC684F2E,1,47.0,1.0,,"[{'ID': 351647, 'ConnectionTypeID': 2, 'Reference': 'NLEFLEV1490043', 'StatusTypeID': 50, 'LevelID': 3, 'PowerKW': 100, 'CurrentTypeID': 30, 'Quantity': 1}, {'ID': 351648, 'ConnectionTypeID': 33, 'StatusTypeID': 50, 'LevelID': 3, 'PowerKW': 180, 'CurrentTypeID': 30, 'Quantity': 3}]",2.0,50,2022-12-26T20:29:00Z,1,2022-12-26T14:44:00Z,200,211342,Jan Tinbergenweg,Jan Tinbergenweg 3,Zwaag,North Holland,1689 ZV,159,52.68088528852729,5.084495657004027,,,0,,,,,,,,351647.0,2.0,50.0,3.0,100.0,30.0,1.0,NLEFLEV1490043,,,
217,False,2022-12-13T14:18:00Z,210384,AAB6EA96-7F03-42DA-AF1E-BB8644854DDE,1,63.0,1.0,,"[{'ID': 350395, 'ConnectionTypeID': 25, 'Reference': 'NL*GFX*EPP004046*2', 'StatusTypeID': 50, 'LevelID': 2, 'Amps': 30, 'Voltage': 230, 'PowerKW': 6, 'CurrentTypeID': 10, 'Quantity': 1}, {'ID': 350396, 'ConnectionTypeID': 25, 'Reference': 'NL*GFX*EPP004046*1', 'StatusTypeID': 50, 'LevelID': 2, 'Amps': 30, 'Voltage': 230, 'PowerKW': 6, 'CurrentTypeID': 10, 'Quantity': 1}]",1.0,50,2022-12-13T14:18:00Z,1,2022-12-10T12:36:00Z,200,210764,Theemsstraat,Theemsstraat,Haarlem,North Holland,2014 RZ,159,52.37507619143503,4.613204035808508,,,0,,,,,,,,350395.0,25.0,50.0,2.0,6.0,10.0,1.0,NL*GFX*EPP004046*2,30.0,230.0,
218,False,2022-12-15T15:45:00Z,210349,1BA14176-821A-4B5C-B22A-D4ECF02448DF,1,1.0,4.0,,"[{'ID': 350318, 'ConnectionTypeID': 25, 'StatusTypeID': 50, 'LevelID': 2, 'PowerKW': 17, 'CurrentTypeID': 20, 'Quantity': 2}, {'ID': 350319, 'ConnectionTypeID': 25, 'StatusTypeID': 50, 'LevelID': 2, 'PowerKW': 13, 'CurrentTypeID': 20, 'Quantity': 1}]",2.0,50,2022-12-15T15:45:00Z,1,2022-12-09T16:18:00Z,200,210729,Parkeerterrein Regius College,Julianalaan,Schagen,Noord-Holland,1741 CL,159,52.783795024517815,4.797450942261776,,,0,,,,,,,,350318.0,25.0,50.0,2.0,17.0,20.0,2.0,,,,
219,False,2024-01-26T11:05:00Z,209765,36CA222A-F89B-420D-B8F1-380D90701DCC,1,3504.0,1.0,"0,59 €/kWh","[{'ID': 349049, 'ConnectionTypeID': 33, 'StatusTypeID': 50, 'LevelID': 3, 'Amps': 136, 'Voltage': 440, 'PowerKW': 30, 'CurrentTypeID': 30, 'Quantity': 5}]",5.0,50,2024-01-26T11:05:00Z,1,2022-11-04T12:43:00Z,200,210145,Bavoort LEAP24 Semi-Fast charger,Treekerweg 28,Leusden,Utrecht,3832 GW,159,52.12276082899771,5.400444811984585,,http://leap24.eu,0,Leusden-Zuid,,,,,,,349049.0,33.0,50.0,3.0,30.0,30.0,5.0,,136.0,440.0,
220,False,2022-10-16T09:57:00Z,208214,8C1FD358-ED02-4E4F-BD09-41ABFFF96520,1,1.0,4.0,,"[{'ID': 346514, 'ConnectionTypeID': 25, 'StatusTypeID': 50, 'LevelID': 2, 'PowerKW': 11, 'Quantity': 1}]",4.0,50,2022-10-16T09:57:00Z,1,2022-10-15T09:32:00Z,200,208594,Avelingen-West,Avelingen-West,Gorinchem,South Holland,4202MS,159,51.8360073270031,4.939790531752465,,,0,,,,,,,,346514.0,25.0,50.0,2.0,11.0,,1.0,,,,
221,False,2023-02-13T21:02:00Z,208212,FB80590A-D651-4DAC-86B7-20FA97E75F1B,1,1.0,4.0,,"[{'ID': 346511, 'ConnectionTypeID': 25, 'StatusTypeID': 50, 'LevelID': 2, 'PowerKW': 11, 'Quantity': 1}]",4.0,50,2023-02-13T21:02:00Z,1,2022-10-15T09:26:00Z,200,208592,50 Van Heemstraweg,50 Van Heemstraweg,West Maas en Waal,Gelderland,6658KH,159,51.87832100591848,5.522909074397148,,,0,,,,,CPID LIB_2912,,,346511.0,25.0,50.0,2.0,11.0,,1.0,,,,
222,False,2022-10-10T19:59:00Z,207411,F8A12675-1011-453F-A988-6FFCD92E2089,1,63.0,4.0,,"[{'ID': 345323, 'ConnectionTypeID': 25, 'Reference': 'NL-GFX-ENTLP007209-2', 'StatusTypeID': 50, 'LevelID': 2, 'PowerKW': 17, 'CurrentTypeID': 20, 'Quantity': 1}, {'ID': 345324, 'ConnectionTypeID': 25, 'Reference': 'NL-GFX-ENTLP007209-1', 'StatusTypeID': 50, 'LevelID': 2, 'PowerKW': 17, 'CurrentTypeID': 20, 'Quantity': 1}]",1.0,50,2022-10-10T19:59:00Z,1,2022-10-10T18:40:00Z,200,207791,4 Einsteinstraat,4 Einsteinstraat,Haarlem,North Holland,2014KS,159,52.36773974028,4.612164531240637,+31 (0) 30 41 00 887,,0,,,,,,,,345323.0,25.0,50.0,2.0,17.0,20.0,1.0,NL-GFX-ENTLP007209-2,,,
223,False,2022-10-10T20:18:00Z,206938,4540E353-26BD-4D16-AE8E-C4A4FE87FC4E,1,103.0,1.0,,"[{'ID': 344651, 'ConnectionTypeID': 25, 'Reference': 'NLALLEGO0043541', 'StatusTypeID': 50, 'LevelID': 2, 'PowerKW': 22, 'CurrentTypeID': 20, 'Quantity': 1}, {'ID': 345370, 'ConnectionTypeID': 25, 'Reference': 'NLALLEGO0043562', 'StatusTypeID': 50, 'LevelID': 2, 'PowerKW': 22, 'CurrentTypeID': 20, 'Quantity': 1}, {'ID': 345371, 'ConnectionTypeID': 25, 'Reference': 'NLALLEGO0043561', 'StatusTypeID': 50, 'LevelID': 2, 'PowerKW': 22, 'CurrentTypeID': 20, 'Quantity': 1}, {'ID': 345372, 'ConnectionTypeID': 25, 'Reference': 'NLALLEGO0043542', 'StatusTypeID': 50, 'LevelID': 2, 'PowerKW': 22, 'CurrentTypeID': 20, 'Quantity': 1}, {'ID': 345373, 'ConnectionTypeID': 25, 'Reference': 'NLALLEGO0043611', 'StatusTypeID': 50, 'LevelID': 2, 'PowerKW': 22, 'CurrentTypeID': 20, 'Quantity': 1}, {'ID': 345374, 'ConnectionTypeID': 25, 'Reference': 'NLALLEGO0043582', 'StatusTypeID': 50, 'LevelID': 2, 'PowerKW': 22, 'CurrentTypeID': 20, 'Quantity': 1}, {'ID': 345375, 'ConnectionTypeID': 25, 'Reference': 'NLALLEGO0043581', 'StatusTypeID': 50, 'LevelID': 2, 'PowerKW': 22, 'CurrentTypeID': 20, 'Quantity': 1}, {'ID': 345376, 'ConnectionTypeID': 25, 'Reference': 'NLALLEGO0043612', 'StatusTypeID': 50, 'LevelID': 2, 'PowerKW': 22, 'CurrentTypeID': 20, 'Quantity': 1}, {'ID': 345377, 'ConnectionTypeID': 25, 'Reference': 'NLALLEGO0043591', 'StatusTypeID': 50, 'LevelID': 2, 'PowerKW': 22, 'CurrentTypeID': 20, 'Quantity': 1}, {'ID': 345378, 'ConnectionTypeID': 25, 'Reference': 'NLALLEGO0043592', 'StatusTypeID': 50, 'LevelID': 2, 'PowerKW': 22, 'CurrentTypeID': 20, 'Quantity': 1}, {'ID': 345379, 'ConnectionTypeID': 25, 'Reference': 'NLALLEGO0043572', 'StatusTypeID': 50, 'LevelID': 2, 'PowerKW': 22, 'CurrentTypeID': 20, 'Quantity': 1}, {'ID': 345380, 'ConnectionTypeID': 25, 'Reference': 'NLALLEGO0043571', 'StatusTypeID': 50, 'LevelID': 2, 'PowerKW': 22, 'CurrentTypeID': 20, 'Quantity': 1}]",6.0,50,2022-10-10T20:18:00Z,1,2022-10-08T08:01:00Z,200,207318,Johanna's weg,Johanna's weg,,North Holland,1901 NX,159,52.561055179424045,4.636920323230129,,https://smoovapp.eu/,0,,,,,,,,344651.0,25.0,50.0,2.0,22.0,20.0,1.0,NLALLEGO0043541,,,
224,False,2022-10-25T17:29:00Z,204836,2768743F-6912-4980-9EE3-5AE14A5AAB82,1,3574.0,1.0,€ 0.52/kWh,"[{'ID': 342075, 'ConnectionTypeID': 25, 'Reference': '00302', 'StatusTypeID': 50, 'LevelID': 2, 'PowerKW': 22, 'CurrentTypeID': 20, 'Quantity': 2}, {'ID': 342076, 'ConnectionTypeID': 25, 'Reference': '00146', 'StatusTypeID': 50, 'LevelID': 2, 'PowerKW': 22, 'CurrentTypeID': 20, 'Quantity': 2}]",2.0,50,2022-10-25T17:29:00Z,1,2022-10-02T09:59:00Z,200,205203,Shakespeareplein,Shakespeareplein,Utrecht,Utrecht,3533 DA,159,52.088953646361034,5.0900749398151675,+31(071)-568 19 06,https://www.wedrivesolar.nl,0,,,,,,,,342075.0,25.0,50.0,2.0,22.0,20.0,2.0,00302,,,
225,False,2022-10-02T11:45:00Z,204328,24CDBFD8-17F5-47CC-BCD8-B9FA3B8834C3,1,108.0,6.0,€0.5014 / kWh,"[{'ID': 341395, 'ConnectionTypeID': 2, 'StatusTypeID': 50, 'LevelID': 3, 'PowerKW': 50, 'CurrentTypeID': 30, 'Quantity': 1}, {'ID': 341396, 'ConnectionTypeID': 33, 'StatusTypeID': 50, 'LevelID': 3, 'PowerKW': 50, 'CurrentTypeID': 30, 'Quantity': 1}, {'ID': 342096, 'ConnectionTypeID': 1036, 'StatusTypeID': 50, 'LevelID': 3, 'PowerKW': 43, 'CurrentTypeID': 20, 'Quantity': 1}]",1.0,50,2022-10-02T11:45:00Z,1,2022-09-27T10:27:00Z,200,204695,McDonald's Parallelweg,Parallelweg,,North Holland,1948 NV,159,52.48018978217911,4.666021248274205,+31 (0) 88 363 7991,https://incharge.vattenfall.nl,0,,,,,In front of the McDonald's.,,,341395.0,2.0,50.0,3.0,50.0,30.0,1.0,,,,
226,False,2022-09-12T09:24:00Z,202500,7D5C607E-3FC4-44C9-8045-01E21AFC6030,1,63.0,1.0,,"[{'ID': 338641, 'ConnectionTypeID': 25, 'Reference': 'NL-GFX-EPP004022-1', 'StatusTypeID': 50, 'LevelID': 2, 'Amps': 20, 'Voltage': 230, 'PowerKW': 6, 'CurrentTypeID': 10, 'Quantity': 1}, {'ID': 338732, 'ConnectionTypeID': 0, 'Reference': 'NL-GFX-EPP004022-2', 'StatusTypeID': 50, 'LevelID': 2, 'Amps': 20, 'Voltage': 230, 'PowerKW': 6, 'CurrentTypeID': 10, 'Quantity': 1}]",1.0,50,2022-09-12T09:24:00Z,1,2022-09-11T11:45:00Z,200,202867,Nieuwe Kerksplein 16,Nieuwe Kerksplein 16,Haarlem,North Holland,2011 ZT,159,52.37749070088256,4.629442271028097,,,0,,,,,,,,338641.0,25.0,50.0,2.0,6.0,10.0,1.0,NL-GFX-EPP004022-1,20.0,230.0,
227,False,2022-09-07T18:21:00Z,202121,203B4AFA-7BEC-4216-ADDF-D450D1FA32AD,1,63.0,1.0,,"[{'ID': 337815, 'ConnectionTypeID': 25, 'Reference': 'NL*GFX*EPP002195*1', 'StatusTypeID': 50, 'LevelID': 2, 'Amps': 30, 'Voltage': 230, 'PowerKW': 6, 'CurrentTypeID': 10, 'Quantity': 1}, {'ID': 337816, 'ConnectionTypeID': 25, 'Reference': 'NL*GFX*EPP002195*2', 'StatusTypeID': 50, 'LevelID': 2, 'Amps': 30, 'Voltage': 230, 'PowerKW': 6, 'CurrentTypeID': 10, 'Quantity': 1}]",1.0,50,2022-09-07T18:21:00Z,1,2022-09-07T10:21:00Z,200,202488,Stephensonstraat 39,Stephensonstraat 39,Haarlem,North Holland,2014 KB,159,52.369181828691126,4.613651889691823,,,0,,,,,,,,337815.0,25.0,50.0,2.0,6.0,10.0,1.0,NL*GFX*EPP002195*1,30.0,230.0,
228,False,2022-09-04T11:17:00Z,201483,ABEFE2A5-906F-4FD8-AB17-9DB38A65C6FA,1,103.0,4.0,,"[{'ID': 336200, 'ConnectionTypeID': 25, 'Reference': 'NLALLEGO014481-1', 'StatusTypeID': 50, 'LevelID': 2, 'Amps': 32, 'Voltage': 480, 'PowerKW': 26.6, 'CurrentTypeID': 20, 'Quantity': 2}]",1.0,50,2022-09-04T11:17:00Z,1,2022-09-01T20:25:00Z,200,201847,Robijnstraat,Robijnstraat,Leiden,South Holland,2332JL,159,52.15618310880117,4.463912704653239,08003745337,http://www.allego.eu,0,,,,,,,,336200.0,25.0,50.0,2.0,26.6,20.0,2.0,NLALLEGO014481-1,32.0,480.0,
229,False,2024-03-21T10:10:00Z,201482,A4C6D240-C23B-421C-824C-07FE370651B8,1,103.0,4.0,.40,"[{'ID': 336199, 'ConnectionTypeID': 25, 'Reference': 'NLALLEGO0059691', 'StatusTypeID': 50, 'LevelID': 2, 'Amps': 32, 'Voltage': 480, 'PowerKW': 22, 'CurrentTypeID': 20, 'Quantity': 2}]",2.0,50,2024-03-21T10:10:00Z,1,2022-09-01T20:18:00Z,200,201846,7 Carneoolstraat,7 Carneoolstraat,Leiden,South Holland,2332KA,159,52.1546048796059,4.460548931738117,08003745337,https://www.allego.eu,0,,,,,,,,336199.0,25.0,50.0,2.0,22.0,20.0,2.0,NLALLEGO0059691,32.0,480.0,
230,False,2022-09-08T15:21:00Z,201301,AF71D9AD-0018-4685-9188-0F44CB854CC4,1,1.0,0.0,,"[{'ID': 335771, 'ConnectionTypeID': 25, 'Reference': '03008537', 'StatusTypeID': 50, 'LevelID': 2, 'PowerKW': 7.4, 'CurrentTypeID': 20, 'Quantity': 1}]",1.0,50,2022-09-08T15:21:00Z,1,2022-08-26T12:12:00Z,200,201664,Stephensonstraat,Stephensonstraat,Haarlem,North Holland,2014 KD,159,52.36994650289088,4.614159016727285,,,0,,,,"Not sure if it's actually public. Single parking spot next to a store, but there's no sign indicating private property.",,,,335771.0,25.0,50.0,2.0,7.4,20.0,1.0,03008537,,,
231,False,2022-08-28T19:50:00Z,201300,AAA11413-C7AF-4C51-97EA-78522E7287E3,1,1.0,1.0,,"[{'ID': 335770, 'ConnectionTypeID': 25, 'StatusTypeID': 50, 'CurrentTypeID': 20, 'Quantity': 2}]",1.0,50,2022-08-28T19:50:00Z,1,2022-08-26T12:09:00Z,200,201663,Rutherfordstraat,Rutherfordstraat,Haarlem,North Holland,2014 KA,159,52.370876207248756,4.614198948038165,,,0,,,,,,,,335770.0,25.0,50.0,,,20.0,2.0,,,,
232,False,2022-08-12T06:28:00Z,195040,7694A444-92E2-4AF8-8FEB-ED98004AA89D,1,3299.0,1.0,,"[{'ID': 317842, 'ConnectionTypeID': 33, 'StatusTypeID': 50, 'LevelID': 3, 'PowerKW': 350, 'CurrentTypeID': 30, 'Quantity': 3}]",3.0,50,2022-08-12T06:28:00Z,1,2022-08-11T23:09:00Z,200,195399,IONITY Mienscheer,"Rijksweg A2 7, Niebert",Niebert,Groningen,9365 TK,159,53.161647,6.292686,,,0,,,,,,,,317842.0,33.0,50.0,3.0,350.0,30.0,3.0,,,,
233,False,2022-08-08T09:47:00Z,194587,48967583-C8DC-4C72-9732-DC290E0356F2,1,63.0,1.0,"€0.27 per session, €0.31 per kWh, free parking","[{'ID': 317243, 'ConnectionTypeID': 25, 'Reference': 'NL-GFX-EPP004181-1', 'StatusTypeID': 50, 'LevelID': 2, 'PowerKW': 11, 'CurrentTypeID': 20, 'Quantity': 1}, {'ID': 317244, 'ConnectionTypeID': 25, 'Reference': 'NL-GFX-EPP004181-2', 'StatusTypeID': 50, 'LevelID': 2, 'PowerKW': 11, 'CurrentTypeID': 20, 'Quantity': 1}]",1.0,50,2022-08-08T09:47:00Z,1,2022-08-07T10:45:00Z,200,194946,Pijlslaan,Pijlslaan,Haarlem,North Holland,2014 TL,159,52.372003720140015,4.611520743119058,,,0,,,,,,,,317243.0,25.0,50.0,2.0,11.0,20.0,1.0,NL-GFX-EPP004181-1,,,
234,False,2022-10-10T11:20:00Z,194583,E68323DF-A400-48DA-8C8C-18CB43D7628D,1,74.0,,https://fastnedcharging.com/nl/tarieven,"[{'ID': 317231, 'ConnectionTypeID': 33, 'StatusTypeID': 50, 'LevelID': 3, 'PowerKW': 125, 'CurrentTypeID': 30, 'Quantity': 2}, {'ID': 317232, 'ConnectionTypeID': 2, 'StatusTypeID': 50, 'LevelID': 3, 'PowerKW': 50, 'CurrentTypeID': 30, 'Quantity': 1}]",2.0,50,2022-10-10T11:20:00Z,1,2022-08-06T23:20:00Z,100,194942,Twaalfmat,Twaalfmat,Heemskerk,,1967 PV,159,52.500278047265056,4.702634557778197,020-7055300,http://fastned.nl,0,,,support@fastned.nl,,"2 stations have only CCS, 2 have CCS and CHAdeMO",,,317231.0,33.0,50.0,3.0,125.0,30.0,2.0,,,,
235,False,2022-08-09T21:07:00Z,194582,BA03A42F-FDA0-4BD3-A9D3-518DBBBF3F2A,1,63.0,1.0,€0.31 per kWh,"[{'ID': 317230, 'ConnectionTypeID': 25, 'StatusTypeID': 50, 'LevelID': 2, 'PowerKW': 11, 'CurrentTypeID': 20, 'Quantity': 2}]",2.0,50,2022-08-09T21:07:00Z,1,2022-08-06T23:03:00Z,200,194941,Lorentzkade,Lorentzkade,Haarlem,North Holland,2014 CE,159,52.373997763985926,4.611189696895622,,,0,,,,,,,,317230.0,25.0,50.0,2.0,11.0,20.0,2.0,,,,
236,False,2024-03-21T10:11:00Z,194570,FF2CFDAE-0FE3-4387-91E5-A6A1E1F41B5F,1,103.0,4.0,,"[{'ID': 317171, 'ConnectionTypeID': 2, 'StatusTypeID': 50, 'LevelID': 3, 'PowerKW': 50, 'CurrentTypeID': 30, 'Quantity': 1}, {'ID': 317172, 'ConnectionTypeID': 33, 'StatusTypeID': 50, 'LevelID': 3, 'PowerKW': 50, 'CurrentTypeID': 30, 'Quantity': 1}, {'ID': 317173, 'ConnectionTypeID': 1036, 'StatusTypeID': 50, 'LevelID': 3, 'Amps': 63, 'Voltage': 400, 'PowerKW': 43, 'CurrentTypeID': 20, 'Quantity': 1}]",1.0,50,2024-03-21T10:11:00Z,1,2022-08-05T21:57:00Z,200,194929,Botnische golf,Botnische golf,Woerden,Utrecht,3446XW,159,52.07745826113799,4.904246265408801,,,0,,,,,,,,317171.0,2.0,50.0,3.0,50.0,30.0,1.0,,,,
237,False,2022-07-29T15:55:00Z,194365,D24CBF8C-963D-4B29-9C6A-5ACAE96E61D8,1,3299.0,1.0,,"[{'ID': 316697, 'ConnectionTypeID': 33, 'StatusTypeID': 50, 'LevelID': 3, 'PowerKW': 350, 'CurrentTypeID': 30, 'Quantity': 4}]",4.0,50,2022-07-29T15:55:00Z,1,2022-07-28T22:20:00Z,200,194724,IONITY Sandelingen Oost,A16 highway2952 AD ,Hendrik-Ido-Ambacht,,2952 AD,159,51.836003,4.620008,,,0,,,,,,,,316697.0,33.0,50.0,3.0,350.0,30.0,4.0,,,,
238,False,2022-07-25T08:55:00Z,194305,CF5EB74E-1022-486F-997C-FC07F0AFA19E,1,3387.0,1.0, € 0.36/kWh,"[{'ID': 316548, 'ConnectionTypeID': 25, 'Reference': 'E44374', 'StatusTypeID': 50, 'LevelID': 2, 'Amps': 32, 'Voltage': 400, 'PowerKW': 22, 'CurrentTypeID': 20, 'Quantity': 1}, {'ID': 316553, 'ConnectionTypeID': 25, 'Reference': 'E44375', 'StatusTypeID': 50, 'LevelID': 2, 'Amps': 32, 'Voltage': 400, 'PowerKW': 22, 'CurrentTypeID': 20, 'Quantity': 1}]",2.0,50,2022-07-25T08:55:00Z,1,2022-07-24T18:20:00Z,200,194664,Boerderijcamping Zuiderhoeve,Dishoekseweg 28A,Koudekerke,Zeeland,4371 NH,159,51.47525081439318,3.541423812603057,,,0,,,,,,,,316548.0,25.0,50.0,2.0,22.0,20.0,1.0,E44374,32.0,400.0,
239,False,2024-01-26T11:05:00Z,194248,846843E5-E307-4981-B778-2CE70709625B,1,3504.0,1.0,€0.59/kWh,"[{'ID': 316427, 'ConnectionTypeID': 33, 'StatusTypeID': 50, 'LevelID': 3, 'Amps': 250, 'PowerKW': 120, 'CurrentTypeID': 30, 'Quantity': 6}]",6.0,50,2024-01-26T11:05:00Z,1,2022-07-21T13:16:00Z,200,194607,LEAP24 Fast Charge Station,1 Industrieweg,Sittard-Geleen,Limburg,6163AH,159,50.981218592935164,5.826535347417348,,,0,,,,,,,,316427.0,33.0,50.0,3.0,120.0,30.0,6.0,,250.0,,
240,False,2022-08-25T14:53:00Z,194169,104A2B3E-F48D-452C-A1B8-E50B118618CD,1,63.0,4.0,€0.31 per kWh,"[{'ID': 316275, 'ConnectionTypeID': 25, 'Reference': 'NL*GFX*EPP001549*1', 'StatusTypeID': 50, 'LevelID': 2, 'Amps': 16, 'Voltage': 400, 'PowerKW': 11, 'CurrentTypeID': 20, 'Quantity': 1}, {'ID': 316298, 'ConnectionTypeID': 25, 'Reference': 'NL*GFX*EPP001549*2', 'StatusTypeID': 50, 'LevelID': 2, 'Amps': 16, 'Voltage': 400, 'PowerKW': 11, 'CurrentTypeID': 20, 'Quantity': 1}]",2.0,50,2022-08-25T14:53:00Z,1,2022-07-17T07:48:00Z,200,194528,Lorentzkade 192,Lorentzkade 192,Haarlem,North Holland,2014 CE,159,52.37385749804912,4.611194772672775,+31 30 410 0887,https://services.totalenergies.nl,0,,,elektrischrijden@totalenergies.com,,,,,316275.0,25.0,50.0,2.0,11.0,20.0,1.0,NL*GFX*EPP001549*1,16.0,400.0,
241,True,2025-06-06T15:24:00Z,194027,FC60351C-7EEE-445F-A6D4-914C9FE1386B,1,3534.0,1.0,,"[{'ID': 603457, 'ConnectionTypeID': 33, 'StatusTypeID': 50, 'LevelID': 3, 'PowerKW': 250, 'CurrentTypeID': 30, 'Quantity': 24}]",24.0,50,2025-06-06T15:24:00Z,1,2022-07-11T15:26:00Z,200,194386,Tesla Supercharger Maastricht,Slakweg,Maastricht,Limburg,6228,159,50.81612219964967,5.725457854811339,,,0,,,,,,,,603457.0,33.0,50.0,3.0,250.0,30.0,24.0,,,,
242,False,2022-07-14T12:49:00Z,193988,9E012E0D-65F5-4E82-8BD5-BC7B52D764B1,1,1.0,6.0,,[],1.0,50,2022-07-14T12:49:00Z,1,2022-07-11T12:44:00Z,200,194347,Klappermanstraat,Klappermanstraat,,North Brabant,5554EM,159,51.3478214,5.4650453,7714981255,,0,,,mlarchbank@hotmail.com,,,,,,,,,,,,,,,
243,False,2024-01-26T11:05:00Z,193861,8F103F63-FC6E-4CA4-9CBB-F9C29B2276A6,1,3504.0,1.0,€0.59/kWh incl. VAT,"[{'ID': 315642, 'ConnectionTypeID': 33, 'StatusTypeID': 50, 'LevelID': 3, 'Amps': 250, 'Voltage': 1000, 'PowerKW': 120, 'CurrentTypeID': 30, 'Quantity': 7}]",7.0,50,2024-01-26T11:05:00Z,1,2022-07-04T12:13:00Z,200,194220,LEAP24 Snellaadstation,Reyerdijk 110,Rotterdam,Zuid Holland,3079ND,159,51.88148057397515,4.542689376008184,0800-2600005,http://leap24.eu,0,,,,,Vans fit on parking bays,,,315642.0,33.0,50.0,3.0,120.0,30.0,7.0,,250.0,1000.0,
244,False,2022-06-06T12:10:00Z,193379,F5C03586-4AB4-455E-9629-3E7C08BAA86D,1,1.0,4.0,,"[{'ID': 314565, 'ConnectionTypeID': 2, 'StatusTypeID': 50, 'LevelID': 3, 'PowerKW': 50, 'CurrentTypeID': 30, 'Quantity': 1}, {'ID': 314566, 'ConnectionTypeID': 33, 'StatusTypeID': 50, 'LevelID': 3, 'PowerKW': 50, 'CurrentTypeID': 30, 'Quantity': 1}]",1.0,50,2022-06-06T12:10:00Z,1,2022-06-06T08:58:00Z,200,193738,31 Hoofdstraat,31 Hoofdstraat,Gorssel,Gelderland,7213CP,159,52.1982121,6.199734,,,0,,,,,Near church Gorssel,,,314565.0,2.0,50.0,3.0,50.0,30.0,1.0,,,,
245,False,2022-06-06T08:01:00Z,193375,AEC834D6-D363-4E12-B719-4FAE1C6E7B1B,1,1.0,4.0,"0,69","[{'ID': 314558, 'ConnectionTypeID': 33, 'StatusTypeID': 50, 'LevelID': 3, 'Amps': 250, 'PowerKW': 150, 'CurrentTypeID': 30, 'Quantity': 2}]",1.0,50,2022-06-06T08:01:00Z,1,2022-06-05T18:50:00Z,200,193734,Shell Tatelaar Didam,Tatelaarweg 21,Didam,Gelderland,6941RB,159,51.93702950683783,6.105900472739108,0031316294322,http://ww.tatelaar.nl,0,,,,,Shell tatelaar cafe,,0031316294322,314558.0,33.0,50.0,3.0,150.0,30.0,2.0,,250.0,,
246,False,2022-06-06T08:52:00Z,193365,0F0ABCDC-93A6-46DE-A4A1-FAA0D5423ED8,1,47.0,1.0,€ 0.35/kWh,"[{'ID': 314544, 'ConnectionTypeID': 25, 'StatusTypeID': 50, 'LevelID': 2, 'Amps': 16, 'Voltage': 400, 'PowerKW': 11, 'CurrentTypeID': 20, 'Quantity': 6}]",6.0,50,2022-06-06T08:52:00Z,1,2022-06-04T11:24:00Z,200,193724,26-t Boschlaan,26-t Boschlaan,Oost Gelre,Gelderland,7131RE,159,52.007904406939105,6.555560897646046,0844300038,http://www.powergo.nl,0,,,,,,,+31 (0) 411 74 50 20,314544.0,25.0,50.0,2.0,11.0,20.0,6.0,,16.0,400.0,
247,False,2022-05-27T08:53:00Z,193248,10E4C5F1-D089-4640-8479-3A2087BD10C3,1,1.0,4.0,,"[{'ID': 314328, 'ConnectionTypeID': 25, 'StatusTypeID': 50, 'LevelID': 2, 'Amps': 16, 'Voltage': 230, 'PowerKW': 11, 'CurrentTypeID': 20, 'Quantity': 2}]",1.0,50,2022-05-27T08:53:00Z,1,2022-05-25T15:27:00Z,200,193607,Frans Verpoortenstraat Spaarndam,Frans Verpoortenstraat 3,Spaarndam,North Holland,2064LX,159,52.41261361874487,4.6894929669294925,,,0,2064 LX,,,,,,,314328.0,25.0,50.0,2.0,11.0,20.0,2.0,,16.0,230.0,
248,False,2022-05-27T08:53:00Z,193247,7595BED2-B558-46FF-A290-F75236C0EDAC,1,1.0,4.0,,"[{'ID': 314327, 'ConnectionTypeID': 25, 'StatusTypeID': 50, 'LevelID': 2, 'Amps': 16, 'Voltage': 230, 'PowerKW': 17, 'CurrentTypeID': 20, 'Quantity': 2}]",1.0,50,2022-05-27T08:53:00Z,1,2022-05-25T15:25:00Z,200,193606,Westhoff 95 Spaarndam ,Westhoff 95,Spaarndam,North Holland,2064WC,159,52.413823848322096,4.692106920008882,,,0,2064 WC Spaarndam ,,,,,,,314327.0,25.0,50.0,2.0,17.0,20.0,2.0,,16.0,230.0,
249,False,2022-05-06T20:23:00Z,192942,4C5DAB62-D6A0-415B-A345-CA65F08D056C,1,1.0,5.0,,"[{'ID': 313647, 'ConnectionTypeID': 25, 'StatusTypeID': 50, 'LevelID': 2, 'PowerKW': 11, 'Quantity': 2}]",2.0,50,2022-05-06T20:23:00Z,1,2022-05-05T22:40:00Z,200,193301,Aaltje Noordewierlaan 12,Aaltje Noordewierlaan 12,Bussum,Nordholland,1403JC,159,52.26612194182354,5.183866416416777,,,0,,,,,,,,313647.0,25.0,50.0,2.0,11.0,,2.0,,,,
250,False,2022-05-06T14:34:00Z,192905,95DB7A6A-1452-49EC-A030-E5A568579F22,1,,,,[],0.0,50,2022-05-06T14:34:00Z,1,2022-05-03T14:32:00Z,200,193264,Egel,Egel,,North Brabant,5509RM,159,51.43320684103659,5.399156716910397,,,0,,,,,,,,,,,,,,,,,,
251,False,2022-05-01T12:27:00Z,192799,057729E6-55AA-4021-8FBE-CB72F67B3AD2,1,1.0,4.0,,"[{'ID': 313416, 'ConnectionTypeID': 25, 'StatusTypeID': 50, 'LevelID': 2, 'PowerKW': 22, 'CurrentTypeID': 10, 'Quantity': 1, 'Comments': 'at Coroos conserv company'}]",1.0,50,2022-05-01T12:27:00Z,1,2022-04-29T16:59:00Z,200,193158,Middenweg,Middenweg,Kapelle,Zeeland,4421JG,159,51.47255496048646,3.969291790664556,,,0,,,,,,,,313416.0,25.0,50.0,2.0,22.0,10.0,1.0,,,,at Coroos conserv company
252,False,2023-02-13T21:02:00Z,192609,101E0097-A5BE-43E2-887A-AC351205D457,1,47.0,4.0,"0,60/kWh","[{'ID': 313008, 'ConnectionTypeID': 25, 'StatusTypeID': 50, 'LevelID': 2, 'Amps': 12, 'Voltage': 400, 'PowerKW': 7, 'CurrentTypeID': 20, 'Quantity': 1}]",1.0,50,2023-02-13T21:02:00Z,1,2022-04-18T12:00:00Z,200,192968,de Kerentuin 20,de Kerentuin 20,West Maas en Waal,Gelderland,6658WK,159,51.88218652825981,5.519846062022907,,,0,,,,,,,,313008.0,25.0,50.0,2.0,7.0,20.0,1.0,,12.0,400.0,
253,False,2022-04-20T16:25:00Z,192595,F83DF058-0586-43D6-BD82-DB8C38C7831D,1,74.0,1.0,"0,86 without membership, 0,45 with membership","[{'ID': 312987, 'ConnectionTypeID': 33, 'StatusTypeID': 50, 'LevelID': 3, 'PowerKW': 300, 'CurrentTypeID': 30, 'Quantity': 4}, {'ID': 312988, 'ConnectionTypeID': 2, 'StatusTypeID': 50, 'LevelID': 2, 'PowerKW': 50, 'Quantity': 2}]",4.0,50,2022-04-20T16:25:00Z,1,2022-04-17T22:35:00Z,200,192954,FastNed Dekkersland,Dekkersland A28,Staphorst,,7951 DH,159,52.62403274801221,6.208360886758413,,,0,,,,,,,,312987.0,33.0,50.0,3.0,300.0,30.0,4.0,,,,
254,False,2022-04-20T09:43:00Z,192594,182F6818-C7C9-4786-A86A-D534B99796D1,1,74.0,1.0,"0,86 without membership, 0,45 with membership","[{'ID': 312985, 'ConnectionTypeID': 33, 'StatusTypeID': 50, 'LevelID': 3, 'PowerKW': 300, 'CurrentTypeID': 30, 'Quantity': 4}, {'ID': 312986, 'ConnectionTypeID': 2, 'StatusTypeID': 50, 'LevelID': 2, 'PowerKW': 50, 'Quantity': 2}]",1.0,50,2022-04-20T09:43:00Z,1,2022-04-17T22:30:00Z,200,192953,Fastned Paardeweide,Paardeweide A32,Darp,,7948 LH,159,52.75153539954195,6.189469149620919,,,0,,,,,,,,312985.0,33.0,50.0,3.0,300.0,30.0,4.0,,,,
255,False,2024-01-26T11:05:00Z,192549,5806EBD3-2FA6-4F30-8853-D8B8EC1C5398,1,3504.0,1.0,€0.59/kWh incl. VAT,"[{'ID': 312877, 'ConnectionTypeID': 33, 'Reference': 'LEAP24.eu', 'StatusTypeID': 50, 'LevelID': 3, 'Amps': 250, 'PowerKW': 120, 'CurrentTypeID': 30, 'Quantity': 4}]",4.0,50,2024-01-26T11:05:00Z,1,2022-04-12T13:54:00Z,200,192908,LEAP 24 Fast Charging Station - Almere Transistorstraat,Transistorstraat,Almere,Flevoland,1322CK,159,52.34607107001267,5.178145318981848,0800-2600005,https://www.leap24.eu,0,,,,Between Schattepatat and Garagepark,costs are VAT included,,,312877.0,33.0,50.0,3.0,120.0,30.0,4.0,LEAP24.eu,250.0,,
256,False,2022-04-11T06:54:00Z,192503,75C50190-3A1B-4332-86CA-C391356AADAC,1,74.0,1.0,"0,86 without membership, 0,45 with membership","[{'ID': 312790, 'ConnectionTypeID': 33, 'StatusTypeID': 50, 'LevelID': 3, 'PowerKW': 300, 'CurrentTypeID': 30, 'Quantity': 4}, {'ID': 312791, 'ConnectionTypeID': 2, 'StatusTypeID': 50, 'LevelID': 2, 'PowerKW': 50, 'Quantity': 2}]",4.0,50,2022-04-11T06:54:00Z,1,2022-04-10T15:15:00Z,200,192862,FastNed Bovenboer,Rijksweg A32,Darp,Drenthe,7973KT,159,52.753472323568644,6.186789231245712,,,0,,,,,,,,312790.0,33.0,50.0,3.0,300.0,30.0,4.0,,,,
257,False,2022-04-06T22:19:00Z,192439,BC88010C-296D-48B1-A222-D959B847C318,1,103.0,1.0,"€0,39 kW/h","[{'ID': 312635, 'ConnectionTypeID': 25, 'StatusTypeID': 50, 'LevelID': 2, 'Amps': 16, 'PowerKW': 11, 'CurrentTypeID': 20, 'Quantity': 2}]",2.0,50,2022-04-06T22:19:00Z,1,2022-04-03T22:14:00Z,200,192798,Allego Zwaluwstraat 15,Zwaluwstraat 15,Maassluis,Zuid-Holland,3145NG,159,51.93141936867795,4.238358198599883,,,0,,,,,,,,312635.0,25.0,50.0,2.0,11.0,20.0,2.0,,16.0,,
258,False,2022-04-06T21:49:00Z,192438,F87CAFB4-D029-4753-9707-E292ED9D6278,1,74.0,1.0,,"[{'ID': 312634, 'ConnectionTypeID': 33, 'StatusTypeID': 50, 'LevelID': 3, 'PowerKW': 300, 'CurrentTypeID': 30, 'Quantity': 4}]",4.0,50,2022-04-06T21:49:00Z,1,2022-04-03T21:46:00Z,200,192797,Fastned Peulwijk-Oost,Rijksweg A4,Den Hoorn,Zuid-Holland,2635BW,159,52.00917951726262,4.312016522762235,,,0,,,,,,,,312634.0,33.0,50.0,3.0,300.0,30.0,4.0,,,,
259,False,2022-04-06T21:44:00Z,192437,74191846-9132-4229-9F74-E5749C3F2D25,1,74.0,1.0,,"[{'ID': 312632, 'ConnectionTypeID': 33, 'StatusTypeID': 50, 'LevelID': 3, 'PowerKW': 300, 'CurrentTypeID': 30, 'Quantity': 10}, {'ID': 312633, 'ConnectionTypeID': 2, 'StatusTypeID': 50, 'LevelID': 3, 'PowerKW': 50, 'CurrentTypeID': 30, 'Quantity': 2}]",10.0,50,2022-04-06T21:44:00Z,1,2022-04-03T21:40:00Z,200,192796,Fastned Hogenhoorn,Hogenhoorn 3,Den Hoorn,Zuid-Holland,2635 BZ,159,52.01195360295989,4.315466804741391,,,0,,,,,,,,312632.0,33.0,50.0,3.0,300.0,30.0,10.0,,,,
260,False,2024-03-21T10:13:00Z,192339,7BC34EE6-5499-4F51-A08A-BC3164D47B35,1,1.0,1.0,,"[{'ID': 312483, 'ConnectionTypeID': 1036, 'StatusTypeID': 50, 'LevelID': 2, 'Amps': 16, 'Voltage': 400, 'PowerKW': 11, 'CurrentTypeID': 20, 'Quantity': 1, 'Comments': 'fixed cable'}]",1.0,50,2024-03-21T10:13:00Z,1,2022-03-30T13:39:00Z,200,192698,van Eerbeeklaan 2,van Eerbeeklaan 2,Uithoorn,Noord-Holland,1422GG,159,52.24550215072222,4.829777348453177,,,0,,,,,,,,312483.0,1036.0,50.0,2.0,11.0,20.0,1.0,,16.0,400.0,fixed cable
261,False,2022-02-21T22:09:00Z,191685,006EEA5F-8258-4179-AC33-4EB27C157A78,1,1.0,4.0,,"[{'ID': 311293, 'ConnectionTypeID': 25, 'StatusTypeID': 50, 'LevelID': 2, 'Amps': 16, 'Voltage': 400, 'PowerKW': 11, 'CurrentTypeID': 20, 'Quantity': 2}]",2.0,50,2022-02-21T22:09:00Z,1,2022-02-21T09:15:00Z,200,192044,Platanenlaan 12,Platanenlaan 12,Nederhorst den Berg,Noord-Holland,1394 JR,159,52.25009579068714,5.046898739448807,,,0,,,,,,,,311293.0,25.0,50.0,2.0,11.0,20.0,2.0,,16.0,400.0,
262,False,2022-02-22T08:20:00Z,191683,F9A89AA7-6DF3-4206-9E8B-8C67AA1090AD,1,45.0,6.0,,"[{'ID': 311291, 'ConnectionTypeID': 25, 'StatusTypeID': 50, 'LevelID': 2, 'Amps': 16, 'Voltage': 400, 'PowerKW': 11, 'CurrentTypeID': 20, 'Quantity': 5}]",5.0,50,2022-02-22T08:20:00Z,1,2022-02-20T22:53:00Z,200,192042,5 Goeseelsstraat,5 Goeseelsstraat,Breda,North Brabant,4817MV,159,51.59475608450231,4.797436275629025,,,0,,,,,,,,311291.0,25.0,50.0,2.0,11.0,20.0,5.0,,16.0,400.0,
263,False,2022-02-07T08:54:00Z,191365,E7FF6AE2-F8C2-4F06-9676-810854CA488F,1,38.0,1.0,0,"[{'ID': 310649, 'ConnectionTypeID': 2, 'StatusTypeID': 50, 'LevelID': 3, 'Amps': 120, 'Voltage': 400, 'PowerKW': 50, 'CurrentTypeID': 30, 'Quantity': 1}, {'ID': 310650, 'ConnectionTypeID': 33, 'StatusTypeID': 50, 'LevelID': 3, 'Amps': 120, 'Voltage': 400, 'PowerKW': 50, 'CurrentTypeID': 30, 'Quantity': 1}, {'ID': 310651, 'ConnectionTypeID': 1036, 'StatusTypeID': 50, 'LevelID': 3, 'PowerKW': 43, 'CurrentTypeID': 20, 'Quantity': 1, 'Comments': ''}]",2.0,50,2022-02-07T08:54:00Z,1,2022-02-07T08:54:00Z,200,191724,Lidl - Woerden,Lepellaan 1,Woerden,UTRECHT,,159,52.0815342436093,4.8763468008691575,,,0,,,,,"FREE for Shoppers, 30 minutes. ",,,310649.0,2.0,50.0,3.0,50.0,30.0,1.0,,120.0,400.0,
264,False,2021-12-29T14:57:00Z,190860,29C2D400-F957-4E36-8069-B4416ABDBA3F,1,103.0,4.0,,"[{'ID': 309557, 'ConnectionTypeID': 0, 'StatusTypeID': 50, 'LevelID': 2, 'Amps': 16, 'Voltage': 400, 'PowerKW': 11, 'CurrentTypeID': 20, 'Quantity': 2}]",2.0,50,2021-12-29T14:57:00Z,1,2021-12-28T19:07:00Z,200,191219,Martinetsingel,Martinetsingel,Zutphen,Gelderland,7201DZ,159,52.139127107971944,6.198663242153316,,,0,,,,,,,,309557.0,0.0,50.0,2.0,11.0,20.0,2.0,,16.0,400.0,
265,False,2021-12-29T14:58:00Z,190859,CF7FA27E-7D98-42F0-A4E6-B870D890109A,1,3387.0,4.0,,"[{'ID': 309556, 'ConnectionTypeID': 25, 'StatusTypeID': 50, 'LevelID': 2, 'Amps': 32, 'Voltage': 400, 'PowerKW': 22, 'CurrentTypeID': 20, 'Quantity': 12}]",12.0,50,2021-12-29T14:58:00Z,1,2021-12-28T19:05:00Z,200,191218,45 Zijlvest,Zijlvest 45,Haarlem,North Holland,2011VB,159,52.38162773568132,4.629299343716525,,,0,,,,,Inside parking garage,,,309556.0,25.0,50.0,2.0,22.0,20.0,12.0,,32.0,400.0,
266,False,2021-12-29T15:01:00Z,190858,0691509F-69E8-4F0B-B6DD-E2B81CAC1E6A,1,73.0,4.0,,"[{'ID': 309555, 'ConnectionTypeID': 25, 'Reference': 'EVB-P2004138', 'StatusTypeID': 50, 'LevelID': 2, 'Amps': 16, 'Voltage': 400, 'PowerKW': 11, 'CurrentTypeID': 20, 'Quantity': 1}]",1.0,50,2021-12-29T15:01:00Z,1,2021-12-28T19:00:00Z,200,191217,Johan de Wittstraat 3,Johan de Wittstraat 3,Wassenaar,South Holland,2242LB,159,52.142832881845806,4.396562071018252,,,0,,,,,,,,309555.0,25.0,50.0,2.0,11.0,20.0,1.0,EVB-P2004138,16.0,400.0,
267,False,2021-12-29T15:03:00Z,190857,47493C76-B424-4172-8489-C5C5EF1A43CC,1,63.0,4.0,,"[{'ID': 309554, 'ConnectionTypeID': 25, 'Reference': '05b16ccf-d8f8-44fe-8efb-7915f8750795', 'StatusTypeID': 50, 'LevelID': 2, 'Amps': 16, 'Voltage': 400, 'PowerKW': 11, 'CurrentTypeID': 20, 'Quantity': 2}]",2.0,50,2021-12-29T15:03:00Z,1,2021-12-28T18:58:00Z,200,191216,Koorstraat,Koorstraat,Haarlem,North Holland,2012GP,159,52.37612866380192,4.6232540415333006,,,0,,,,,,,,309554.0,25.0,50.0,2.0,11.0,20.0,2.0,05b16ccf-d8f8-44fe-8efb-7915f8750795,16.0,400.0,
268,False,2022-08-18T14:40:00Z,190856,836DA649-A065-4188-A7ED-08A3853D970D,1,63.0,4.0,,"[{'ID': 309553, 'ConnectionTypeID': 25, 'Reference': '38dfb187-8c7e-4996-9ded-b67adf8c7524', 'StatusTypeID': 50, 'LevelID': 2, 'Amps': 32, 'Voltage': 400, 'PowerKW': 22, 'CurrentTypeID': 20, 'Quantity': 2}, {'ID': 319675, 'ConnectionTypeID': 25, 'StatusTypeID': 50, 'LevelID': 2, 'CurrentTypeID': 20, 'Quantity': 2}]",2.0,50,2022-08-18T14:40:00Z,1,2021-12-28T18:56:00Z,200,191215,Westerstraat,Westerstraat,Haarlem,North Holland,2013PN,159,52.38002741031801,4.617947970403748,,,0,,,,,,,,309553.0,25.0,50.0,2.0,22.0,20.0,2.0,38dfb187-8c7e-4996-9ded-b67adf8c7524,32.0,400.0,
269,False,2021-12-29T15:24:00Z,190855,2B325EEA-7B28-4193-92AF-143085972AE1,1,63.0,4.0,,"[{'ID': 309552, 'ConnectionTypeID': 25, 'Reference': '6a4ec87f-a6d6-400a-aece-4e7ec64beb8f', 'StatusTypeID': 50, 'LevelID': 2, 'Amps': 16, 'Voltage': 400, 'PowerKW': 11, 'CurrentTypeID': 20, 'Quantity': 2}]",2.0,50,2021-12-29T15:24:00Z,1,2021-12-28T18:55:00Z,200,191214,Leidseplein 5,Leidseplein 5,Haarlem,North Holland,2013PV,159,52.37936273410284,4.624896923061669,,,0,,,,,,,,309552.0,25.0,50.0,2.0,11.0,20.0,2.0,6a4ec87f-a6d6-400a-aece-4e7ec64beb8f,16.0,400.0,
270,False,2021-12-29T15:25:00Z,190854,0124B77E-45A9-4C32-AE49-26E655C05CF9,1,63.0,4.0,,"[{'ID': 309551, 'ConnectionTypeID': 25, 'StatusTypeID': 50, 'LevelID': 2, 'Amps': 16, 'Voltage': 400, 'PowerKW': 11, 'CurrentTypeID': 20, 'Quantity': 2}]",2.0,50,2021-12-29T15:25:00Z,1,2021-12-28T18:53:00Z,200,191213,Leidsevaart,Leidsevaart,Haarlem,North Holland,2013HC,159,52.379180705342606,4.6255161386943655,,,0,,,,,,,,309551.0,25.0,50.0,2.0,11.0,20.0,2.0,,16.0,400.0,
271,False,2021-12-29T15:26:00Z,190853,97FE51C3-D124-4890-801C-62EA4524817B,1,63.0,4.0,,"[{'ID': 309550, 'ConnectionTypeID': 25, 'StatusTypeID': 50, 'LevelID': 2, 'Amps': 16, 'Voltage': 400, 'PowerKW': 11, 'CurrentTypeID': 20, 'Quantity': 2}]",2.0,50,2021-12-29T15:26:00Z,1,2021-12-28T18:51:00Z,200,191212,Emmaplein 44,Emmaplein 44,Haarlem,North Holland,2014XK,159,52.37615398667208,4.620922324279832,,,0,,,,,,,,309550.0,25.0,50.0,2.0,11.0,20.0,2.0,,16.0,400.0,
272,False,2021-12-31T18:54:00Z,190852,53997AA1-7C15-4CAA-832F-0919D759D4AA,1,3447.0,1.0,,"[{'ID': 309549, 'ConnectionTypeID': 0, 'StatusTypeID': 50, 'LevelID': 2, 'PowerKW': 11}]",2.0,50,2021-12-31T18:54:00Z,1,2021-12-28T18:46:00Z,200,191211,Oranjeboomstraat 192,Oranjeboomstraat 192,Haarlem,Noord-Holland,2013WD,159,52.3784293311314,4.621668786092414,,,0,,,,,,,,309549.0,0.0,50.0,2.0,11.0,,,,,,
273,False,2021-12-25T14:46:00Z,190800,BD05C762-CA64-4F49-B045-784B48AD09E4,1,69.0,1.0,,"[{'ID': 309440, 'ConnectionTypeID': 25, 'StatusTypeID': 50, 'LevelID': 2, 'PowerKW': 22, 'CurrentTypeID': 20, 'Quantity': 2}, {'ID': 309441, 'ConnectionTypeID': 25, 'StatusTypeID': 50, 'LevelID': 2, 'PowerKW': 7, 'CurrentTypeID': 10, 'Quantity': 2}]",4.0,50,2021-12-25T14:46:00Z,1,2021-12-25T14:46:00Z,200,191159,Kloosterhof 1 Malden,Kloosterhof 1,Heumen,Gelderland,6581WL,159,51.78351485299547,5.853117655653705,,,0,,,,,,,,309440.0,25.0,50.0,2.0,22.0,20.0,2.0,,,,
274,False,2021-12-25T09:43:00Z,190786,B7964B4D-F380-44FB-86D2-EF1024DE0382,1,103.0,4.0,,"[{'ID': 309412, 'ConnectionTypeID': 25, 'StatusTypeID': 50, 'LevelID': 2, 'Amps': 16, 'Voltage': 400, 'PowerKW': 11, 'CurrentTypeID': 20, 'Quantity': 2}]",2.0,50,2021-12-25T09:43:00Z,1,2021-12-23T12:58:00Z,200,191145, Allego (NL) - 2 Beelen - Tolbert,Beelen 2,Tolbert,Groningen,9356 CA,159,53.16617235219772,6.365452206876483,,,0,,,,,,,,309412.0,25.0,50.0,2.0,11.0,20.0,2.0,,16.0,400.0,
275,False,2021-12-19T21:24:00Z,190742,69729E32-FF5F-448D-938E-8A46CA11E8A2,1,1.0,4.0,,"[{'ID': 309336, 'ConnectionTypeID': 25, 'StatusTypeID': 50, 'LevelID': 2, 'Amps': 16, 'Voltage': 230, 'PowerKW': 11, 'CurrentTypeID': 20, 'Quantity': 2}]",1.0,50,2021-12-19T21:24:00Z,1,2021-12-19T12:50:00Z,200,191101,1A Maliestraat,1A Maliestraat,Utrecht,Utrecht,3581SH,159,52.09439885061656,5.13682600351558,,,0,,,,,,,,309336.0,25.0,50.0,2.0,11.0,20.0,2.0,,16.0,230.0,
276,False,2021-12-19T21:24:00Z,190741,C6E392CB-8BA2-4D1C-9F5D-C42D5C139064,1,1.0,4.0,,"[{'ID': 309335, 'ConnectionTypeID': 25, 'StatusTypeID': 50, 'LevelID': 2, 'Amps': 16, 'Voltage': 230, 'PowerKW': 11, 'CurrentTypeID': 20, 'Quantity': 2}]",1.0,50,2021-12-19T21:24:00Z,1,2021-12-19T12:50:00Z,200,191100,Partou Kinderopvang,Partou Kinderopvang,Utrecht,Utrecht,3581ET,159,52.09460183680176,5.137383584372742,,,0,,,,,,,,309335.0,25.0,50.0,2.0,11.0,20.0,2.0,,16.0,230.0,
277,False,2021-12-19T21:24:00Z,190740,85DD74F8-33E0-4E40-99CD-D0039A7B9C7B,1,1.0,4.0,,"[{'ID': 309334, 'ConnectionTypeID': 25, 'StatusTypeID': 50, 'LevelID': 2, 'Amps': 16, 'Voltage': 230, 'PowerKW': 11, 'CurrentTypeID': 20, 'Quantity': 2}]",1.0,50,2021-12-19T21:24:00Z,1,2021-12-19T12:48:00Z,200,191099,2 Johan de Wittstraat,2 Johan de Wittstraat,Utrecht,Utrecht,3581XX,159,52.08747062866928,5.1294540610476815,,,0,,,,,,,,309334.0,25.0,50.0,2.0,11.0,20.0,2.0,,16.0,230.0,
278,False,2021-12-19T21:25:00Z,190739,399A56CB-BF57-4BE3-BE25-8322719D9A0E,1,1.0,4.0,,"[{'ID': 309333, 'ConnectionTypeID': 25, 'StatusTypeID': 50, 'LevelID': 2, 'Amps': 16, 'Voltage': 230, 'PowerKW': 11, 'CurrentTypeID': 20, 'Quantity': 2}]",1.0,50,2021-12-19T21:25:00Z,1,2021-12-19T12:48:00Z,200,191098,50 Maliesingel,50 Maliesingel,Utrecht,Utrecht,3581BN,159,52.08681383473356,5.12965218031195,,,0,,,,,,,,309333.0,25.0,50.0,2.0,11.0,20.0,2.0,,16.0,230.0,
279,False,2021-12-19T21:25:00Z,190738,400F9DB4-48C8-4D21-A366-349E9F5E73C6,1,1.0,4.0,,"[{'ID': 309332, 'ConnectionTypeID': 25, 'StatusTypeID': 50, 'LevelID': 2, 'Amps': 16, 'Voltage': 230, 'PowerKW': 11, 'CurrentTypeID': 20, 'Quantity': 2}]",1.0,50,2021-12-19T21:25:00Z,1,2021-12-19T12:45:00Z,200,191097,146-BS Frederik Hendrikstraat,146-BS Frederik Hendrikstraat,Utrecht,Utrecht,3583VS,159,52.08753185131545,5.144907961435706,,,0,,,,,,,,309332.0,25.0,50.0,2.0,11.0,20.0,2.0,,16.0,230.0,
280,False,2021-12-19T21:25:00Z,190737,5807B867-D0B9-4905-BD95-89CD52639D44,1,1.0,4.0,,"[{'ID': 309331, 'ConnectionTypeID': 25, 'StatusTypeID': 50, 'LevelID': 2, 'Amps': 16, 'Voltage': 230, 'PowerKW': 11, 'CurrentTypeID': 20, 'Quantity': 2}]",1.0,50,2021-12-19T21:25:00Z,1,2021-12-19T12:44:00Z,200,191096,Frederik Hendrikstraat,Frederik Hendrikstraat,Utrecht,Utrecht,3583VN,159,52.0893326912462,5.144997951445703,,,0,,,,,,,,309331.0,25.0,50.0,2.0,11.0,20.0,2.0,,16.0,230.0,
281,False,2021-12-19T21:25:00Z,190736,C8C7BD55-7825-4B4C-9025-71387A9A4866,1,1.0,4.0,,"[{'ID': 309330, 'ConnectionTypeID': 25, 'StatusTypeID': 50, 'LevelID': 2, 'Amps': 16, 'Voltage': 230, 'PowerKW': 11, 'CurrentTypeID': 20, 'Quantity': 2}]",1.0,50,2021-12-19T21:25:00Z,1,2021-12-19T12:44:00Z,200,191095,Dillenburgstraat,Dillenburgstraat,Utrecht,Utrecht,3583VC,159,52.08933791435135,5.144052165853964,,,0,,,,,,,,309330.0,25.0,50.0,2.0,11.0,20.0,2.0,,16.0,230.0,
282,False,2021-12-19T21:25:00Z,190735,B2732172-F1C2-4135-836D-8F962CCEF7FD,1,1.0,4.0,,"[{'ID': 309329, 'ConnectionTypeID': 25, 'StatusTypeID': 50, 'LevelID': 2, 'Amps': 16, 'Voltage': 230, 'PowerKW': 11, 'CurrentTypeID': 20, 'Quantity': 2}]",1.0,50,2021-12-19T21:25:00Z,1,2021-12-19T12:43:00Z,200,191094,Frederik Hendrikstraat,Frederik Hendrikstraat,Utrecht,Utrecht,3583VV,159,52.09133977918398,5.144411430434616,,,0,,,,,,,,309329.0,25.0,50.0,2.0,11.0,20.0,2.0,,16.0,230.0,
283,False,2021-12-19T21:25:00Z,190734,017EF5B4-F08A-4930-9B20-88172B943555,1,1.0,4.0,,"[{'ID': 309328, 'ConnectionTypeID': 25, 'StatusTypeID': 50, 'LevelID': 2, 'Amps': 16, 'Voltage': 230, 'PowerKW': 11, 'CurrentTypeID': 20, 'Quantity': 2}]",1.0,50,2021-12-19T21:25:00Z,1,2021-12-19T12:43:00Z,200,191093,22 Johan Willem Frisostraat,22 Johan Willem Frisostraat,Utrecht,Utrecht,3583JT,159,52.091211258387716,5.14362166824526,,,0,,,,,,,,309328.0,25.0,50.0,2.0,11.0,20.0,2.0,,16.0,230.0,
284,False,2021-12-19T21:25:00Z,190733,53896F5E-DB3D-4405-A036-8693C3417C39,1,1.0,4.0,,"[{'ID': 309327, 'ConnectionTypeID': 25, 'StatusTypeID': 50, 'LevelID': 2, 'Amps': 16, 'Voltage': 230, 'PowerKW': 11, 'CurrentTypeID': 20, 'Quantity': 2}]",1.0,50,2021-12-19T21:25:00Z,1,2021-12-19T12:43:00Z,200,191092,Johan Willem Frisostraat,Johan Willem Frisostraat,Utrecht,Utrecht,3583JR,159,52.09091765343223,5.1426455651408105,,,0,,,,,,,,309327.0,25.0,50.0,2.0,11.0,20.0,2.0,,16.0,230.0,
285,False,2021-12-19T21:25:00Z,190732,05963D16-C0FA-4E91-A905-E2D25F0EDC7A,1,1.0,4.0,,"[{'ID': 309326, 'ConnectionTypeID': 0, 'StatusTypeID': 50}]",1.0,50,2021-12-19T21:25:00Z,1,2021-12-19T12:40:00Z,200,191091,Stolberglaan,Stolberglaan,Utrecht,Utrecht,3583HN,159,52.09156927028508,5.142013335418824,,,0,,,,,,,,309326.0,0.0,50.0,,,,,,,,
286,False,2021-12-19T21:25:00Z,190731,B1AB24C7-FC0A-43A9-B4BC-DBB54388A21D,1,1.0,4.0,,"[{'ID': 309325, 'ConnectionTypeID': 25, 'StatusTypeID': 50, 'LevelID': 2, 'Amps': 16, 'Voltage': 230, 'PowerKW': 11, 'CurrentTypeID': 20, 'Quantity': 2}]",1.0,50,2021-12-19T21:25:00Z,1,2021-12-19T12:38:00Z,200,191090,Emmalaan,Emmalaan,Utrecht,Utrecht,3581HM,159,52.09334789225565,5.13998540702346,,,0,,,,,,,,309325.0,25.0,50.0,2.0,11.0,20.0,2.0,,16.0,230.0,
287,False,2021-12-19T21:26:00Z,190730,5C1A2EE6-38FF-4268-B1F5-79BD6F6C1B8A,1,1.0,4.0,,"[{'ID': 309324, 'ConnectionTypeID': 25, 'StatusTypeID': 50, 'LevelID': 2, 'Amps': 16, 'Voltage': 230, 'PowerKW': 11, 'CurrentTypeID': 20, 'Quantity': 2}]",1.0,50,2021-12-19T21:26:00Z,1,2021-12-19T12:37:00Z,200,191089,74 Wolter Heukelslaan,74 Wolter Heukelslaan,Utrecht,Utrecht,3581SV,159,52.094065878017204,5.138216938305618,,,0,,,,,,,,309324.0,25.0,50.0,2.0,11.0,20.0,2.0,,16.0,230.0,
288,False,2021-12-19T21:26:00Z,190729,C4F150B5-BABA-45F0-9863-7CC2C851F9CE,1,1.0,4.0,,"[{'ID': 309323, 'ConnectionTypeID': 25, 'StatusTypeID': 50, 'LevelID': 2, 'Amps': 16, 'Voltage': 230, 'PowerKW': 11, 'CurrentTypeID': 20, 'Quantity': 2}]",1.0,50,2021-12-19T21:26:00Z,1,2021-12-19T12:37:00Z,200,191088,70 Wolter Heukelslaan,70 Wolter Heukelslaan,Utrecht,Utrecht,3581SV,159,52.093662668099284,5.138263700923744,,,0,,,,,,,,309323.0,25.0,50.0,2.0,11.0,20.0,2.0,,16.0,230.0,
289,False,2021-12-19T21:26:00Z,190728,2FE27AE1-0EA5-4CA8-9DE7-CBEACAA12582,1,1.0,4.0,,"[{'ID': 309322, 'ConnectionTypeID': 25, 'StatusTypeID': 50, 'LevelID': 2, 'Amps': 16, 'Voltage': 230, 'PowerKW': 11, 'CurrentTypeID': 20, 'Quantity': 2}]",1.0,50,2021-12-19T21:26:00Z,1,2021-12-19T12:36:00Z,200,191087,65A-BS Wolter Heukelslaan,65A-BS Wolter Heukelslaan,Utrecht,Utrecht,3581SV,159,52.09299309878932,5.137815118952972,,,0,,,,,,,,309322.0,25.0,50.0,2.0,11.0,20.0,2.0,,16.0,230.0,
290,False,2021-12-19T21:26:00Z,190727,9EB25934-6F8B-4C91-855D-0055B107AEB2,1,1.0,4.0,,"[{'ID': 309321, 'ConnectionTypeID': 25, 'StatusTypeID': 50, 'LevelID': 2, 'Amps': 16, 'Voltage': 230, 'PowerKW': 11, 'CurrentTypeID': 20, 'Quantity': 2}]",1.0,50,2021-12-19T21:26:00Z,1,2021-12-19T12:35:00Z,200,191086,Zonnehof,Zonnehof,Utrecht,Utrecht,3581MZ,159,52.08557265458322,5.134593090747785,,,0,,,,,,,,309321.0,25.0,50.0,2.0,11.0,20.0,2.0,,16.0,230.0,
291,False,2021-12-19T21:26:00Z,190726,66936221-B90B-4F8E-8551-5014BBD34E1F,1,1.0,4.0,,"[{'ID': 309320, 'ConnectionTypeID': 25, 'StatusTypeID': 50, 'LevelID': 2, 'Amps': 16, 'Voltage': 230, 'PowerKW': 11, 'CurrentTypeID': 20, 'Quantity': 2}]",1.0,50,2021-12-19T21:26:00Z,1,2021-12-19T12:35:00Z,200,191085,62 Homeruslaan,62 Homeruslaan,Utrecht,Utrecht,3581MJ,159,52.08539424128722,5.1366493877505945,,,0,,,,,,,,309320.0,25.0,50.0,2.0,11.0,20.0,2.0,,16.0,230.0,
292,False,2021-12-19T21:26:00Z,190725,77460107-E1C2-41A5-9587-C91AC848D36B,1,1.0,4.0,,"[{'ID': 309319, 'ConnectionTypeID': 25, 'StatusTypeID': 50, 'LevelID': 2, 'Amps': 16, 'Voltage': 230, 'PowerKW': 11, 'CurrentTypeID': 20, 'Quantity': 2}]",1.0,50,2021-12-19T21:26:00Z,1,2021-12-19T12:34:00Z,200,191084,Koningslaan,Koningslaan,Utrecht,Utrecht,3583GV,159,52.08549713969251,5.139713048908561,,,0,,,,,,,,309319.0,25.0,50.0,2.0,11.0,20.0,2.0,,16.0,230.0,
293,False,2021-12-19T21:26:00Z,190724,29E0E4EA-04A9-48EF-9EA6-004060C6DEA9,1,1.0,4.0,,"[{'ID': 309318, 'ConnectionTypeID': 25, 'StatusTypeID': 50, 'LevelID': 2, 'Amps': 16, 'Voltage': 230, 'PowerKW': 11, 'CurrentTypeID': 20, 'Quantity': 2}]",1.0,50,2021-12-19T21:26:00Z,1,2021-12-19T12:33:00Z,200,191083,Wagendwarsstraat,Wagendwarsstraat,Utrecht,Utrecht,3581WH,159,52.09005478679455,5.133734557582329,,,0,,,,,,,,309318.0,25.0,50.0,2.0,11.0,20.0,2.0,,16.0,230.0,
294,False,2021-12-19T21:26:00Z,190723,C8E3FE05-1B7D-4462-85AB-97E58EEE8F0F,1,1.0,4.0,,"[{'ID': 309317, 'ConnectionTypeID': 25, 'StatusTypeID': 50, 'LevelID': 2, 'Amps': 16, 'Voltage': 230, 'PowerKW': 11, 'CurrentTypeID': 20, 'Quantity': 2}]",1.0,50,2021-12-19T21:26:00Z,1,2021-12-19T12:32:00Z,200,191082,15 Bloesemstraat,15 Bloesemstraat,Utrecht,Utrecht,3581XA,159,52.08818594300041,5.133346335065994,,,0,,,,,,,,309317.0,25.0,50.0,2.0,11.0,20.0,2.0,,16.0,230.0,
295,False,2021-12-19T21:26:00Z,190722,A3D2C5D0-A3FF-4BA2-AAA1-3926D20E7214,1,1.0,4.0,,"[{'ID': 309316, 'ConnectionTypeID': 25, 'StatusTypeID': 50, 'LevelID': 2, 'Amps': 16, 'Voltage': 230, 'PowerKW': 11, 'CurrentTypeID': 20, 'Quantity': 2}]",1.0,50,2021-12-19T21:26:00Z,1,2021-12-19T12:31:00Z,200,191081,Minervaplein,Minervaplein,Utrecht,Utrecht,3581XP,159,52.086329944695024,5.13538062577652,,,0,,,,,,,,309316.0,25.0,50.0,2.0,11.0,20.0,2.0,,16.0,230.0,
296,False,2021-12-19T21:26:00Z,190721,ED61E389-9A4F-4894-8F0C-44713020BEB6,1,1.0,4.0,,"[{'ID': 309315, 'ConnectionTypeID': 25, 'StatusTypeID': 50, 'LevelID': 2, 'Amps': 16, 'Voltage': 230, 'PowerKW': 11, 'CurrentTypeID': 20, 'Quantity': 2}]",1.0,50,2021-12-19T21:26:00Z,1,2021-12-19T12:30:00Z,200,191080,80 Bankstraat,80 Bankstraat,Utrecht,Utrecht,3581LP,159,52.08692819056603,5.135704882230243,,,0,,,,,,,,309315.0,25.0,50.0,2.0,11.0,20.0,2.0,,16.0,230.0,
297,False,2021-12-19T21:26:00Z,190720,43C7C227-2BA6-48BD-980D-00345CC6CB3A,1,1.0,5.0,,"[{'ID': 309314, 'ConnectionTypeID': 0, 'StatusTypeID': 50}]",1.0,50,2021-12-19T21:26:00Z,1,2021-12-19T12:27:00Z,200,191079,Willem de Zwijgerstraat,Willem de Zwijgerstraat,Utrecht,Utrecht,3583HA,159,52.0872231173976,5.14253424432502,,,0,,,,,,,,309314.0,0.0,50.0,,,,,,,,
298,False,2021-12-19T21:26:00Z,190719,0596ACEF-1774-4185-B2EA-324F7B3CFED8,1,1.0,5.0,"0,36 per kWh","[{'ID': 309313, 'ConnectionTypeID': 0, 'StatusTypeID': 50}]",1.0,50,2021-12-19T21:26:00Z,1,2021-12-19T12:23:00Z,200,191078,Dillenburgstraat,Dillenburgstraat,Utrecht,Utrecht,3583VA,159,52.08916478875773,5.142193386030044,,,0,,,,,,,,309313.0,0.0,50.0,,,,,,,,
299,False,2021-12-19T21:27:00Z,190718,1BEBBF07-62A2-4012-A391-0B4680D226FB,1,1.0,5.0,"0,36 per kWh","[{'ID': 309312, 'ConnectionTypeID': 0, 'StatusTypeID': 50}]",1.0,50,2021-12-19T21:27:00Z,1,2021-12-19T12:22:00Z,200,191077,Van Alphenplein,Van Alphenplein,Utrecht,Utrecht,3581JE,159,52.091717725238425,5.138035548936045,,,0,,,,,,,,309312.0,0.0,50.0,,,,,,,,
300,False,2021-12-19T21:27:00Z,190717,4AAA04A5-D7D1-4C65-94B1-A2308FC480C2,1,1.0,5.0,"0,36 per kWh",[],1.0,50,2021-12-19T21:27:00Z,1,2021-12-19T12:20:00Z,200,191076,Wolter Heukelslaan,Wolter Heukelslaan,Utrecht,Utrecht,3581SR,159,52.091365709776454,5.13593364135636,,,0,,,,,,,,,,,,,,,,,,
301,False,2021-12-19T21:27:00Z,190716,3FB5CF9D-C84D-40D7-881D-F3B3A74047B7,1,1.0,5.0,"0,36 per kWh",[],1.0,50,2021-12-19T21:27:00Z,1,2021-12-19T12:18:00Z,200,191075,Oudwijkerveldstraat,Oudwijkerveldstraat,Utrecht,Utrecht,3581JP,159,52.090672992999174,5.139545855576216,,,0,,,,,,,,,,,,,,,,,,
302,False,2021-12-19T21:27:00Z,190715,711B010A-EC9D-4F3E-99E7-C7277280E339,1,1.0,5.0,"0,36 per kWh","[{'ID': 309311, 'ConnectionTypeID': 0, 'StatusTypeID': 50}]",1.0,50,2021-12-19T21:27:00Z,1,2021-12-19T12:16:00Z,200,191074,Baanstraat,Baanstraat,Utrecht,Utrecht,3581VV,159,52.08811463525973,5.137616741754414,,,0,,,,,,,,309311.0,0.0,50.0,,,,,,,,
303,False,2021-12-19T21:27:00Z,190714,BEA7E1CE-0C32-4C3C-A5CB-629FF50DC784,1,1.0,5.0,"0,36 per kWh","[{'ID': 309310, 'ConnectionTypeID': 0, 'StatusTypeID': 50}]",1.0,50,2021-12-19T21:27:00Z,1,2021-12-19T12:15:00Z,200,191073,Wilhelminapark,Wilhelminapark,Utrecht,Utrecht,3581NA,159,52.088493461073995,5.138207920472382,,,0,,,,,,,,309310.0,0.0,50.0,,,,,,,,
304,False,2021-12-19T21:27:00Z,190713,B136987B-E543-4546-832E-92FA6B2F586A,1,1.0,5.0,"0,36 per kWh","[{'ID': 309309, 'ConnectionTypeID': 0, 'StatusTypeID': 50}]",1.0,50,2021-12-19T21:27:00Z,1,2021-12-19T12:11:00Z,200,191072,Van der Duijnstraat,Van der Duijnstraat,Utrecht,Utrecht,3581JW,159,52.08956879970452,5.137197575874552,,,0,,,,,,,,309309.0,0.0,50.0,,,,,,,,
305,False,2021-12-19T21:27:00Z,190712,9360476B-6C11-4C63-A7FC-F40A266BE863,1,,5.0,"0,36 per kWh","[{'ID': 309308, 'ConnectionTypeID': 0, 'StatusTypeID': 50}]",1.0,50,2021-12-19T21:27:00Z,1,2021-12-19T12:09:00Z,200,191071,Prinsenstraat,Prinsenstraat,Utrecht,Utrecht,3581JT,159,52.09016646756268,5.138294360708983,,,0,,,,,,,,309308.0,0.0,50.0,,,,,,,,
306,False,2022-08-13T21:12:00Z,190544,1A0B9E60-478B-4952-ADA7-09EFD48FEC64,1,3299.0,1.0,,"[{'ID': 308924, 'ConnectionTypeID': 33, 'StatusTypeID': 50, 'LevelID': 3, 'PowerKW': 350, 'CurrentTypeID': 30, 'Quantity': 2}]",2.0,50,2022-08-13T21:12:00Z,1,2021-12-12T13:28:00Z,200,190903,IONITY Overbroek,Overbroek,Opheusden,Gelderland,4051CZ,159,51.921616,5.603749,,,0,,,,,,,,308924.0,33.0,50.0,3.0,350.0,30.0,2.0,,,,
307,False,2021-12-13T13:52:00Z,190533,658CD82B-BB40-4502-8952-6C90C20037BE,1,3299.0,1.0,,"[{'ID': 308913, 'ConnectionTypeID': 33, 'StatusTypeID': 50, 'LevelID': 3, 'PowerKW': 350, 'CurrentTypeID': 30, 'Quantity': 2}]",2.0,50,2021-12-13T13:52:00Z,1,2021-12-12T12:37:00Z,200,190892,IONITY De Knoest,De Knoest,Nieuwegein,Utrecht,3433NW,159,52.014598,5.122174,,,0,,,,,,,,308913.0,33.0,50.0,3.0,350.0,30.0,2.0,,,,
308,False,2021-12-13T13:57:00Z,190516,492E0736-C5A8-4680-A35B-DA3D429975EA,1,3299.0,1.0,,"[{'ID': 308896, 'ConnectionTypeID': 33, 'StatusTypeID': 50, 'LevelID': 3, 'PowerKW': 350, 'CurrentTypeID': 30, 'Quantity': 4}]",4.0,50,2021-12-13T13:57:00Z,1,2021-12-12T11:32:00Z,200,190875,IONITY Apeldoorn-Zuid,Lange Amerikaweg,Apeldoorn,Gelderland,7332BR,159,52.1791,5.984281,,,0,,,,,,,,308896.0,33.0,50.0,3.0,350.0,30.0,4.0,,,,
309,False,2021-12-03T11:13:00Z,190378,02FB2074-0ABC-45C1-93DF-DAFB5BFFF1BD,1,47.0,4.0,,"[{'ID': 308616, 'ConnectionTypeID': 33, 'StatusTypeID': 50, 'LevelID': 3, 'PowerKW': 175, 'CurrentTypeID': 30, 'Quantity': 2}, {'ID': 308643, 'ConnectionTypeID': 2, 'StatusTypeID': 50, 'LevelID': 3, 'PowerKW': 70, 'CurrentTypeID': 30, 'Quantity': 2}]",4.0,50,2021-12-03T11:13:00Z,1,2021-12-02T10:07:00Z,200,190737,Shell Kooimeer,Rijksweg A9 wz,Alkmaar,,1814 XE,159,52.61466842977481,4.73974268657912,,,0,,,,,,,,308616.0,33.0,50.0,3.0,175.0,30.0,2.0,,,,
310,False,2021-11-07T10:04:00Z,189833,038D8F66-5012-411A-8CB8-4B088FFD9569,1,74.0,4.0,,"[{'ID': 307184, 'ConnectionTypeID': 2, 'StatusTypeID': 50, 'LevelID': 3, 'PowerKW': 50, 'CurrentTypeID': 30, 'Quantity': 1}, {'ID': 307185, 'ConnectionTypeID': 33, 'StatusTypeID': 50, 'LevelID': 3, 'PowerKW': 150, 'CurrentTypeID': 30, 'Quantity': 2}]",2.0,50,2021-11-07T10:04:00Z,1,2021-11-06T09:24:00Z,200,190192,Fastned Bodegraven,Bodegraven,Bodegraven,South Holland,2411ZZ,159,52.06609674140043,4.740941524163732,,,0,,,,,,,,307184.0,2.0,50.0,3.0,50.0,30.0,1.0,,,,
311,False,2021-10-27T20:59:00Z,189692,B4722743-C9D4-4145-834C-0262D87B1E79,1,108.0,1.0,,"[{'ID': 306883, 'ConnectionTypeID': 25, 'Reference': 'bb558081-ab34-4f8e-9328-bc9c6045e10f', 'StatusTypeID': 50, 'LevelID': 2, 'Amps': 16, 'Voltage': 400, 'PowerKW': 11, 'CurrentTypeID': 20, 'Quantity': 2}]",2.0,50,2021-10-27T20:59:00Z,1,2021-10-26T19:27:00Z,200,190051,Derde Haren 2,Derde Haren 2,'s-Hertogenbosch,North Brabant,5233CE,159,51.71331874026589,5.3244017626710445,+(31)-(88)-3637991,,0,,,,,,,,306883.0,25.0,50.0,2.0,11.0,20.0,2.0,bb558081-ab34-4f8e-9328-bc9c6045e10f,16.0,400.0,
312,False,2021-10-26T08:35:00Z,189683,11A60454-999C-40DC-B949-868DA084EF60,1,108.0,1.0,,"[{'ID': 306864, 'ConnectionTypeID': 25, 'StatusTypeID': 50, 'LevelID': 2, 'Amps': 16, 'Voltage': 400, 'PowerKW': 11, 'CurrentTypeID': 20, 'Quantity': 2}]",2.0,50,2021-10-26T08:35:00Z,1,2021-10-25T12:08:00Z,200,190042,Manis Krijgsmanhof 176,Manis Krijgsmanhof 176,'s-Hertogenbosch,North Brabant,5233BV,159,51.716871183020714,5.326481719329422,+(31)-(88)-3637991,,0,,,,,,,,306864.0,25.0,50.0,2.0,11.0,20.0,2.0,,16.0,400.0,
313,False,2021-10-13T11:34:00Z,189571,026932A1-E14A-4892-820E-1668C9AD5BE9,1,108.0,1.0,"€0,37/kWh","[{'ID': 306650, 'ConnectionTypeID': 25, 'Reference': '6262953e-3e32-43d9-abf8-5a8f6dc792e5', 'StatusTypeID': 50, 'LevelID': 2, 'Amps': 16, 'Voltage': 400, 'PowerKW': 11, 'CurrentTypeID': 20, 'Quantity': 2}]",1.0,50,2021-10-13T11:34:00Z,1,2021-10-13T09:40:00Z,200,189930,Amsteldijk 707,Amsteldijk 707,Amsterdam,North Holland,1074JH,159,52.35696655643656,4.904728043048863,,,0,Oost,,,,,,,306650.0,25.0,50.0,2.0,11.0,20.0,2.0,6262953e-3e32-43d9-abf8-5a8f6dc792e5,16.0,400.0,
314,False,2021-10-13T08:34:00Z,189568,854DCF4B-2DB4-4356-BB0A-D4DABABB025F,1,103.0,4.0,"€0,37/kWh","[{'ID': 306643, 'ConnectionTypeID': 25, 'Reference': 'NLALLEGO001348', 'StatusTypeID': 50, 'LevelID': 2, 'Amps': 16, 'Voltage': 400, 'PowerKW': 11, 'CurrentTypeID': 20, 'Quantity': 1}]",1.0,50,2021-10-13T08:34:00Z,1,2021-10-12T22:57:00Z,200,189927,Pastoor Kampstraat,Pastoor Kampstraat 11A,De Moer,North Brabant,5176NP,159,51.62212023200124,5.014121586034207,,,0,,,,,,,,306643.0,25.0,50.0,2.0,11.0,20.0,1.0,NLALLEGO001348,16.0,400.0,
315,False,2021-10-09T20:38:00Z,189532,73B33652-1C0B-4637-ACF7-8FCEF205DA94,1,179.0,4.0,,"[{'ID': 306581, 'ConnectionTypeID': 2, 'StatusTypeID': 50, 'CurrentTypeID': 30, 'Quantity': 1}, {'ID': 306582, 'ConnectionTypeID': 33, 'StatusTypeID': 50, 'Quantity': 1}]",2.0,50,2021-10-09T20:38:00Z,1,2021-10-09T13:59:00Z,200,189891,Handelskade,Handelskade,Zutphen,Gelderland,7202CD,159,52.15484297040098,6.201007564910242,,,0,,,,,,,,306581.0,2.0,50.0,,,30.0,1.0,,,,
316,False,2021-09-13T14:03:00Z,189190,BBAB6AAE-16AC-4D71-B89C-C7EDEACFCA21,1,103.0,4.0,"€0,37/kWh","[{'ID': 305875, 'ConnectionTypeID': 25, 'Reference': 'NLALLEGO011633', 'StatusTypeID': 50, 'LevelID': 2, 'Amps': 16, 'Voltage': 400, 'PowerKW': 11, 'CurrentTypeID': 20, 'Quantity': 2}]",2.0,50,2021-09-13T14:03:00Z,1,2021-09-12T10:30:00Z,200,189549,Kagerdreef 90,Kagerdreef 90,Teylingen,South Holland,2172HM,159,52.2209165058091,4.531349788212651,,,0,,,,,,,,305875.0,25.0,50.0,2.0,11.0,20.0,2.0,NLALLEGO011633,16.0,400.0,
317,False,2021-09-11T05:23:00Z,189106,5B34587A-4418-4D6B-9D34-756A0042E8F8,1,1.0,4.0,,"[{'ID': 305711, 'ConnectionTypeID': 25, 'StatusTypeID': 50, 'Quantity': 1}]",1.0,50,2021-09-11T05:23:00Z,1,2021-09-08T05:15:00Z,200,189465,Pap,Pastoor Linssenstraat,Velden,Limburg,5941CN,159,51.4117,6.1678,,,0,,,,,,,,305711.0,25.0,50.0,,,,1.0,,,,
318,False,2021-08-18T21:31:00Z,188817,D43CBE9D-1963-4546-A410-EE52D04C61AC,1,103.0,1.0,,"[{'ID': 305075, 'ConnectionTypeID': 25, 'StatusTypeID': 50, 'LevelID': 2, 'Amps': 16, 'Voltage': 400, 'PowerKW': 11, 'CurrentTypeID': 20, 'Quantity': 2}]",1.0,50,2021-08-18T21:31:00Z,1,2021-08-18T21:31:00Z,200,189176,Parelstraat 12,Parelstraat 12,Ede,Gelderland,6713TG,159,52.04224240470472,5.665900546495209,,,0,,,,,,,,305075.0,25.0,50.0,2.0,11.0,20.0,2.0,,16.0,400.0,
319,False,2021-08-20T08:16:00Z,188816,76955845-FC85-4E73-8A9B-04FC523D2B2F,1,1.0,6.0,,"[{'ID': 305074, 'ConnectionTypeID': 25, 'StatusTypeID': 50, 'LevelID': 2, 'PowerKW': 11, 'CurrentTypeID': 20, 'Quantity': 2}]",2.0,50,2021-08-20T08:16:00Z,1,2021-08-18T21:26:00Z,200,189175,Hendriksen Accountants,Haarweg 3,Tubbergen,,7651 KE,159,52.39935783211084,6.783781252681251,,,0,,,,,,,,305074.0,25.0,50.0,2.0,11.0,20.0,2.0,,,,
320,False,2021-05-04T21:00:00Z,175280,40DF2356-B6E7-4362-8531-EC7C04885149,1,3392.0,1.0,,"[{'ID': 271822, 'ConnectionTypeID': 2, 'StatusTypeID': 50, 'LevelID': 3, 'PowerKW': 70, 'CurrentTypeID': 30, 'Quantity': 6}, {'ID': 271823, 'ConnectionTypeID': 33, 'StatusTypeID': 50, 'LevelID': 3, 'PowerKW': 175, 'CurrentTypeID': 30, 'Quantity': 6}]",6.0,50,2021-05-04T21:00:00Z,1,2021-05-04T20:34:00Z,200,175639,Shell Recharge,A27,Hank,North Brabant,4273 ZB,159,51.74455131475028,4.91804792074322,,,0,,,,,,,,271822.0,2.0,50.0,3.0,70.0,30.0,6.0,,,,
321,False,2022-08-03T08:29:00Z,175091,EBFFF6D9-A006-4FF8-8091-187C95B05D1B,1,3299.0,1.0,,"[{'ID': 271349, 'ConnectionTypeID': 33, 'StatusTypeID': 50, 'LevelID': 3, 'PowerKW': 350, 'CurrentTypeID': 30, 'Quantity': 2}]",2.0,50,2022-08-03T08:29:00Z,1,2021-04-26T13:00:00Z,200,175450,IONITY Sandelingen West,"Sandelingen West, A16, 16",Hendrik-Ido-Ambacht,,3342 LE,159,51.834832,4.618082,,,0,,,,,,,,271349.0,33.0,50.0,3.0,350.0,30.0,2.0,,,,
322,False,2021-04-26T20:44:00Z,175088,D5F81628-5EA5-4035-8EDA-AD42C0D7EEFE,1,3299.0,1.0,,"[{'ID': 271346, 'ConnectionTypeID': 33, 'StatusTypeID': 50, 'LevelID': 3, 'PowerKW': 350, 'CurrentTypeID': 30, 'Quantity': 6}]",6.0,50,2021-04-26T20:44:00Z,1,2021-04-26T12:52:00Z,200,175447,IONITY Oosterhout,Beneluxweg 1,Oosterhout,,4904 SJ,159,51.626778,4.870164,,,0,,,,,,,,271346.0,33.0,50.0,3.0,350.0,30.0,6.0,,,,
323,False,2021-04-26T20:33:00Z,175087,FFE085A5-7009-4FDB-A01E-9F99D2EC7413,1,3299.0,1.0,,"[{'ID': 271345, 'ConnectionTypeID': 33, 'StatusTypeID': 50, 'LevelID': 3, 'PowerKW': 350, 'CurrentTypeID': 30, 'Quantity': 4}]",4.0,50,2021-04-26T20:33:00Z,1,2021-04-26T12:48:00Z,200,175446,IONITY Bodegraven,La Place Goudseweg 32,Bodegraven,,2411 HL,159,52.066539,4.738413,,,0,,,,,,,,271345.0,33.0,50.0,3.0,350.0,30.0,4.0,,,,
324,False,2021-04-26T20:36:00Z,175086,DD881835-473A-454E-804A-2D3C80D5F022,1,3299.0,1.0,,"[{'ID': 271344, 'ConnectionTypeID': 33, 'StatusTypeID': 50, 'LevelID': 3, 'PowerKW': 350, 'CurrentTypeID': 30, 'Quantity': 2}]",2.0,50,2021-04-26T20:36:00Z,1,2021-04-26T12:32:00Z,200,175445,IONITY De Kroon,De Kroon,Nieuwegein,,3433 NW,159,52.014276,5.119229,,,0,,,,,,,,271344.0,33.0,50.0,3.0,350.0,30.0,2.0,,,,
325,False,2024-07-24T08:17:00Z,175082,F21DDA13-A7F8-4487-96B4-99ACA2AF6AA7,1,3299.0,1.0,0.69€/kWh,"[{'ID': 271340, 'ConnectionTypeID': 33, 'StatusTypeID': 50, 'LevelID': 3, 'PowerKW': 350, 'CurrentTypeID': 30, 'Quantity': 6}]",6.0,50,2024-07-24T08:17:00Z,1,2021-04-26T12:16:00Z,200,175441,IONITY Tolnegen Noord,Rijksweg A1 21,Stroe,,3776 PT,159,52.184387,5.670553,,,0,,,,,,,,271340.0,33.0,50.0,3.0,350.0,30.0,6.0,,,,
326,False,2023-11-04T19:34:00Z,175038,1B38047C-876E-4F18-96CC-233BB37BADDB,1,3299.0,1.0,,"[{'ID': 271285, 'ConnectionTypeID': 33, 'StatusTypeID': 50, 'LevelID': 3, 'PowerKW': 350, 'CurrentTypeID': 30, 'Quantity': 4}]",4.0,50,2023-11-04T19:34:00Z,1,2021-04-25T14:26:00Z,200,175397,IONITY Best,Eindhovenseweg Zuid 635683 PW BestThe Netherlands,,,5683 PW,159,51.503064,5.414372,,,0,,,,,,,,271285.0,33.0,50.0,3.0,350.0,30.0,4.0,,,,
327,False,2021-04-18T14:40:00Z,174898,58BEE419-506D-4366-BB69-2073AA9E3239,1,103.0,1.0,,"[{'ID': 271016, 'ConnectionTypeID': 25, 'StatusTypeID': 50, 'LevelID': 2, 'Amps': 16, 'Voltage': 400, 'PowerKW': 11, 'CurrentTypeID': 20, 'Quantity': 2}]",2.0,50,2021-04-18T14:40:00Z,1,2021-04-18T08:52:00Z,200,175257,De Brink,Marktstraat,Zuidlaren,Drenthe,9471AA,159,53.092833955052896,6.686966293022351,,,0,,,,,,,,271016.0,25.0,50.0,2.0,11.0,20.0,2.0,,16.0,400.0,
328,False,2021-04-18T14:41:00Z,174897,D613631E-B5B3-4743-A3B6-EB55B307C41D,1,103.0,1.0,,"[{'ID': 271015, 'ConnectionTypeID': 25, 'StatusTypeID': 50, 'LevelID': 2, 'Amps': 16, 'Voltage': 400, 'PowerKW': 11, 'CurrentTypeID': 20, 'Quantity': 2}]",2.0,50,2021-04-18T14:41:00Z,1,2021-04-18T08:44:00Z,200,175256,Coop Parking Lot ,De Klencke,Zuidlaren ,,9472RR,159,53.07778991690341,6.699140666223229,,,0,,,,,,,,271015.0,25.0,50.0,2.0,11.0,20.0,2.0,,16.0,400.0,
329,False,2021-03-18T22:04:00Z,174143,B26516A1-A447-46E5-A27D-8047A5EA9FF1,1,3441.0,1.0,,"[{'ID': 269115, 'ConnectionTypeID': 25, 'StatusTypeID': 50, 'LevelID': 2, 'Amps': 16, 'Voltage': 400, 'PowerKW': 11, 'CurrentTypeID': 20, 'Quantity': 12, 'Comments': ""slim laadplein met dynamische parkeerindicator: groen = parkeren alle auto's, blauw = alleen elektrisch laden, minimaal 2 laadplekken altijd beschikbaar.""}]",12.0,50,2021-03-18T22:04:00Z,1,2021-03-18T10:51:00Z,200,174502,Marktplein,Marktplein,Haarlemmermeer,North Holland,2132DA,159,52.30521415057004,4.693212235237297,+31 85 1054135,https://haarlemmermeergemeente.nl/nieuws/hoofddorp-heeft-een-slim-laadplein,0,,,,"12 bays with dynamic parking; green = parking for all cars, blue = only charging allowed","Provider: e-voltt, www.e-voltt.nl",,,269115.0,25.0,50.0,2.0,11.0,20.0,12.0,,16.0,400.0,"slim laadplein met dynamische parkeerindicator: groen = parkeren alle auto's, blauw = alleen elektrisch laden, minimaal 2 laadplekken altijd beschikbaar."
330,False,2021-03-09T22:32:00Z,173970,66115821-7A60-4291-923E-4D11912AAD7E,1,73.0,1.0,€0.39/kWh,"[{'ID': 268064, 'ConnectionTypeID': 33, 'StatusTypeID': 50, 'LevelID': 3, 'PowerKW': 50, 'CurrentTypeID': 30, 'Quantity': 1}, {'ID': 268065, 'ConnectionTypeID': 2, 'StatusTypeID': 50, 'LevelID': 3, 'PowerKW': 50, 'CurrentTypeID': 30, 'Quantity': 1}, {'ID': 268066, 'ConnectionTypeID': 25, 'StatusTypeID': 50, 'LevelID': 2, 'PowerKW': 22, 'CurrentTypeID': 20, 'Quantity': 1}]",2.0,50,2021-03-09T22:32:00Z,1,2021-03-08T19:25:00Z,200,174329,EVBox fastcharger,Kallenbroekerweg,Barneveld,Gelderland,3771DC,159,52.14141141493823,5.567445005043965,,,0,,,,,,,,268064.0,33.0,50.0,3.0,50.0,30.0,1.0,,,,
331,False,2021-03-08T10:45:00Z,173931,69E160CA-B1AB-460A-B8FF-96A71CEF1DDE,1,1.0,1.0,free,"[{'ID': 267648, 'ConnectionTypeID': 0, 'StatusTypeID': 50, 'LevelID': 2, 'Amps': 9, 'Voltage': 220, 'PowerKW': 11, 'CurrentTypeID': 10, 'Quantity': 1}]",1.0,50,2021-03-08T10:45:00Z,1,2021-03-07T18:44:00Z,200,174290, AVIA de Poel - Goes,77A Anthony Fokkerstraat,Goes,Zeeland,4462ES,159,51.49369149242824,3.881460649445785,,,0,,,,At Avia gas station and on the side of the wash box. Two 220v connectors,,,,267648.0,0.0,50.0,2.0,11.0,10.0,1.0,,9.0,220.0,
332,False,2021-03-05T18:01:00Z,173893,E564B27E-9773-48D9-A9D7-0920F14988CD,1,103.0,4.0,,"[{'ID': 267507, 'ConnectionTypeID': 2, 'StatusTypeID': 50, 'LevelID': 3, 'PowerKW': 50, 'CurrentTypeID': 30, 'Quantity': 1}, {'ID': 267508, 'ConnectionTypeID': 33, 'StatusTypeID': 50, 'LevelID': 3, 'PowerKW': 50, 'CurrentTypeID': 30, 'Quantity': 1}, {'ID': 267509, 'ConnectionTypeID': 25, 'StatusTypeID': 50, 'LevelID': 2, 'PowerKW': 22, 'Quantity': 1}]",1.0,50,2021-03-05T18:01:00Z,1,2021-03-05T10:15:00Z,200,174252,Ab en van de Schelde Nissan dealer,Nikolaus Ottostraat,Zwolle,Overijssel,8013NG,159,52.49450730013044,6.122473470318141,,,0,,,,no gate,,,,267507.0,2.0,50.0,3.0,50.0,30.0,1.0,,,,
333,False,2021-03-07T20:26:00Z,173892,CBED4444-AFF9-4763-87F8-DE4235F01242,1,103.0,4.0,,"[{'ID': 267504, 'ConnectionTypeID': 2, 'StatusTypeID': 50, 'LevelID': 3, 'PowerKW': 50, 'CurrentTypeID': 30, 'Quantity': 1}, {'ID': 267505, 'ConnectionTypeID': 33, 'StatusTypeID': 50, 'LevelID': 3, 'PowerKW': 50, 'CurrentTypeID': 30, 'Quantity': 1}, {'ID': 267506, 'ConnectionTypeID': 25, 'StatusTypeID': 50, 'LevelID': 2, 'PowerKW': 22, 'Quantity': 1}]",1.0,50,2021-03-07T20:26:00Z,1,2021-03-05T10:13:00Z,200,174251,Ab en van de Schelde Nissan dealer,Nikolaus Ottostraat,Zwolle,Overijssel,8013NG,159,52.49450730013044,6.122473470318141,,,0,,,,no gate,,,,267504.0,2.0,50.0,3.0,50.0,30.0,1.0,,,,
334,False,2021-01-02T19:35:00Z,171439,E7455289-B18B-4B50-B043-881CF753000C,1,179.0,1.0,"€0,33/kWh","[{'ID': 262105, 'ConnectionTypeID': 25, 'StatusTypeID': 50, 'LevelID': 2, 'PowerKW': 22, 'CurrentTypeID': 20, 'Quantity': 2}]",1.0,50,2021-01-02T19:35:00Z,1,2021-01-02T01:24:00Z,200,171798,Van Musschenbroekstraat,Van Musschenbroekstraat,The Hague,South Holland,2522AP,159,52.065035901097986,4.329579515997125,0884848517,,0,,,,,,,,262105.0,25.0,50.0,2.0,22.0,20.0,2.0,,,,
335,False,2020-12-20T06:32:00Z,171094,95A3C2D7-291C-45CB-B23A-E85D0EEA3C9E,1,23.0,4.0,€0.25/kWh; andere tarieven voor oudere auto's,"[{'ID': 261438, 'ConnectionTypeID': 27, 'StatusTypeID': 50, 'LevelID': 3, 'PowerKW': 120, 'CurrentTypeID': 30, 'Quantity': 16}]",16.0,50,2020-12-20T06:32:00Z,1,2020-12-20T06:32:00Z,200,171453,Meerkerk Supercharger,Energieweg 116 Meerkerk,Utrecht,,4231 DJ,159,51.899517,4.982968,,,0,,,,,"Charging16 Superchargers, available 24/7, up to 250kW",55365,,261438.0,27.0,50.0,3.0,120.0,30.0,16.0,,,,
336,False,2020-12-20T06:30:00Z,171086,EBF908D8-F21C-49F2-9369-E1C65891FB5B,1,23.0,4.0,,"[{'ID': 261430, 'ConnectionTypeID': 30, 'StatusTypeID': 50, 'LevelID': 2, 'PowerKW': 11, 'CurrentTypeID': 20, 'Quantity': 4}]",4.0,50,2020-12-20T06:30:00Z,1,2020-12-20T06:30:00Z,200,171445,Carlton President Hotel,25 Floraweg,Utrecht,,3542DX ,159,52.12049127,5.03869943,+31 30 241 41 82,,0,,,,,"4 Tesla Connectors, up to 11kW.Available for customers. Please call ahead.",55368,,261430.0,30.0,50.0,2.0,11.0,20.0,4.0,,,,
337,False,2020-12-20T11:07:00Z,171081,63E6DE4F-A323-46D8-9EE9-763F59066DBB,1,1.0,1.0,,"[{'ID': 261417, 'ConnectionTypeID': 25, 'StatusTypeID': 50, 'LevelID': 2, 'PowerKW': 22, 'CurrentTypeID': 20, 'Quantity': 2}]",1.0,50,2020-12-20T11:07:00Z,1,2020-12-19T11:37:00Z,200,171440,Waterfront,Waterfront,Eindhoven,North Brabant,5658NN,159,51.439800399682724,5.40194946392603,,,0,,,,,,,,261417.0,25.0,50.0,2.0,22.0,20.0,2.0,,,,
338,False,2020-12-20T15:53:00Z,171080,23C8158A-D54B-4B92-AC02-B2C9346F72AD,1,103.0,1.0,"0,37 €/ kWh","[{'ID': 261416, 'ConnectionTypeID': 25, 'StatusTypeID': 50, 'LevelID': 2, 'Amps': 16, 'Voltage': 400, 'PowerKW': 11, 'CurrentTypeID': 20, 'Quantity': 4}]",4.0,50,2020-12-20T15:53:00Z,1,2020-12-19T11:14:00Z,200,171439,4 charge points Waterrijk,Waterlinie,Eindhoven,North Brabant,5658ND,159,51.435549864472904,5.395050952476026,,,0,Strijp,,,,,"NLALLEGO004909,NLALLEGO003084",,261416.0,25.0,50.0,2.0,11.0,20.0,4.0,,16.0,400.0,
339,False,2020-12-13T18:15:00Z,170946,6C30E899-DAAE-43EE-B55A-8A3B6494ADAC,1,103.0,1.0,,"[{'ID': 261175, 'ConnectionTypeID': 25, 'StatusTypeID': 50, 'LevelID': 2, 'PowerKW': 11, 'Quantity': 2}]",2.0,50,2020-12-13T18:15:00Z,1,2020-12-13T07:44:00Z,200,171305,Rosariumstraat,Rosariumstraat,Zwolle,,8043PX,159,52.525242027120925,6.070279269660773,,,0,,,,,,,,261175.0,25.0,50.0,2.0,11.0,,2.0,,,,
340,False,2020-12-08T18:30:00Z,170757,29975DB9-0331-46B4-AE92-5646DB5FCC02,1,180.0,1.0,,"[{'ID': 260887, 'ConnectionTypeID': 25, 'StatusTypeID': 50, 'LevelID': 2, 'Amps': 16, 'Voltage': 400, 'PowerKW': 11, 'CurrentTypeID': 20, 'Quantity': 10}]",10.0,50,2020-12-08T18:30:00Z,1,2020-12-08T12:09:00Z,200,171116,Willibrordus Business Center,Kennemerstraatweg 464,Heiloo,NH,1851 NG,159,52.59565598875008,4.709053203057465,,,0,,,,,,,,260887.0,25.0,50.0,2.0,11.0,20.0,10.0,,16.0,400.0,
341,False,2020-12-06T17:40:00Z,170696,91DC78ED-334B-4A46-AC11-09EFE0AF55B0,1,1.0,4.0,"€0,30/kWh","[{'ID': 260696, 'ConnectionTypeID': 2, 'StatusTypeID': 50, 'LevelID': 3, 'PowerKW': 150, 'CurrentTypeID': 30, 'Quantity': 3}, {'ID': 260697, 'ConnectionTypeID': 33, 'StatusTypeID': 50, 'LevelID': 3, 'PowerKW': 150, 'CurrentTypeID': 30, 'Quantity': 3}, {'ID': 260698, 'ConnectionTypeID': 33, 'StatusTypeID': 50, 'LevelID': 3, 'PowerKW': 50, 'CurrentTypeID': 30, 'Quantity': 7}, {'ID': 260699, 'ConnectionTypeID': 2, 'StatusTypeID': 50, 'LevelID': 3, 'PowerKW': 50, 'CurrentTypeID': 30, 'Quantity': 7}]",10.0,50,2020-12-06T17:40:00Z,1,2020-12-05T14:15:00Z,200,171055,Dcb energy hub Schiphol,Changing Lane 10,Hoofddorp,North-Holland,,159,52.271121182830655,4.69533813882299,,,0,,,,,,,,260696.0,2.0,50.0,3.0,150.0,30.0,3.0,,,,
342,False,2020-12-02T16:01:00Z,170569,9313E327-F050-449B-A8A0-5FADB5BC370B,1,1.0,2.0,,"[{'ID': 260369, 'ConnectionTypeID': 25, 'StatusTypeID': 50, 'LevelID': 2, 'Amps': 16, 'Voltage': 230, 'PowerKW': 3.6, 'CurrentTypeID': 10, 'Quantity': 2}]",2.0,50,2020-12-02T16:01:00Z,1,2020-12-01T15:25:00Z,200,170928,Flitsmeister,Landjuweel 24,Veenendaal,Utrecht,3905PE,159,52.039305597053925,5.550275138520533,,,0,,,,The charging pole on the left side when entering parking is restricted to employees only and will not operate on public charging cards.,,,,260369.0,25.0,50.0,2.0,3.6,10.0,2.0,,16.0,230.0,
343,False,2020-12-02T16:00:00Z,170568,D485AFBC-D22C-4855-A65C-047B24CFCB74,1,1.0,6.0,,"[{'ID': 260368, 'ConnectionTypeID': 25, 'StatusTypeID': 50, 'LevelID': 2, 'Amps': 16, 'Voltage': 230, 'PowerKW': 11, 'CurrentTypeID': 20, 'Quantity': 2}]",2.0,50,2020-12-02T16:00:00Z,1,2020-12-01T15:22:00Z,200,170927,24 Landjuweel,24 Landjuweel,Veenendaal,Utrecht,3905PG,159,52.03925546403201,5.550582310882078,,,0,,,,,,,,260368.0,25.0,50.0,2.0,11.0,20.0,2.0,,16.0,230.0,
344,False,2020-11-21T06:56:00Z,170229,4DE679CF-EC96-40CF-835E-5A954E5D106D,1,23.0,4.0,€0.25/kWh; andere tarieven voor oudere auto's,"[{'ID': 259569, 'ConnectionTypeID': 27, 'StatusTypeID': 50, 'LevelID': 3, 'PowerKW': 120, 'CurrentTypeID': 30, 'Quantity': 8}]",8.0,50,2020-11-21T06:56:00Z,1,2020-11-21T06:56:00Z,200,170588,Zuidbroek,Burgemeester Otmaweg 2,Zuidbroek,,9636 EM,159,53.169567,6.852949,,,0,,,,,"Charging8 superchargers, available 24/7, up to 250kW",34791,,259569.0,27.0,50.0,3.0,120.0,30.0,8.0,,,,
345,False,2020-11-15T10:41:00Z,169959,D0C19B71-39F6-4FA4-B924-825D0EDF0165,1,1.0,4.0,,"[{'ID': 259007, 'ConnectionTypeID': 25, 'Reference': 'Agrisnellaad', 'StatusTypeID': 50, 'LevelID': 2, 'Amps': 32, 'Voltage': 400, 'PowerKW': 22, 'CurrentTypeID': 20, 'Quantity': 8}]",8.0,50,2020-11-15T10:41:00Z,1,2020-11-15T03:23:00Z,200,170318,Parking banjaardstrand,Parking banjaardstrand,Noord-Beveland,Zeeland,4493RA,159,51.590606301790416,3.6629008999134385,,,0,,,,,,,,259007.0,25.0,50.0,2.0,22.0,20.0,8.0,Agrisnellaad,32.0,400.0,
346,False,2020-10-29T07:32:00Z,169654,35EAEABA-CBE1-427A-9A66-658BF15884ED,1,1.0,4.0,,"[{'ID': 258297, 'ConnectionTypeID': 25, 'StatusTypeID': 50, 'LevelID': 2, 'Amps': 16, 'Voltage': 230, 'PowerKW': 11, 'CurrentTypeID': 20, 'Quantity': 2}]",2.0,50,2020-10-29T07:32:00Z,1,2020-10-28T12:56:00Z,200,170013,Graaf Adolfstraat,Graaf Adolfstraat,,Zuid-Holland,2415AL,159,52.077645597481876,4.820435944502833,,,0,Nieuwerbrug aan den Rijn,,,,,,,258297.0,25.0,50.0,2.0,11.0,20.0,2.0,,16.0,230.0,
347,False,2020-10-14T05:34:00Z,169309,A058C3A8-45C0-4A37-9F14-ADE130D703AB,1,23.0,4.0,€0.25/kWh; andere tarieven voor oudere auto's,"[{'ID': 257602, 'ConnectionTypeID': 27, 'StatusTypeID': 50, 'LevelID': 3, 'PowerKW': 120, 'CurrentTypeID': 30, 'Quantity': 12}]",12.0,50,2020-10-14T05:34:00Z,1,2020-10-14T05:34:00Z,200,169668,Leusden Supercharger,Philipsstraat Leusden 18,Utrecht,UT,3833,159,52.144022,5.416976,,,0,,,,,"12 Superchargers, 250 kW available 24/7",54677,,257602.0,27.0,50.0,3.0,120.0,30.0,12.0,,,,
348,False,2020-10-14T05:32:00Z,169300,9DE7D0C9-BA77-42B1-8DA4-03B95CFC8A5B,1,23.0,4.0,€0.25/kWh; andere tarieven voor oudere auto's,"[{'ID': 257593, 'ConnectionTypeID': 27, 'StatusTypeID': 50, 'LevelID': 3, 'PowerKW': 120, 'CurrentTypeID': 30, 'Quantity': 12}]",12.0,50,2020-10-14T05:32:00Z,1,2020-10-14T05:32:00Z,200,169659,Uden Supercharger,Rondweg 2,Uden,,,159,51.671308,5.60267,,,0,,,,,"12 Superchargers, 250 kW available 24/7",54678,,257593.0,27.0,50.0,3.0,120.0,30.0,12.0,,,,
349,False,2024-03-21T10:14:00Z,167143,4F8CD1B0-6197-40BE-8AC5-5D99B88636D9,1,,1.0,€ 0.55/kWh,"[{'ID': 253114, 'ConnectionTypeID': 33, 'StatusTypeID': 50, 'LevelID': 3, 'PowerKW': 80, 'CurrentTypeID': 30}]",2.0,50,2024-03-21T10:14:00Z,1,2020-08-27T15:20:00Z,100,167502,Boekhorstlaan 4,3847 LP,Harderwijk,Gelderland,3847 LP,159,52.33570233192614,5.643056566499581,,http://www.tango.nl/electric,0,,,info@tango.nl,opposite Burger King,,,,253114.0,33.0,50.0,3.0,80.0,30.0,,,,,
350,False,2020-08-21T07:02:00Z,163019,C885AE1E-3ADE-416C-B42E-3B3BB9AC3655,1,103.0,4.0,"0,29 Euro/ kWh (incl BTW)","[{'ID': 234571, 'ConnectionTypeID': 25, 'StatusTypeID': 50, 'LevelID': 2, 'Amps': 16, 'Voltage': 400, 'PowerKW': 11, 'CurrentTypeID': 20, 'Quantity': 2}]",1.0,50,2020-08-21T07:02:00Z,1,2020-08-19T09:23:00Z,200,163376,"Achterweg 1, Onderdendam",Achterweg 1,Onderdendam,Groningen,9959 PC,159,53.3353029,6.5879694,,,0,,,,,,,,234571.0,25.0,50.0,2.0,11.0,20.0,2.0,,16.0,400.0,
351,False,2020-08-13T07:41:00Z,162620,5EEFFA56-457A-4999-B680-1D70F99BC984,1,108.0,1.0,€0.34/kWh,"[{'ID': 234061, 'ConnectionTypeID': 25, 'StatusTypeID': 50, 'LevelID': 2, 'Amps': 32, 'Voltage': 400, 'PowerKW': 22, 'CurrentTypeID': 20, 'Quantity': 2}]",2.0,50,2020-08-13T07:41:00Z,1,2020-08-12T15:22:00Z,200,162977,9 Doornkampsteeg,9 Doornkampsteeg,'s-Hertogenbosch,North Brabant,5236BB,159,51.733641519305564,5.328723169128807,,,0,,,,,,,,234061.0,25.0,50.0,2.0,22.0,20.0,2.0,,32.0,400.0,
352,False,2020-08-08T15:22:00Z,162393,729A5A24-793A-4373-88BE-C3D92F9E8316,1,108.0,5.0,,"[{'ID': 233733, 'ConnectionTypeID': 33, 'StatusTypeID': 50, 'LevelID': 3, 'PowerKW': 50, 'CurrentTypeID': 30, 'Quantity': 1}, {'ID': 233734, 'ConnectionTypeID': 2, 'StatusTypeID': 50, 'LevelID': 3, 'PowerKW': 50, 'CurrentTypeID': 30, 'Quantity': 1}, {'ID': 233735, 'ConnectionTypeID': 1036, 'StatusTypeID': 50, 'LevelID': 3, 'PowerKW': 43, 'CurrentTypeID': 30, 'Quantity': 1}]",2.0,50,2020-08-08T15:22:00Z,1,2020-08-07T11:38:00Z,200,162750,Wolkammersstraat,Wolkammersstraat,Súdwest-Fryslân,Friesland,8601VB,159,53.034881824005396,5.622067875116045,,,0,Sneek,,,,,,,233733.0,33.0,50.0,3.0,50.0,30.0,1.0,,,,
353,False,2020-08-07T07:28:00Z,162363,80E8E2BF-FB06-43AA-B59A-749122A3FDF4,1,73.0,1.0,,"[{'ID': 233696, 'ConnectionTypeID': 25, 'StatusTypeID': 50, 'LevelID': 2, 'Amps': 16, 'Voltage': 400, 'PowerKW': 11, 'CurrentTypeID': 20, 'Quantity': 2}]",1.0,50,2020-08-07T07:28:00Z,1,2020-08-07T04:50:00Z,200,162720,Koningin Emmaplein 15,Koningin Emmaplein 15,Rotterdam,,3015AB,159,51.910371730587144,4.474995764763207,,,0,,,,,,,,233696.0,25.0,50.0,2.0,11.0,20.0,2.0,,16.0,400.0,
354,False,2020-08-07T07:30:00Z,162362,CBF1327D-F018-4B4F-AA50-179F1E7EDA12,1,73.0,1.0,,"[{'ID': 233695, 'ConnectionTypeID': 25, 'StatusTypeID': 50, 'LevelID': 2, 'Amps': 16, 'Voltage': 400, 'PowerKW': 11, 'CurrentTypeID': 20, 'Quantity': 2}]",1.0,50,2020-08-07T07:30:00Z,1,2020-08-07T04:47:00Z,200,162719,Van Vollenhovenstraat 3,Van Vollenhovenstraat 3,Rotterdam,South Holland,3016BH,159,51.910460915596104,4.477087146797885,,,0,,,,,,,,233695.0,25.0,50.0,2.0,11.0,20.0,2.0,,16.0,400.0,
355,False,2020-08-04T18:17:00Z,162064,4AD2BE24-2AD6-4DFE-8298-C69202948ED6,1,108.0,1.0,,"[{'ID': 233252, 'ConnectionTypeID': 25, 'StatusTypeID': 50, 'LevelID': 2, 'Amps': 16, 'Voltage': 400, 'PowerKW': 11, 'CurrentTypeID': 20, 'Quantity': 2}]",2.0,50,2020-08-04T18:17:00Z,1,2020-08-01T10:57:00Z,200,162421,Honthorststraat,Honthorststraat 46,Amsterdam,Noord-Holland,1071DH,159,52.35769059255907,4.88575757377555,,,0,,,,,,,,233252.0,25.0,50.0,2.0,11.0,20.0,2.0,,16.0,400.0,
356,False,2021-01-07T06:55:00Z,161875,4F9A83B2-B1D8-4734-82D3-FBD75D0FCAE8,1,23.0,4.0,€0.25/kWh; andere tarieven voor oudere auto's,"[{'ID': 232972, 'ConnectionTypeID': 27, 'StatusTypeID': 50, 'LevelID': 3, 'PowerKW': 120, 'CurrentTypeID': 30, 'Quantity': 2}]",8.0,50,2021-01-07T06:55:00Z,1,2020-07-27T14:47:00Z,200,162232,Middelburg Supercharger,Paukenweg 3,Middelburg,,4337 WH,159,51.480275,3.636485,,,0,,,,,"Charging8 Superchargers, available 24/7, up to 250kW",54156,,232972.0,27.0,50.0,3.0,120.0,30.0,2.0,,,,
357,False,2020-07-27T13:51:00Z,161853,6F621CC5-7E65-4250-9353-AFC8A3F6B09A,1,3392.0,5.0,,"[{'ID': 232908, 'ConnectionTypeID': 33, 'StatusTypeID': 50, 'LevelID': 3, 'PowerKW': 50, 'CurrentTypeID': 30, 'Quantity': 2}, {'ID': 232909, 'ConnectionTypeID': 2, 'StatusTypeID': 50, 'LevelID': 3, 'PowerKW': 50, 'CurrentTypeID': 30, 'Quantity': 2}, {'ID': 232910, 'ConnectionTypeID': 1036, 'StatusTypeID': 50, 'LevelID': 2, 'PowerKW': 43, 'Quantity': 2}]",2.0,50,2020-07-27T13:51:00Z,1,2020-07-27T11:17:00Z,200,162210,Shell Rotterdam,48 Stadionweg,Rotterdam,South Holland,3078HV,159,51.89464168918698,4.530835616649711,,,0,,,,,,,,232908.0,33.0,50.0,3.0,50.0,30.0,2.0,,,,
358,False,2020-07-19T05:32:00Z,161638,45CCCC21-9252-4ED7-9F79-68F16A0ABFFC,1,23.0,4.0,€0.25/kWh; andere tarieven voor oudere auto's,"[{'ID': 232600, 'ConnectionTypeID': 27, 'StatusTypeID': 50, 'LevelID': 3, 'PowerKW': 120, 'CurrentTypeID': 30, 'Quantity': 8}]",8.0,50,2020-07-19T05:32:00Z,1,2020-07-19T05:32:00Z,200,161995,Akersloot Supercharger,Geesterweg 1a,Akersloot,,1921 NV,159,52.547541,4.722741,,,0,,,,,"Charging8 Superchargers, available 24/7, up to 250kW",54120,,232600.0,27.0,50.0,3.0,120.0,30.0,8.0,,,,
359,False,2020-07-20T18:43:00Z,161618,D2A654E9-409C-433F-898C-1DAEDA854763,1,63.0,4.0,,"[{'ID': 232577, 'ConnectionTypeID': 25, 'StatusTypeID': 50, 'LevelID': 2, 'Amps': 32, 'Voltage': 400, 'PowerKW': 22, 'CurrentTypeID': 20, 'Quantity': 2, 'Comments': 'Parking permit required while charging. One spot reserved for charging, two sockets available.'}]",1.0,50,2020-07-20T18:43:00Z,1,2020-07-18T11:14:00Z,200,161975,3 Waterschapstraat,3 Waterschapstraat,Alkmaar,North Holland,1821AR,159,52.630213224208035,4.757845411660696,,,0,,,,,,,,232577.0,25.0,50.0,2.0,22.0,20.0,2.0,,32.0,400.0,"Parking permit required while charging. One spot reserved for charging, two sockets available."
360,False,2020-12-20T06:34:00Z,161434,5209AEEC-BD10-4F74-87A8-01F2649ACF58,1,23.0,4.0,€0.25/kWh; andere tarieven voor oudere auto's,"[{'ID': 232332, 'ConnectionTypeID': 27, 'StatusTypeID': 50, 'LevelID': 3, 'PowerKW': 120, 'CurrentTypeID': 30, 'Quantity': 20}]",20.0,50,2020-12-20T06:34:00Z,1,2020-07-12T05:32:00Z,200,161791,Apeldoorn Oost Supercharger,Landgoedlaan 26,Apeldoorn,,7325 AW,159,52.204703,6.016104,,,0,,,,,"Charging12 Superchargers, available 24/7, up to 250kW",54038,,232332.0,27.0,50.0,3.0,120.0,30.0,20.0,,,,
361,False,2020-07-10T17:07:00Z,161381,6F242282-A986-4CAA-8F4A-C8CE2FB88536,1,3387.0,1.0,"€0,34/kWh","[{'ID': 232250, 'ConnectionTypeID': 25, 'StatusTypeID': 75, 'LevelID': 2, 'Voltage': 400, 'PowerKW': 17, 'CurrentTypeID': 20, 'Quantity': 1}, {'ID': 232272, 'ConnectionTypeID': 25, 'StatusTypeID': 50, 'LevelID': 2, 'Voltage': 230, 'PowerKW': 5.8, 'CurrentTypeID': 10, 'Quantity': 3}]",4.0,75,2020-07-10T17:07:00Z,1,2020-07-10T07:26:00Z,200,161738,IJsvogelstraat,IJsvogelstraat 34,Aalsmeer,,1431 VS,159,52.25563301923523,4.7599020794293665,,,0,,,,,Mostly blocked by fuel burners,,,232250.0,25.0,75.0,2.0,17.0,20.0,1.0,,,400.0,
362,False,2021-01-09T06:44:00Z,161270,3C375090-120E-42E1-8F1E-2ECD04200272,1,23.0,4.0,€0.25/kWh; andere tarieven voor oudere auto's,"[{'ID': 232044, 'ConnectionTypeID': 27, 'StatusTypeID': 50, 'LevelID': 3, 'PowerKW': 120, 'CurrentTypeID': 30, 'Quantity': 18}]",18.0,50,2021-01-09T06:44:00Z,1,2020-07-08T05:28:00Z,200,161627,Rijswijk Supercharger,Laan Van Hoornwijck 29,Rijswijk,,2289 DG ,159,52.048276,4.349078,,,0,,,,,"Charging12 superchargers, available 24/7, up to 250kW",43541,,232044.0,27.0,50.0,3.0,120.0,30.0,18.0,,,,
363,False,2020-06-09T06:22:00Z,157470,4F46FC51-E895-4AD8-B2FB-0820F7705133,1,108.0,1.0,,"[{'ID': 226833, 'ConnectionTypeID': 25, 'StatusTypeID': 50, 'LevelID': 2, 'PowerKW': 11, 'Quantity': 2}]",2.0,50,2020-06-09T06:22:00Z,1,2020-06-08T17:34:00Z,200,157824,Zebrakever,Zebrakever,Son en Breugel,North Brabant,5692VG,159,51.53141911337636,5.48762993293019,,,0,,,,,,,,226833.0,25.0,50.0,2.0,11.0,,2.0,,,,
364,False,2020-06-08T10:39:00Z,157452,0BAB41E1-9C4D-471D-9EB8-5D99B7108AEA,1,108.0,1.0,,"[{'ID': 226807, 'ConnectionTypeID': 25, 'StatusTypeID': 50, 'LevelID': 2, 'PowerKW': 11, 'Quantity': 2, 'Comments': ''}]",2.0,50,2020-06-08T10:39:00Z,1,2020-06-07T17:09:00Z,200,157806,Rooijseweg,Rooijseweg,Son en Breugel,North Brabant,5691ZV,159,51.5243917,5.4910909,,http://www.sporthalson.nl/,0,,,,,,,,226807.0,25.0,50.0,2.0,11.0,,2.0,,,,
365,False,2020-05-29T08:19:00Z,157325,17D4898A-C9BD-4389-B4CD-0865038C03AB,1,103.0,1.0,"0,37 €/ kWh","[{'ID': 226594, 'ConnectionTypeID': 25, 'StatusTypeID': 50, 'LevelID': 2, 'PowerKW': 11, 'Quantity': 2}]",2.0,50,2020-05-29T08:19:00Z,1,2020-05-28T11:35:00Z,200,157679,Koningsweg 26,Koningsweg 26,Twenterand,Overijssel,7672GD,159,52.41508160721338,6.621509916866216,,,0,Vriezenveen,,,,,NLALLEGO001652,,226594.0,25.0,50.0,2.0,11.0,,2.0,,,,
366,False,2020-05-05T06:06:00Z,156061,487AF704-B899-414A-BB43-0476A9C41BE2,1,3387.0,1.0,,"[{'ID': 219663, 'ConnectionTypeID': 25, 'StatusTypeID': 50, 'LevelID': 2, 'PowerKW': 11}]",2.0,50,2020-05-05T06:06:00Z,1,2020-05-04T16:00:00Z,200,156415,Dadelgaarde 28,Dadelgaarde 28,Zoetermeer,Zuid-Holland,2723 BK,159,52.059905953834345,4.515953744973444,,,0,,,,,,,,219663.0,25.0,50.0,2.0,11.0,,,,,,
367,False,2020-05-06T11:14:00Z,156060,53BCC01F-ABEF-4465-AFE3-C18456ECAE1B,1,3394.0,1.0,"€0,22/kWh; andere tarieven beschikbaar","[{'ID': 219662, 'ConnectionTypeID': 25, 'StatusTypeID': 50, 'LevelID': 2, 'Amps': 32, 'Voltage': 400, 'PowerKW': 22, 'CurrentTypeID': 20, 'Quantity': 2}]",2.0,50,2020-05-06T11:14:00Z,1,2020-05-04T15:54:00Z,200,156414,Gaardedreef 45,Gaardedreef 45,Zoetermeer,Zuid-Holland ,,159,52.05951900533063,4.512890914411173,,,0,,,,,,9780acc2-bda7-11e9-8013-42010a840011,,219662.0,25.0,50.0,2.0,22.0,20.0,2.0,,32.0,400.0,
368,False,2020-12-18T19:55:00Z,155570,60CA7FBF-E10D-4200-B02D-C7791C069306,1,73.0,1.0,0.30,"[{'ID': 260657, 'ConnectionTypeID': 25, 'StatusTypeID': 50, 'LevelID': 2, 'Amps': 16, 'Voltage': 400, 'PowerKW': 11, 'CurrentTypeID': 20, 'Quantity': 1}]",1.0,50,2020-12-18T19:55:00Z,1,2020-04-19T11:05:00Z,200,155924,15 Maaslandstraat,15 Maaslandstraat,Oisterwijk,North Brabant,5061XP,159,51.58392882792006,5.208350056368886,,,0,,,,,,,,260657.0,25.0,50.0,2.0,11.0,20.0,1.0,,16.0,400.0,
369,False,2020-03-29T09:32:00Z,155148,99A4A901-B33D-4CAD-91C4-9FE70A7AB1FD,1,3387.0,4.0,"€0,34/kWh","[{'ID': 218388, 'ConnectionTypeID': 25, 'StatusTypeID': 50, 'LevelID': 2, 'Amps': 32, 'PowerKW': 22, 'CurrentTypeID': 20, 'Quantity': 6}]",6.0,50,2020-03-29T09:32:00Z,1,2020-03-28T22:05:00Z,200,155502,Onderdreef 1A,Onderdreef,Buren,Gelderland,4116CC,159,51.91202628008102,5.331636984511761,,,0,,,,,,,,218388.0,25.0,50.0,2.0,22.0,20.0,6.0,,32.0,,
370,False,2020-03-22T08:55:00Z,154912,739ACF7C-22A8-4EC6-A8E4-D1259E04287E,1,73.0,4.0,,"[{'ID': 218014, 'ConnectionTypeID': 25, 'StatusTypeID': 50, 'LevelID': 2, 'PowerKW': 11, 'CurrentTypeID': 20, 'Quantity': 2}]",2.0,50,2020-03-22T08:55:00Z,1,2020-03-21T08:46:00Z,200,155265,Sowetostraat 2,Sowetostraat 2,Delft,Zuid-Holland,2622LA,159,51.981313294692,4.338029529359346,,,0,,,,,,,,218014.0,25.0,50.0,2.0,11.0,20.0,2.0,,,,
371,False,2020-03-21T08:14:00Z,154843,6F103C5F-1C03-45AD-A619-7F261F38375B,1,103.0,1.0,"€0,35 per kWh","[{'ID': 217906, 'ConnectionTypeID': 25, 'StatusTypeID': 50, 'LevelID': 2, 'PowerKW': 11, 'CurrentTypeID': 20, 'Quantity': 2}]",1.0,50,2020-03-21T08:14:00Z,1,2020-03-20T11:28:00Z,200,155196,Enkplein 2,Enkplein,Velp,Gelderland,6881MG,159,51.99904825178032,5.968128500752073,,https://allego.eu,0,,,,,Allego charger with Dual Mennekes,,,217906.0,25.0,50.0,2.0,11.0,20.0,2.0,,,,
372,False,2020-03-07T18:59:00Z,149869,93F63687-6E2D-4A13-A862-3308B131708C,1,108.0,1.0,,"[{'ID': 208087, 'ConnectionTypeID': 25, 'StatusTypeID': 50, 'LevelID': 2, 'Amps': 32, 'Voltage': 400, 'PowerKW': 22, 'CurrentTypeID': 20, 'Quantity': 2}]",2.0,50,2020-03-07T18:59:00Z,1,2020-03-07T17:14:00Z,200,150222,Schuddebeursstraat,Schuddebeursstraat 90,Zoetermeer,Zuid-Holland,2729LX,159,52.061878017790576,4.539799144399467,,,0,,,,,,,,208087.0,25.0,50.0,2.0,22.0,20.0,2.0,,32.0,400.0,
373,False,2020-02-28T08:08:00Z,149536,7C6F0262-C042-4992-A5FA-AB5837E2305D,1,3387.0,4.0,"DC: €0,70/kWh AC: €0,34/kWh","[{'ID': 207614, 'ConnectionTypeID': 2, 'StatusTypeID': 50, 'LevelID': 3, 'PowerKW': 50, 'CurrentTypeID': 30, 'Quantity': 1}, {'ID': 207615, 'ConnectionTypeID': 33, 'StatusTypeID': 50, 'LevelID': 3, 'PowerKW': 50, 'CurrentTypeID': 30, 'Quantity': 1}, {'ID': 207626, 'ConnectionTypeID': 25, 'StatusTypeID': 50, 'LevelID': 2, 'Amps': 32, 'Voltage': 400, 'PowerKW': 22, 'CurrentTypeID': 20, 'Quantity': 2}]",3.0,50,2020-02-28T08:08:00Z,1,2020-02-27T17:03:00Z,200,149889,Agri SnelTank,Hudsonweg 12,Goes,Zeeland,4462HJ,159,51.483224893636816,3.894598537953584,,,0,,,,,,,,207614.0,2.0,50.0,3.0,50.0,30.0,1.0,,,,
374,False,2020-02-26T16:08:00Z,149457,BA20911F-4A23-45AE-B70D-109C8A555132,1,108.0,1.0,"€0,34/kWh","[{'ID': 207503, 'ConnectionTypeID': 25, 'StatusTypeID': 50, 'LevelID': 2, 'PowerKW': 11, 'CurrentTypeID': 20, 'Quantity': 2}]",2.0,50,2020-02-26T16:08:00Z,1,2020-02-26T13:50:00Z,200,149810,Argonautenstraat 19,Argonautenstraat 19,Amsterdam,North Holland,1076KJ,159,52.34361035307606,4.860980473843256,,,0,,,,,,,,207503.0,25.0,50.0,2.0,11.0,20.0,2.0,,,,
375,False,2020-02-09T18:04:00Z,148645,7228A2D6-B50D-436F-B30D-4D04FBB705B5,1,63.0,4.0,,"[{'ID': 206400, 'ConnectionTypeID': 25, 'StatusTypeID': 50, 'LevelID': 2, 'PowerKW': 22, 'CurrentTypeID': 20, 'Quantity': 2}]",2.0,50,2020-02-09T18:04:00Z,1,2020-02-08T11:34:00Z,200,148997,Oudorperdijkje,Oudorperdijkje,Alkmaar,North Holland,1821AP,159,52.628374784191664,4.760675819920607,,,0,,,,,,,,206400.0,25.0,50.0,2.0,22.0,20.0,2.0,,,,
376,False,2020-02-03T16:45:00Z,148471,AC2847C7-FB93-4E16-954D-F1B006CAA188,1,103.0,1.0,,"[{'ID': 206126, 'ConnectionTypeID': 25, 'StatusTypeID': 50, 'LevelID': 2, 'Amps': 16, 'Voltage': 400, 'PowerKW': 11, 'CurrentTypeID': 20, 'Quantity': 2}]",2.0,50,2020-02-03T16:45:00Z,1,2020-02-03T08:31:00Z,200,148823,Fivelgolaan,Fivelgolaan,Groningen,Groningen,9727DZ,159,53.19893376495949,6.526537179599018,,https://openbaarladen.nl/,0,West,,,,,,,206126.0,25.0,50.0,2.0,11.0,20.0,2.0,,16.0,400.0,
377,False,2020-02-02T17:17:00Z,148324,5D30EB97-AF66-450A-9A59-6F40EC2D1705,1,103.0,1.0,"€0,36/kWh","[{'ID': 205929, 'ConnectionTypeID': 33, 'StatusTypeID': 50, 'LevelID': 3, 'PowerKW': 50, 'CurrentTypeID': 30, 'Quantity': 2}, {'ID': 205930, 'ConnectionTypeID': 2, 'StatusTypeID': 50, 'LevelID': 3, 'PowerKW': 50, 'CurrentTypeID': 30, 'Quantity': 2}, {'ID': 205931, 'ConnectionTypeID': 1036, 'StatusTypeID': 50, 'LevelID': 3, 'Amps': 63, 'Voltage': 400, 'PowerKW': 43, 'CurrentTypeID': 20, 'Quantity': 2}]",2.0,50,2020-02-02T17:17:00Z,1,2020-01-30T11:55:00Z,200,148676,Strawinskylaan,Strawinskylaan,Amsterdam,North Holland,1077XW,159,52.340961671030556,4.875402153081495,,,0,Amsterdam,,,,,,,205929.0,33.0,50.0,3.0,50.0,30.0,2.0,,,,
378,False,2020-02-05T09:37:00Z,148197,DDC01C78-22CB-4A13-9EE0-F05F0E195A80,1,3387.0,4.0,,"[{'ID': 205750, 'ConnectionTypeID': 25, 'StatusTypeID': 50, 'LevelID': 2, 'PowerKW': 11, 'Quantity': 2}]",2.0,50,2020-02-05T09:37:00Z,1,2020-01-27T11:15:00Z,200,148549,LastMileSolutions Charging Station,Wagenaarweg 17,Den Haag,,2597LD,159,52.10143220497022,4.296741264116008,,,0,,,,,,,,205750.0,25.0,50.0,2.0,11.0,,2.0,,,,
379,False,2020-01-25T06:41:00Z,148110,05075471-2B06-46A5-9D06-4452112E42E6,1,23.0,4.0,€0.25/kWh; andere tarieven voor oudere auto's,"[{'ID': 205614, 'ConnectionTypeID': 27, 'StatusTypeID': 50, 'LevelID': 3, 'PowerKW': 120, 'CurrentTypeID': 30, 'Quantity': 16}]",16.0,50,2020-01-25T06:41:00Z,1,2020-01-25T06:41:00Z,200,148462,'S-Hertogenbosch Supercharger,Burgemeester Burgerslaan 50,Rosmalen,,5245 NH,159,51.720357,5.333276,,,0,,,,,"Charging16 Superchargers, available 24/7, up to 150kW",52824,,205614.0,27.0,50.0,3.0,120.0,30.0,16.0,,,,
380,False,2020-01-25T23:14:00Z,148061,57628981-9A4A-4351-90BD-92420A354041,1,63.0,1.0,€0.32/kWh,"[{'ID': 205642, 'ConnectionTypeID': 25, 'StatusTypeID': 50, 'LevelID': 2, 'Amps': 32, 'Voltage': 400, 'PowerKW': 22, 'CurrentTypeID': 20, 'Quantity': 2}]",2.0,50,2020-01-25T23:14:00Z,1,2020-01-24T12:12:00Z,200,148413,Scheldestraat 2,Scheldestraat 2,IJmuiden,Noord-Holland,1972 TM,159,52.45791653907861,4.610817588895998,,,0,,,,,,,,205642.0,25.0,50.0,2.0,22.0,20.0,2.0,,32.0,400.0,
381,False,2019-12-30T21:26:00Z,146028,9272BCBA-A461-4FB9-B8CB-8DC18375B1A7,1,23.0,4.0,€0.25/kWh; andere tarieven voor oudere auto's,"[{'ID': 202916, 'ConnectionTypeID': 27, 'StatusTypeID': 50, 'LevelID': 3, 'PowerKW': 120, 'CurrentTypeID': 30, 'Quantity': 14}]",14.0,50,2019-12-30T21:26:00Z,1,2019-12-30T21:26:00Z,200,146380,Assen Supercharger,1 Balkenweg,Assen,,,159,52.9929,6.52447,,,0,,,,,"14 Superchargers, available 24/7, up to 150kW",52549,,202916.0,27.0,50.0,3.0,120.0,30.0,14.0,,,,
382,False,2020-01-09T16:26:00Z,145861,2894240E-0A33-475E-B152-D423EE88C6E1,1,44.0,3.0,"€0,31","[{'ID': 202641, 'ConnectionTypeID': 1036, 'StatusTypeID': 50, 'LevelID': 2, 'Amps': 32, 'Voltage': 240, 'PowerKW': 7.4, 'CurrentTypeID': 10, 'Quantity': 1}]",1.0,50,2020-01-09T16:26:00Z,1,2019-12-24T12:08:00Z,200,146213,Escher EV,Maurits Escherstraat 12,Zelhem,Gelderland,7021GJ,159,52.00997492699278,6.360814324598891,+31621818012,,0,,,john.bruil@gmail.com,Please contact main Telephone number before charging.,,,,202641.0,1036.0,50.0,2.0,7.4,10.0,1.0,,32.0,240.0,
383,False,2019-12-21T17:21:00Z,135441,4FBE71D7-3F96-42B2-A706-C8DE26481736,1,108.0,1.0,€0.34/kWh,"[{'ID': 189777, 'ConnectionTypeID': 25, 'StatusTypeID': 50, 'LevelID': 2, 'Amps': 32, 'Voltage': 400, 'PowerKW': 22, 'CurrentTypeID': 20, 'Quantity': 2}]",2.0,50,2019-12-21T17:21:00Z,1,2019-12-21T08:21:00Z,200,135787,Sterappelstraat ,Sterappelstraat 46,Den haag,,,159,52.06545893864143,4.255977912920798,,,0,,,,,,,,189777.0,25.0,50.0,2.0,22.0,20.0,2.0,,32.0,400.0,
384,False,2019-12-17T23:23:00Z,135327,B9C8A325-458E-4E77-94E1-FBE1DC558E33,1,177.0,1.0,,"[{'ID': 189597, 'ConnectionTypeID': 25, 'StatusTypeID': 50, 'LevelID': 2, 'PowerKW': 22}]",2.0,50,2019-12-17T23:23:00Z,1,2019-12-17T15:24:00Z,200,135673,Doctor Ariënsstraat,Doctor Ariënsstraat 27,Peel en Maas,Limburg,5981VE,159,51.324719151036305,5.978757452000309,,,0,Panningen,,,,,,,189597.0,25.0,50.0,2.0,22.0,,,,,,
385,False,2019-10-31T21:31:00Z,134006,983B6E3D-2BA6-49E1-A2A5-3802F1F04132,1,177.0,1.0,,"[{'ID': 187504, 'ConnectionTypeID': 25, 'StatusTypeID': 50, 'LevelID': 2, 'PowerKW': 11, 'Quantity': 2}]",2.0,50,2019-10-31T21:31:00Z,1,2019-10-31T14:34:00Z,200,134352,Stationsplein,Stationsplein,Gilze en Rijen,Noord-Brabant,5122CB,159,51.5840855763044,4.92548384979523,,,0,Rijen,,,,,,,187504.0,25.0,50.0,2.0,11.0,,2.0,,,,
386,False,2019-10-26T17:35:00Z,133796,E905CF0B-7264-433E-99DD-855D99D59E33,1,103.0,1.0,,"[{'ID': 187246, 'ConnectionTypeID': 25, 'StatusTypeID': 50, 'LevelID': 2, 'PowerKW': 22, 'CurrentTypeID': 20, 'Quantity': 12}]",12.0,50,2019-10-26T17:35:00Z,1,2019-10-26T17:33:00Z,200,134142,Ericssonstraat 2 Rijen,Ericssonstraat 2,Rijen,,5121ML ,159,51.57804198587354,4.926538867494173,,,0,,,,,,,,187246.0,25.0,50.0,2.0,22.0,20.0,12.0,,,,
387,False,2022-05-29T09:25:00Z,133792,9973F97E-AE60-4FEC-B096-F787E6F6D7B0,1,74.0,1.0,,"[{'ID': 187238, 'ConnectionTypeID': 2, 'StatusTypeID': 50, 'LevelID': 3, 'Amps': 125, 'Voltage': 400, 'PowerKW': 50, 'CurrentTypeID': 30, 'Quantity': 1}, {'ID': 187239, 'ConnectionTypeID': 33, 'StatusTypeID': 50, 'LevelID': 3, 'PowerKW': 50, 'CurrentTypeID': 30, 'Quantity': 1}, {'ID': 187240, 'ConnectionTypeID': 33, 'StatusTypeID': 50, 'LevelID': 3, 'PowerKW': 175, 'CurrentTypeID': 30, 'Quantity': 1}, {'ID': 304257, 'ConnectionTypeID': 33, 'StatusTypeID': 50, 'LevelID': 3, 'PowerKW': 350, 'CurrentTypeID': 30, 'Quantity': 2}]",4.0,50,2022-05-29T09:25:00Z,1,2019-10-26T08:03:00Z,200,134138,Fastned Ravensewetering,Ravensewetering,Nieuwegein,,3439ZZ,159,52.04992463230403,5.122193865356394,,http://www.fastned.nl,0,,,,24/7,,,,187238.0,2.0,50.0,3.0,50.0,30.0,1.0,,125.0,400.0,
388,False,2022-08-03T17:26:00Z,133791,5030E13C-4F7F-429F-9378-9B07E31902AE,1,74.0,1.0,,"[{'ID': 187234, 'ConnectionTypeID': 2, 'StatusTypeID': 50, 'LevelID': 3, 'Amps': 125, 'Voltage': 400, 'PowerKW': 50, 'CurrentTypeID': 30, 'Quantity': 2}, {'ID': 187235, 'ConnectionTypeID': 33, 'StatusTypeID': 50, 'LevelID': 3, 'PowerKW': 50, 'CurrentTypeID': 30, 'Quantity': 2}, {'ID': 187236, 'ConnectionTypeID': 25, 'StatusTypeID': 50, 'LevelID': 3, 'PowerKW': 43, 'CurrentTypeID': 20, 'Quantity': 2}, {'ID': 187237, 'ConnectionTypeID': 33, 'StatusTypeID': 50, 'LevelID': 3, 'PowerKW': 350, 'CurrentTypeID': 30, 'Quantity': 4}]",4.0,50,2022-08-03T17:26:00Z,1,2019-10-26T07:59:00Z,200,134137,Fastned Jutphaas,Jutphaas A2,Nieuwegein,,3437 PV,159,52.01765429656405,5.068244565118107,,http://www.fastned.nl,0,,,,,,,,187234.0,2.0,50.0,3.0,50.0,30.0,2.0,,125.0,400.0,
389,False,2020-03-12T12:07:00Z,133777,95D0245C-FB94-4174-83A2-13F358B56D49,1,23.0,4.0,€0.25/kWh; andere tarieven voor oudere auto's,"[{'ID': 187220, 'ConnectionTypeID': 27, 'StatusTypeID': 50, 'LevelID': 3, 'PowerKW': 120, 'CurrentTypeID': 30, 'Quantity': 20}]",20.0,50,2020-03-12T12:07:00Z,1,2019-10-26T05:55:00Z,200,134123,Duiven Supercharger,Impuls 2,Duiven,,6921 RK,159,51.959482,6.021093,,,0,,,,,"16 Superchargers, available 24/7, up to 120kW",52225,,187220.0,27.0,50.0,3.0,120.0,30.0,20.0,,,,
390,False,2021-01-30T07:04:00Z,133766,5A909494-6DA6-44F3-822F-0B7C9839AE37,1,23.0,4.0,€0.25/kWh; andere tarieven voor oudere auto's,"[{'ID': 187209, 'ConnectionTypeID': 27, 'StatusTypeID': 50, 'LevelID': 3, 'PowerKW': 120, 'CurrentTypeID': 30, 'Quantity': 32}]",32.0,50,2021-01-30T07:04:00Z,1,2019-10-26T05:53:00Z,200,134112,Naarden Supercharger,Ijsselmeerweg 3,Naarden,,1411,159,52.308658,5.140926,,,0,,,,,"12 Superchargers, available 24/7, up to 120kW",52226,,187209.0,27.0,50.0,3.0,120.0,30.0,32.0,,,,
391,False,2019-10-26T17:21:00Z,133744,E61C32A4-EF41-4475-9C32-58725705D295,1,1.0,1.0,,"[{'ID': 187180, 'ConnectionTypeID': 25, 'StatusTypeID': 50, 'LevelID': 2, 'PowerKW': 11, 'CurrentTypeID': 20, 'Quantity': 2}]",2.0,50,2019-10-26T17:21:00Z,1,2019-10-25T09:20:00Z,200,134090,Marijkestraat,Marijkestraat,Gilze en Rijen,Noord-Brabant,5121XB,159,51.588294822554,4.91985313736404,,,0,Rijen,,,,,,,187180.0,25.0,50.0,2.0,11.0,20.0,2.0,,,,
392,False,2019-10-22T05:45:00Z,133632,E257B660-F1EF-4729-83DF-9852DE65474C,1,23.0,4.0,,"[{'ID': 187042, 'ConnectionTypeID': 30, 'StatusTypeID': 50, 'LevelID': 2, 'PowerKW': 11, 'CurrentTypeID': 20, 'Quantity': 1}]",1.0,50,2019-10-22T05:45:00Z,1,2019-10-22T05:45:00Z,200,133978,Heerlijkheid Mariënwaerdt,Oude Waag 21,Beesd,,4153 RC,159,51.889319,5.219076, +31 3456 87010,,0,,,,,"1 Tesla Connector, up to 11kW.Available for customers. Please see front desk.",49881,,187042.0,30.0,50.0,2.0,11.0,20.0,1.0,,,,
393,False,2019-10-16T17:55:00Z,133376,C205D7AD-EDC7-4118-A051-8510A257F3E2,1,74.0,1.0,,"[{'ID': 186714, 'ConnectionTypeID': 33, 'StatusTypeID': 50, 'LevelID': 3, 'PowerKW': 175, 'CurrentTypeID': 30, 'Quantity': 2}, {'ID': 186715, 'ConnectionTypeID': 33, 'StatusTypeID': 50, 'LevelID': 3, 'Amps': 125, 'Voltage': 400, 'PowerKW': 50, 'CurrentTypeID': 30, 'Quantity': 2}, {'ID': 186716, 'ConnectionTypeID': 2, 'StatusTypeID': 50, 'LevelID': 3, 'PowerKW': 50, 'CurrentTypeID': 30, 'Quantity': 2}, {'ID': 186717, 'ConnectionTypeID': 1036, 'StatusTypeID': 50, 'LevelID': 3, 'Amps': 63, 'Voltage': 400, 'PowerKW': 43, 'CurrentTypeID': 20, 'Quantity': 2}]",4.0,50,2019-10-16T17:55:00Z,1,2019-10-16T17:55:00Z,200,133722,Fastned De Hackelaar,De Hackelaar A1,Muiden,,1398 PN,159,52.322068974177654,5.084432053024898,,http://fastned.nl/,0,,,,24/7,,,,186714.0,33.0,50.0,3.0,175.0,30.0,2.0,,,,
394,False,2019-10-17T11:11:00Z,133144,2DE1C6EF-B954-4437-9F07-6874DB98F6B0,1,103.0,1.0,"€ 0,391/kWh","[{'ID': 186457, 'ConnectionTypeID': 25, 'StatusTypeID': 50, 'LevelID': 2, 'Amps': 32, 'Voltage': 400, 'PowerKW': 22, 'CurrentTypeID': 20, 'Quantity': 2}]",2.0,50,2019-10-17T11:11:00Z,1,2019-10-15T14:15:00Z,200,133490,Winkelcentrum Stadsveld,Zweringweg 210,Enschede,,,159,52.2104000019586,6.86353579627712,,,0,,,,,,NLALLEGO005522,,186457.0,25.0,50.0,2.0,22.0,20.0,2.0,,32.0,400.0,
395,False,2019-10-11T17:03:00Z,133004,23803FD5-228D-4066-9D14-B72C69271700,1,1.0,6.0,,"[{'ID': 186277, 'ConnectionTypeID': 25, 'StatusTypeID': 50, 'LevelID': 2, 'PowerKW': 22, 'CurrentTypeID': 20, 'Quantity': 4}]",4.0,50,2019-10-11T17:03:00Z,1,2019-10-11T07:42:00Z,200,133350,SpaSereen,"Westbroekse Binnenweg 2a, ",Tienhoven,,3612 AH,159,52.1464286185232,5.08371539338782,,,0,,,,,,,,186277.0,25.0,50.0,2.0,22.0,20.0,4.0,,,,
396,False,2019-10-11T07:14:00Z,132596,5CCB124C-EC22-4AA5-AD48-D3DA83E956B3,1,3299.0,1.0,Aprox. 8 euro per charging session. Depending on provider.,"[{'ID': 185626, 'ConnectionTypeID': 33, 'StatusTypeID': 50, 'LevelID': 3, 'PowerKW': 350, 'CurrentTypeID': 30, 'Quantity': 4}]",4.0,50,2019-10-11T07:14:00Z,1,2019-10-03T07:08:00Z,200,132942,IONITY Sevenum,Kleefsedijk 27,Sevenum,,5975 NV,159,51.3800057287701,5.98544993956125,,,0,,,,Located on the parking lot next to the KFC. Open 24/7.,,,,185626.0,33.0,50.0,3.0,350.0,30.0,4.0,,,,
397,False,2019-10-30T21:07:00Z,132397,6E3E4B97-F107-4E4D-A138-30C9BFA8670A,1,74.0,1.0,,"[{'ID': 185374, 'ConnectionTypeID': 2, 'StatusTypeID': 50, 'LevelID': 3, 'Amps': 125, 'Voltage': 400, 'PowerKW': 50, 'CurrentTypeID': 30, 'Quantity': 1}, {'ID': 185375, 'ConnectionTypeID': 33, 'StatusTypeID': 50, 'LevelID': 3, 'PowerKW': 50, 'CurrentTypeID': 30, 'Quantity': 1}, {'ID': 185376, 'ConnectionTypeID': 25, 'StatusTypeID': 50, 'LevelID': 3, 'PowerKW': 43, 'CurrentTypeID': 20, 'Quantity': 1}, {'ID': 185377, 'ConnectionTypeID': 33, 'StatusTypeID': 50, 'LevelID': 3, 'PowerKW': 175, 'CurrentTypeID': 30, 'Quantity': 2}]",3.0,50,2019-10-30T21:07:00Z,1,2019-09-28T12:54:00Z,200,132743,Fastned De Knoest,De Knoest A27,Nieuwegein,Utrecht,3433NW,159,52.0142658986678,5.12237807136125,,http://www.fastned.nl,0,,,,,,,,185374.0,2.0,50.0,3.0,50.0,30.0,1.0,,125.0,400.0,
398,False,2019-09-28T12:35:00Z,132396,F4F48B95-39D8-47BB-B173-B7A426446932,1,74.0,5.0,,"[{'ID': 185371, 'ConnectionTypeID': 33, 'StatusTypeID': 50, 'LevelID': 3, 'Amps': 125, 'Voltage': 400, 'PowerKW': 50, 'CurrentTypeID': 30, 'Quantity': 2}, {'ID': 185372, 'ConnectionTypeID': 2, 'StatusTypeID': 50, 'LevelID': 3, 'PowerKW': 50, 'CurrentTypeID': 30, 'Quantity': 2}, {'ID': 185373, 'ConnectionTypeID': 25, 'StatusTypeID': 50, 'LevelID': 3, 'Amps': 63, 'Voltage': 400, 'PowerKW': 43, 'CurrentTypeID': 20, 'Quantity': 2}]",4.0,50,2019-09-28T12:35:00Z,1,2019-09-28T12:35:00Z,200,132742,Fastned Varakker,Varakker A15,Opheusden,,4043 AS,159,51.9239521236228,5.605242981731408,,,0,,,,24/7,,,,185371.0,33.0,50.0,3.0,50.0,30.0,2.0,,125.0,400.0,
399,False,2019-09-28T12:30:00Z,132395,585F9531-F854-4CE7-9B71-63F30BE563CF,1,74.0,5.0,,"[{'ID': 185369, 'ConnectionTypeID': 33, 'StatusTypeID': 50, 'LevelID': 3, 'Amps': 125, 'Voltage': 400, 'PowerKW': 50, 'CurrentTypeID': 30, 'Quantity': 2}, {'ID': 185370, 'ConnectionTypeID': 2, 'StatusTypeID': 50, 'LevelID': 3, 'PowerKW': 50, 'CurrentTypeID': 30, 'Quantity': 2}]",2.0,50,2019-09-28T12:30:00Z,1,2019-09-28T12:30:00Z,200,132741,Fastned Jan Heijnsstraat (AH),Jan Heijnsstraat 10,Tilburg,,5041GB,159,51.56232666590884,5.07525043679334,,,0,,,,24/7,,,,185369.0,33.0,50.0,3.0,50.0,30.0,2.0,,125.0,400.0,
400,False,2019-09-28T12:26:00Z,132394,F2FB1628-0A40-496D-AE84-07C12602C178,1,74.0,1.0,,"[{'ID': 185365, 'ConnectionTypeID': 33, 'StatusTypeID': 50, 'LevelID': 3, 'PowerKW': 175, 'CurrentTypeID': 30, 'Quantity': 1}, {'ID': 185366, 'ConnectionTypeID': 33, 'StatusTypeID': 50, 'LevelID': 3, 'Amps': 125, 'Voltage': 400, 'PowerKW': 50, 'CurrentTypeID': 30, 'Quantity': 2}, {'ID': 185367, 'ConnectionTypeID': 2, 'StatusTypeID': 50, 'LevelID': 3, 'PowerKW': 50, 'CurrentTypeID': 30, 'Quantity': 2}, {'ID': 185368, 'ConnectionTypeID': 1036, 'StatusTypeID': 50, 'LevelID': 3, 'Amps': 63, 'Voltage': 400, 'PowerKW': 43, 'CurrentTypeID': 20, 'Quantity': 2}]",4.0,50,2019-09-28T12:26:00Z,1,2019-09-28T12:26:00Z,200,132740,Fastned Bloemheuvel,Bloemheuvel A12,Woudenberg,,3931PD,159,52.049899909363546,5.461559592664003,,http://fastned.nl/,0,,,,24/7,,,,185365.0,33.0,50.0,3.0,175.0,30.0,1.0,,,,
401,False,2019-09-28T12:17:00Z,132393,A66F33B5-3353-4578-940D-36DEFAA92E9B,1,74.0,5.0,,"[{'ID': 185362, 'ConnectionTypeID': 33, 'StatusTypeID': 50, 'LevelID': 3, 'Amps': 125, 'Voltage': 400, 'PowerKW': 50, 'CurrentTypeID': 30, 'Quantity': 2}, {'ID': 185363, 'ConnectionTypeID': 2, 'StatusTypeID': 50, 'LevelID': 3, 'PowerKW': 50, 'CurrentTypeID': 30, 'Quantity': 2}, {'ID': 185364, 'ConnectionTypeID': 25, 'StatusTypeID': 50, 'LevelID': 3, 'Amps': 63, 'Voltage': 400, 'PowerKW': 43, 'CurrentTypeID': 20, 'Quantity': 2}]",4.0,50,2019-09-28T12:17:00Z,1,2019-09-28T12:17:00Z,200,132739,Fastned De Vonken,De Vonken A7,Terwispel,,8407EC,159,53.032415688134506,6.021034570977008,,,0,,,,24/7,,,,185362.0,33.0,50.0,3.0,50.0,30.0,2.0,,125.0,400.0,
402,False,2019-09-28T11:25:00Z,132391,FFA2CFFC-C340-439A-AF78-2E265C5ADDEC,1,74.0,1.0,,"[{'ID': 185357, 'ConnectionTypeID': 33, 'StatusTypeID': 50, 'LevelID': 3, 'PowerKW': 175, 'CurrentTypeID': 30, 'Quantity': 4}, {'ID': 185358, 'ConnectionTypeID': 33, 'StatusTypeID': 50, 'LevelID': 3, 'Amps': 125, 'Voltage': 400, 'PowerKW': 50, 'CurrentTypeID': 30, 'Quantity': 2}, {'ID': 185359, 'ConnectionTypeID': 2, 'StatusTypeID': 50, 'LevelID': 3, 'PowerKW': 50, 'CurrentTypeID': 30, 'Quantity': 2}, {'ID': 185360, 'ConnectionTypeID': 1036, 'StatusTypeID': 50, 'LevelID': 3, 'Amps': 63, 'Voltage': 400, 'PowerKW': 43, 'CurrentTypeID': 20, 'Quantity': 2}]",8.0,50,2019-09-28T11:25:00Z,1,2019-09-28T11:25:00Z,200,132737,Fastned Den Ruygen Hoek-Oost,Den Ruygen Hoek-Oost A4,Rijsenhout,,2132MA,159,52.25826430677844,4.685957607546129,,http://fastned.nl/,0,,,,,,,,185357.0,33.0,50.0,3.0,175.0,30.0,4.0,,,,
403,False,2019-09-28T10:56:00Z,132390,8EECB4EE-CC46-45E7-81B6-3EEF9F90FC44,1,74.0,1.0,,"[{'ID': 185353, 'ConnectionTypeID': 33, 'StatusTypeID': 50, 'LevelID': 3, 'PowerKW': 175, 'CurrentTypeID': 30, 'Quantity': 2}, {'ID': 185354, 'ConnectionTypeID': 33, 'StatusTypeID': 50, 'LevelID': 3, 'Amps': 125, 'Voltage': 400, 'PowerKW': 50, 'CurrentTypeID': 30, 'Quantity': 2}, {'ID': 185355, 'ConnectionTypeID': 2, 'StatusTypeID': 50, 'LevelID': 3, 'PowerKW': 50, 'CurrentTypeID': 30, 'Quantity': 2}, {'ID': 185356, 'ConnectionTypeID': 1036, 'StatusTypeID': 50, 'LevelID': 3, 'Amps': 63, 'Voltage': 400, 'PowerKW': 43, 'CurrentTypeID': 20, 'Quantity': 2}]",4.0,50,2019-09-28T10:56:00Z,1,2019-09-28T10:56:00Z,200,132736,Fastned Aalscholver,Aalscholver A6,Lelystad,,8218PW,159,52.43605394334023,5.425004709194127,,http://fastned.nl/,0,,,,24/7,,,,185353.0,33.0,50.0,3.0,175.0,30.0,2.0,,,,
404,False,2019-09-28T10:55:00Z,132389,50445279-AB30-4D8E-8A52-B794F4C33ECB,1,74.0,1.0,,"[{'ID': 185349, 'ConnectionTypeID': 33, 'StatusTypeID': 50, 'LevelID': 3, 'PowerKW': 175, 'CurrentTypeID': 30, 'Quantity': 2}, {'ID': 185350, 'ConnectionTypeID': 33, 'StatusTypeID': 50, 'LevelID': 3, 'Amps': 125, 'Voltage': 400, 'PowerKW': 50, 'CurrentTypeID': 30, 'Quantity': 2}, {'ID': 185351, 'ConnectionTypeID': 2, 'StatusTypeID': 50, 'LevelID': 3, 'PowerKW': 50, 'CurrentTypeID': 30, 'Quantity': 2}, {'ID': 185352, 'ConnectionTypeID': 1036, 'StatusTypeID': 50, 'LevelID': 3, 'Amps': 63, 'Voltage': 400, 'PowerKW': 43, 'CurrentTypeID': 20, 'Quantity': 2}]",4.0,50,2019-09-28T10:55:00Z,1,2019-09-28T10:55:00Z,200,132735,Fastned Lepelaar,Lepelaar A6,Lelystad,,8218PZ,159,52.432869,5.422989,,http://fastned.nl/,0,,,,24/7,,,,185349.0,33.0,50.0,3.0,175.0,30.0,2.0,,,,
405,False,2019-09-28T10:32:00Z,132387,699E27D4-276E-48BD-BCE5-6EC5BB29ACB6,1,74.0,1.0,,"[{'ID': 185343, 'ConnectionTypeID': 33, 'StatusTypeID': 50, 'LevelID': 3, 'PowerKW': 175, 'CurrentTypeID': 30, 'Quantity': 4}, {'ID': 185344, 'ConnectionTypeID': 33, 'StatusTypeID': 50, 'LevelID': 3, 'Amps': 125, 'Voltage': 400, 'PowerKW': 50, 'CurrentTypeID': 30, 'Quantity': 2}, {'ID': 185345, 'ConnectionTypeID': 2, 'StatusTypeID': 50, 'LevelID': 3, 'PowerKW': 50, 'CurrentTypeID': 30, 'Quantity': 2}, {'ID': 185346, 'ConnectionTypeID': 1036, 'StatusTypeID': 50, 'LevelID': 3, 'Amps': 63, 'Voltage': 400, 'PowerKW': 43, 'CurrentTypeID': 20, 'Quantity': 2}]",8.0,50,2019-09-28T10:32:00Z,1,2019-09-28T10:32:00Z,200,132733,Fastned Honswijck,Honswijck A1,Muiden,,1398PZ,159,52.3198822293468,5.077603571033933,,http://fastned.nl/,0,,,,,,,,185343.0,33.0,50.0,3.0,175.0,30.0,4.0,,,,
406,False,2019-09-28T10:22:00Z,132386,9D4BF2E8-9FE1-454B-AB08-B12B784FD5FD,1,74.0,1.0,,"[{'ID': 185339, 'ConnectionTypeID': 33, 'StatusTypeID': 50, 'LevelID': 3, 'PowerKW': 175, 'CurrentTypeID': 30, 'Quantity': 1}, {'ID': 185340, 'ConnectionTypeID': 33, 'StatusTypeID': 50, 'LevelID': 3, 'Amps': 125, 'Voltage': 400, 'PowerKW': 50, 'CurrentTypeID': 30, 'Quantity': 1}, {'ID': 185341, 'ConnectionTypeID': 2, 'StatusTypeID': 50, 'LevelID': 3, 'PowerKW': 50, 'CurrentTypeID': 30, 'Quantity': 1}, {'ID': 185342, 'ConnectionTypeID': 1036, 'StatusTypeID': 50, 'LevelID': 3, 'Amps': 63, 'Voltage': 400, 'PowerKW': 43, 'CurrentTypeID': 20, 'Quantity': 1}]",4.0,50,2019-09-28T10:22:00Z,1,2019-09-28T10:22:00Z,200,132732,Fastned Portland,Portland A15,Rhoon,,3161GP,159,51.86262339782925,4.4598305447498205,,http://fastned.nl/,0,,,,24/7,,,,185339.0,33.0,50.0,3.0,175.0,30.0,1.0,,,,
407,False,2019-09-28T10:21:00Z,132385,2E7D7E3C-D4FF-4AE9-A64D-0704B8089727,1,74.0,1.0,,"[{'ID': 185335, 'ConnectionTypeID': 33, 'StatusTypeID': 50, 'LevelID': 3, 'PowerKW': 175, 'CurrentTypeID': 30, 'Quantity': 2}, {'ID': 185336, 'ConnectionTypeID': 33, 'StatusTypeID': 50, 'LevelID': 3, 'Amps': 125, 'Voltage': 400, 'PowerKW': 50, 'CurrentTypeID': 30, 'Quantity': 1}, {'ID': 185337, 'ConnectionTypeID': 2, 'StatusTypeID': 50, 'LevelID': 3, 'PowerKW': 50, 'CurrentTypeID': 30, 'Quantity': 1}, {'ID': 185338, 'ConnectionTypeID': 1036, 'StatusTypeID': 50, 'LevelID': 3, 'Amps': 63, 'Voltage': 400, 'PowerKW': 43, 'CurrentTypeID': 20, 'Quantity': 1}]",4.0,50,2019-09-28T10:21:00Z,1,2019-09-28T10:21:00Z,200,132731,Fastned Wellerzand,Wellerzand A6,Bant,,8313 PV,159,52.784365011052245,5.759275406583583,,http://fastned.nl/,0,,,,24/7,,,,185335.0,33.0,50.0,3.0,175.0,30.0,2.0,,,,
408,False,2019-09-28T10:20:00Z,132384,1DA4E0F3-D666-4E1F-AE4A-F59B27026F96,1,74.0,1.0,,"[{'ID': 185331, 'ConnectionTypeID': 33, 'StatusTypeID': 50, 'LevelID': 3, 'PowerKW': 175, 'CurrentTypeID': 30, 'Quantity': 2}, {'ID': 185332, 'ConnectionTypeID': 33, 'StatusTypeID': 50, 'LevelID': 3, 'Amps': 125, 'Voltage': 400, 'PowerKW': 50, 'CurrentTypeID': 30, 'Quantity': 1}, {'ID': 185333, 'ConnectionTypeID': 2, 'StatusTypeID': 50, 'LevelID': 3, 'PowerKW': 50, 'CurrentTypeID': 30, 'Quantity': 1}, {'ID': 185334, 'ConnectionTypeID': 1036, 'StatusTypeID': 50, 'LevelID': 3, 'Amps': 63, 'Voltage': 400, 'PowerKW': 43, 'CurrentTypeID': 20, 'Quantity': 1}]",4.0,50,2019-09-28T10:20:00Z,1,2019-09-28T10:20:00Z,200,132730,Fastned Lemsterhop,Lemsterhop A6,Rutten,,8313RE,159,52.818464629420276,5.7423368906721635,,http://fastned.nl/,0,,,,,,,,185331.0,33.0,50.0,3.0,175.0,30.0,2.0,,,,
409,False,2019-09-28T10:19:00Z,132383,8B716683-32A6-4B44-BE4B-8B847A20A365,1,74.0,1.0,,"[{'ID': 185327, 'ConnectionTypeID': 33, 'StatusTypeID': 50, 'LevelID': 3, 'PowerKW': 175, 'CurrentTypeID': 30, 'Quantity': 2}, {'ID': 185328, 'ConnectionTypeID': 33, 'StatusTypeID': 50, 'LevelID': 3, 'Amps': 125, 'Voltage': 400, 'PowerKW': 50, 'CurrentTypeID': 30, 'Quantity': 1}, {'ID': 185329, 'ConnectionTypeID': 2, 'StatusTypeID': 50, 'LevelID': 3, 'PowerKW': 50, 'CurrentTypeID': 30, 'Quantity': 1}, {'ID': 185330, 'ConnectionTypeID': 1036, 'StatusTypeID': 50, 'LevelID': 3, 'Amps': 63, 'Voltage': 400, 'PowerKW': 43, 'CurrentTypeID': 20, 'Quantity': 1}]",4.0,50,2019-09-28T10:19:00Z,1,2019-09-28T10:19:00Z,200,132729,GelreDome,Batavierenweg 29,Arnhem,,6841HN,159,51.96467,5.892364,,http://fastned.nl/,0,,,,24/7,,,,185327.0,33.0,50.0,3.0,175.0,30.0,2.0,,,,
410,False,2019-09-28T14:22:00Z,132382,967E4CA3-5784-4C23-B9BD-4CE93C2E4894,1,74.0,1.0,,"[{'ID': 185323, 'ConnectionTypeID': 33, 'StatusTypeID': 50, 'LevelID': 3, 'PowerKW': 175, 'CurrentTypeID': 30, 'Quantity': 2}, {'ID': 185324, 'ConnectionTypeID': 33, 'StatusTypeID': 50, 'LevelID': 3, 'Amps': 125, 'Voltage': 400, 'PowerKW': 50, 'CurrentTypeID': 30, 'Quantity': 1}, {'ID': 185325, 'ConnectionTypeID': 2, 'StatusTypeID': 50, 'LevelID': 3, 'PowerKW': 50, 'CurrentTypeID': 30, 'Quantity': 1}, {'ID': 185326, 'ConnectionTypeID': 1036, 'StatusTypeID': 50, 'LevelID': 3, 'Amps': 63, 'Voltage': 400, 'PowerKW': 43, 'CurrentTypeID': 20, 'Quantity': 1}]",4.0,50,2019-09-28T14:22:00Z,1,2019-09-28T10:11:00Z,200,132728,Fastned Mastpolder,Mastpolder A58,Rucphen,,4715 TA,159,51.5476316753116,4.53054657308508,,http://fastned.nl/,0,,,,,,,,185323.0,33.0,50.0,3.0,175.0,30.0,2.0,,,,
411,False,2019-09-28T10:09:00Z,132381,D7962D01-FB55-4E95-9214-8F6FDFD18CF1,1,74.0,1.0,,"[{'ID': 185319, 'ConnectionTypeID': 33, 'StatusTypeID': 50, 'LevelID': 3, 'PowerKW': 175, 'CurrentTypeID': 30, 'Quantity': 2}, {'ID': 185320, 'ConnectionTypeID': 33, 'StatusTypeID': 50, 'LevelID': 3, 'Amps': 125, 'Voltage': 400, 'PowerKW': 50, 'CurrentTypeID': 30, 'Quantity': 1}, {'ID': 185321, 'ConnectionTypeID': 2, 'StatusTypeID': 50, 'LevelID': 3, 'PowerKW': 50, 'CurrentTypeID': 30, 'Quantity': 1}, {'ID': 185322, 'ConnectionTypeID': 1036, 'StatusTypeID': 50, 'LevelID': 3, 'Amps': 63, 'Voltage': 400, 'PowerKW': 43, 'CurrentTypeID': 20, 'Quantity': 1}]",4.0,50,2019-09-28T10:09:00Z,1,2019-09-28T10:09:00Z,200,132727,Fastned Hoezaar,Hoezaar A58,Rucphen,,4735 TX,159,51.54878251803402,4.529013372128929,,http://fastned.nl/,0,,,,24/7,,,,185319.0,33.0,50.0,3.0,175.0,30.0,2.0,,,,
412,False,2019-09-28T14:22:00Z,132380,F3C04C2E-4C0F-42ED-9BFE-27E24F1FB34F,1,74.0,1.0,,"[{'ID': 185315, 'ConnectionTypeID': 33, 'StatusTypeID': 50, 'LevelID': 3, 'PowerKW': 175, 'CurrentTypeID': 30, 'Quantity': 2}, {'ID': 185316, 'ConnectionTypeID': 33, 'StatusTypeID': 50, 'LevelID': 3, 'Amps': 125, 'Voltage': 400, 'PowerKW': 50, 'CurrentTypeID': 30, 'Quantity': 1}, {'ID': 185317, 'ConnectionTypeID': 2, 'StatusTypeID': 50, 'LevelID': 3, 'PowerKW': 50, 'CurrentTypeID': 30, 'Quantity': 1}, {'ID': 185318, 'ConnectionTypeID': 1036, 'StatusTypeID': 50, 'LevelID': 3, 'Amps': 63, 'Voltage': 400, 'PowerKW': 43, 'CurrentTypeID': 20, 'Quantity': 1}]",4.0,50,2019-09-28T14:22:00Z,1,2019-09-28T10:05:00Z,200,132726,Fastned Prinses Máximaplein,Prinses Máximaplein,Den Haag,,2496 XH,159,52.0552053241585,4.39111172879348,,http://fastned.nl/,0,,,,,,,,185315.0,33.0,50.0,3.0,175.0,30.0,2.0,,,,
413,False,2019-09-28T10:04:00Z,132379,B18FE267-60E1-41B1-8DA8-582D2EFA09E1,1,74.0,1.0,,"[{'ID': 185311, 'ConnectionTypeID': 33, 'StatusTypeID': 50, 'LevelID': 3, 'PowerKW': 175, 'CurrentTypeID': 30, 'Quantity': 2}, {'ID': 185312, 'ConnectionTypeID': 33, 'StatusTypeID': 50, 'LevelID': 3, 'Amps': 125, 'Voltage': 400, 'PowerKW': 50, 'CurrentTypeID': 30, 'Quantity': 1}, {'ID': 185313, 'ConnectionTypeID': 2, 'StatusTypeID': 50, 'LevelID': 3, 'PowerKW': 50, 'CurrentTypeID': 30, 'Quantity': 1}, {'ID': 185314, 'ConnectionTypeID': 1036, 'StatusTypeID': 50, 'LevelID': 3, 'Amps': 63, 'Voltage': 400, 'PowerKW': 43, 'CurrentTypeID': 20, 'Quantity': 1}]",4.0,50,2019-09-28T10:04:00Z,1,2019-09-28T10:04:00Z,200,132725,Fastned Sandelingen-Oost,Sandelingen-Oost A16,Hendrik-Ido-Ambacht,,3342 LE,159,51.83475015088521,4.620992950949812,,http://fastned.nl/,0,,,,24/7,,,,185311.0,33.0,50.0,3.0,175.0,30.0,2.0,,,,
414,False,2019-09-28T10:01:00Z,132378,17F2627F-A569-48F5-9B67-76C4551AD55A,1,74.0,1.0,,"[{'ID': 185307, 'ConnectionTypeID': 33, 'StatusTypeID': 50, 'LevelID': 3, 'PowerKW': 175, 'CurrentTypeID': 30, 'Quantity': 2}, {'ID': 185308, 'ConnectionTypeID': 33, 'StatusTypeID': 50, 'LevelID': 3, 'Amps': 125, 'Voltage': 400, 'PowerKW': 50, 'CurrentTypeID': 30, 'Quantity': 1}, {'ID': 185309, 'ConnectionTypeID': 2, 'StatusTypeID': 50, 'LevelID': 3, 'PowerKW': 50, 'CurrentTypeID': 30, 'Quantity': 1}, {'ID': 185310, 'ConnectionTypeID': 1036, 'StatusTypeID': 50, 'LevelID': 3, 'Amps': 63, 'Voltage': 400, 'PowerKW': 43, 'CurrentTypeID': 20, 'Quantity': 1}]",4.0,50,2019-09-28T10:01:00Z,1,2019-09-28T10:01:00Z,200,132724,Fastned Vrijenban,Vrijenban A13,Delft,,2629 HA,159,51.983412,4.392855,,http://fastned.nl/,0,,,,24/7,,,,185307.0,33.0,50.0,3.0,175.0,30.0,2.0,,,,
415,False,2019-09-28T09:59:00Z,132377,ED17BB4D-E425-4128-A678-9E11C0BCB7ED,1,74.0,1.0,,"[{'ID': 185303, 'ConnectionTypeID': 33, 'StatusTypeID': 50, 'LevelID': 3, 'PowerKW': 175, 'CurrentTypeID': 30, 'Quantity': 2}, {'ID': 185304, 'ConnectionTypeID': 33, 'StatusTypeID': 50, 'LevelID': 3, 'Amps': 125, 'Voltage': 400, 'PowerKW': 50, 'CurrentTypeID': 30, 'Quantity': 1}, {'ID': 185305, 'ConnectionTypeID': 2, 'StatusTypeID': 50, 'LevelID': 3, 'PowerKW': 50, 'CurrentTypeID': 30, 'Quantity': 1}, {'ID': 185306, 'ConnectionTypeID': 1036, 'StatusTypeID': 50, 'LevelID': 3, 'Amps': 63, 'Voltage': 400, 'PowerKW': 43, 'CurrentTypeID': 20, 'Quantity': 1}]",4.0,50,2019-09-28T09:59:00Z,1,2019-09-28T09:59:00Z,200,132723,Fastned Hazeldonk-Oost,Hazeldonk-Oost A16,Breda,,4836 LB,159,51.497864494311045,4.743250363658831,,http://fastned.nl/,0,,,,,,,,185303.0,33.0,50.0,3.0,175.0,30.0,2.0,,,,
416,False,2019-09-28T09:58:00Z,132376,C38D5B07-F843-47D7-9011-F3F424684BC0,1,74.0,1.0,,"[{'ID': 185299, 'ConnectionTypeID': 33, 'StatusTypeID': 50, 'LevelID': 3, 'PowerKW': 175, 'CurrentTypeID': 30, 'Quantity': 2}, {'ID': 185300, 'ConnectionTypeID': 33, 'StatusTypeID': 50, 'LevelID': 3, 'Amps': 125, 'Voltage': 400, 'PowerKW': 50, 'CurrentTypeID': 30, 'Quantity': 1}, {'ID': 185301, 'ConnectionTypeID': 2, 'StatusTypeID': 50, 'LevelID': 3, 'PowerKW': 50, 'CurrentTypeID': 30, 'Quantity': 1}, {'ID': 185302, 'ConnectionTypeID': 1036, 'StatusTypeID': 50, 'LevelID': 3, 'Amps': 63, 'Voltage': 400, 'PowerKW': 43, 'CurrentTypeID': 20, 'Quantity': 1}]",4.0,50,2019-09-28T09:58:00Z,1,2019-09-28T09:58:00Z,200,132722,Fastned Hazeldonk-West,Hazeldonk-West A16,Breda,,4836 LZ,159,51.50006170367081,4.7410144819448305,,http://fastned.nl/,0,,,,,,,,185299.0,33.0,50.0,3.0,175.0,30.0,2.0,,,,
417,False,2019-09-28T09:56:00Z,132375,A04E5611-3DA7-4E7B-938D-1D31B791964E,1,74.0,1.0,,"[{'ID': 185295, 'ConnectionTypeID': 33, 'StatusTypeID': 50, 'LevelID': 3, 'PowerKW': 175, 'CurrentTypeID': 30, 'Quantity': 2}, {'ID': 185296, 'ConnectionTypeID': 33, 'StatusTypeID': 50, 'LevelID': 3, 'Amps': 125, 'Voltage': 400, 'PowerKW': 50, 'CurrentTypeID': 30, 'Quantity': 1}, {'ID': 185297, 'ConnectionTypeID': 2, 'StatusTypeID': 50, 'LevelID': 3, 'PowerKW': 50, 'CurrentTypeID': 30, 'Quantity': 1}, {'ID': 185298, 'ConnectionTypeID': 1036, 'StatusTypeID': 50, 'LevelID': 3, 'Amps': 63, 'Voltage': 400, 'PowerKW': 43, 'CurrentTypeID': 20, 'Quantity': 1}]",4.0,50,2019-09-28T09:56:00Z,1,2019-09-28T09:56:00Z,200,132721,Fastned Molenkamp,Molenkamp A15,Gellicum,,4156 JJ,159,51.847476442050805,5.190784931576445,,http://fastned.nl/,0,,,,,,,,185295.0,33.0,50.0,3.0,175.0,30.0,2.0,,,,
418,False,2019-09-28T09:54:00Z,132374,F65BBFA7-52B8-4204-B932-F563F3CBC27D,1,74.0,1.0,,"[{'ID': 185291, 'ConnectionTypeID': 33, 'StatusTypeID': 50, 'LevelID': 3, 'PowerKW': 175, 'CurrentTypeID': 30, 'Quantity': 2}, {'ID': 185292, 'ConnectionTypeID': 33, 'StatusTypeID': 50, 'LevelID': 3, 'Amps': 125, 'Voltage': 400, 'PowerKW': 50, 'CurrentTypeID': 30, 'Quantity': 1}, {'ID': 185293, 'ConnectionTypeID': 2, 'StatusTypeID': 50, 'LevelID': 3, 'PowerKW': 50, 'CurrentTypeID': 30, 'Quantity': 1}, {'ID': 185294, 'ConnectionTypeID': 1036, 'StatusTypeID': 50, 'LevelID': 3, 'Amps': 63, 'Voltage': 400, 'PowerKW': 43, 'CurrentTypeID': 20, 'Quantity': 1}]",4.0,50,2019-09-28T09:54:00Z,1,2019-09-28T09:54:00Z,200,132720,Fastned Eigenblok,Eigenblok A15,Gellicum,,4156 JZ,159,51.849068597836464,5.191414900292784,,http://fastned.nl/,0,,,,24/7,,,,185291.0,33.0,50.0,3.0,175.0,30.0,2.0,,,,
419,False,2019-09-28T09:36:00Z,132373,AD36581B-1FD9-40D6-A1EC-224DBA75FF2C,1,74.0,5.0,,"[{'ID': 185288, 'ConnectionTypeID': 33, 'StatusTypeID': 50, 'LevelID': 3, 'Amps': 125, 'Voltage': 400, 'PowerKW': 50, 'CurrentTypeID': 30, 'Quantity': 2}, {'ID': 185289, 'ConnectionTypeID': 2, 'StatusTypeID': 50, 'LevelID': 3, 'PowerKW': 50, 'CurrentTypeID': 30, 'Quantity': 2}, {'ID': 185290, 'ConnectionTypeID': 25, 'StatusTypeID': 50, 'LevelID': 3, 'Amps': 63, 'Voltage': 400, 'PowerKW': 43, 'CurrentTypeID': 20, 'Quantity': 2}]",4.0,50,2019-09-28T09:36:00Z,1,2019-09-28T09:36:00Z,200,132719,Fastned Overbroek,Overbroek A15,Opheusden,,4051CZ,159,51.92159655110726,5.603319459536806,,,0,,,,24/7,,,,185288.0,33.0,50.0,3.0,50.0,30.0,2.0,,125.0,400.0,
420,False,2019-09-28T09:34:00Z,132372,945D0439-190B-47E8-B7F2-FA62F1F98303,1,74.0,5.0,,"[{'ID': 185285, 'ConnectionTypeID': 33, 'StatusTypeID': 50, 'LevelID': 3, 'Amps': 125, 'Voltage': 400, 'PowerKW': 50, 'CurrentTypeID': 30, 'Quantity': 2}, {'ID': 185286, 'ConnectionTypeID': 2, 'StatusTypeID': 50, 'LevelID': 3, 'PowerKW': 50, 'CurrentTypeID': 30, 'Quantity': 2}, {'ID': 185287, 'ConnectionTypeID': 25, 'StatusTypeID': 50, 'LevelID': 3, 'Amps': 63, 'Voltage': 400, 'PowerKW': 43, 'CurrentTypeID': 20, 'Quantity': 2}]",4.0,50,2019-09-28T09:34:00Z,1,2019-09-28T09:34:00Z,200,132718,Fastned Streepland,Streepland A16,Zevenbergschen Hoek,,4765TK,159,51.69068858287895,4.657570000495866,,,0,,,,24/7,,,,185285.0,33.0,50.0,3.0,50.0,30.0,2.0,,125.0,400.0,
421,False,2019-12-08T16:58:00Z,132371,B731E4D8-3F94-403A-A107-02C65A5222A0,1,74.0,5.0,,"[{'ID': 185282, 'ConnectionTypeID': 33, 'StatusTypeID': 50, 'LevelID': 3, 'Amps': 125, 'Voltage': 400, 'PowerKW': 50, 'CurrentTypeID': 30, 'Quantity': 2}, {'ID': 185283, 'ConnectionTypeID': 2, 'StatusTypeID': 50, 'LevelID': 3, 'PowerKW': 50, 'CurrentTypeID': 30, 'Quantity': 2}, {'ID': 185284, 'ConnectionTypeID': 25, 'StatusTypeID': 50, 'LevelID': 3, 'Amps': 63, 'Voltage': 400, 'PowerKW': 43, 'CurrentTypeID': 20, 'Quantity': 2}]",4.0,50,2019-12-08T16:58:00Z,1,2019-09-28T09:32:00Z,200,132717,Fastned Tussenhoek,Tussenhoek N57,Vierpolders,,3237 LS,159,51.870171183539355,4.182257291199221,,,0,,,,,,,,185282.0,33.0,50.0,3.0,50.0,30.0,2.0,,125.0,400.0,
422,False,2019-09-28T09:31:00Z,132370,66375120-862A-46A1-BA36-B2BD8C024A77,1,74.0,5.0,,"[{'ID': 185279, 'ConnectionTypeID': 33, 'StatusTypeID': 50, 'LevelID': 3, 'Amps': 125, 'Voltage': 400, 'PowerKW': 50, 'CurrentTypeID': 30, 'Quantity': 2}, {'ID': 185280, 'ConnectionTypeID': 2, 'StatusTypeID': 50, 'LevelID': 3, 'PowerKW': 50, 'CurrentTypeID': 30, 'Quantity': 2}, {'ID': 185281, 'ConnectionTypeID': 25, 'StatusTypeID': 50, 'LevelID': 3, 'Amps': 63, 'Voltage': 400, 'PowerKW': 43, 'CurrentTypeID': 20, 'Quantity': 2}]",4.0,50,2019-09-28T09:31:00Z,1,2019-09-28T09:31:00Z,200,132716,Fastned Coosenhoek,Coosenhoek N57,Vierpolders,,3237 NA,159,51.870605301019566,4.180432122666616,,,0,,,,24/7,,,,185279.0,33.0,50.0,3.0,50.0,30.0,2.0,,125.0,400.0,
423,False,2019-09-28T08:44:00Z,132369,3D92C80C-84EC-469C-8087-DF3318109845,1,74.0,5.0,,"[{'ID': 185276, 'ConnectionTypeID': 33, 'StatusTypeID': 50, 'LevelID': 3, 'Amps': 125, 'Voltage': 400, 'PowerKW': 50, 'CurrentTypeID': 30, 'Quantity': 2}, {'ID': 185277, 'ConnectionTypeID': 2, 'StatusTypeID': 50, 'LevelID': 3, 'PowerKW': 50, 'CurrentTypeID': 30, 'Quantity': 2}, {'ID': 185278, 'ConnectionTypeID': 25, 'StatusTypeID': 50, 'LevelID': 3, 'Amps': 63, 'Voltage': 400, 'PowerKW': 43, 'CurrentTypeID': 20, 'Quantity': 2}]",4.0,50,2019-09-28T08:44:00Z,1,2019-09-28T08:44:00Z,200,132715,Fastned Meedenertol,Meedenertol A7,Scheemda,,9679TN,159,53.18090611485101,6.933631737604628,,,0,,,,,,,,185276.0,33.0,50.0,3.0,50.0,30.0,2.0,,125.0,400.0,
424,False,2019-09-28T08:42:00Z,132368,D28694F8-036B-428F-880E-1F3D16A589BF,1,74.0,5.0,,"[{'ID': 185273, 'ConnectionTypeID': 33, 'StatusTypeID': 50, 'LevelID': 3, 'Amps': 125, 'Voltage': 400, 'PowerKW': 50, 'CurrentTypeID': 30, 'Quantity': 2}, {'ID': 185274, 'ConnectionTypeID': 2, 'StatusTypeID': 50, 'LevelID': 3, 'PowerKW': 50, 'CurrentTypeID': 30, 'Quantity': 2}, {'ID': 185275, 'ConnectionTypeID': 25, 'StatusTypeID': 50, 'LevelID': 3, 'Amps': 63, 'Voltage': 400, 'PowerKW': 43, 'CurrentTypeID': 20, 'Quantity': 2}]",4.0,50,2019-09-28T08:42:00Z,1,2019-09-28T08:42:00Z,200,132714,Fastned Roode Til,Roode Til A7,Scheemda,,9679TN,159,53.182019030339205,6.931017642004235,,,0,,,,24/7,,,,185273.0,33.0,50.0,3.0,50.0,30.0,2.0,,125.0,400.0,
425,False,2019-09-28T08:41:00Z,132367,66B13037-3402-4BEF-9E6A-090612E05944,1,74.0,5.0,,"[{'ID': 185270, 'ConnectionTypeID': 33, 'StatusTypeID': 50, 'LevelID': 3, 'Amps': 125, 'Voltage': 400, 'PowerKW': 50, 'CurrentTypeID': 30, 'Quantity': 2}, {'ID': 185271, 'ConnectionTypeID': 2, 'StatusTypeID': 50, 'LevelID': 3, 'PowerKW': 50, 'CurrentTypeID': 30, 'Quantity': 2}, {'ID': 185272, 'ConnectionTypeID': 25, 'StatusTypeID': 50, 'LevelID': 3, 'Amps': 63, 'Voltage': 400, 'PowerKW': 43, 'CurrentTypeID': 20, 'Quantity': 2}]",4.0,50,2019-09-28T08:41:00Z,1,2019-09-28T08:41:00Z,200,132713,Fastned De Walden,De Walden A7,Terwispel,,8407EB,159,53.02930206042643,6.020059502517029,,,0,,,,24/7,,,,185270.0,33.0,50.0,3.0,50.0,30.0,2.0,,125.0,400.0,
426,False,2019-09-28T08:39:00Z,132366,294F6291-9330-44F7-9262-09FA165682D8,1,74.0,5.0,,"[{'ID': 185267, 'ConnectionTypeID': 33, 'StatusTypeID': 50, 'LevelID': 3, 'Amps': 125, 'Voltage': 400, 'PowerKW': 50, 'CurrentTypeID': 30, 'Quantity': 2}, {'ID': 185268, 'ConnectionTypeID': 2, 'StatusTypeID': 50, 'LevelID': 3, 'PowerKW': 50, 'CurrentTypeID': 30, 'Quantity': 2}, {'ID': 185269, 'ConnectionTypeID': 25, 'StatusTypeID': 50, 'LevelID': 3, 'Amps': 63, 'Voltage': 400, 'PowerKW': 43, 'CurrentTypeID': 20, 'Quantity': 2}]",4.0,50,2019-09-28T08:39:00Z,1,2019-09-28T08:39:00Z,200,132712,Fastned Beatrixkwartier,J.P. Coenstraat 2,Den Haag,,2595WP,159,52.07904494794499,4.333990347882718,,,0,,,,24/7,,,,185267.0,33.0,50.0,3.0,50.0,30.0,2.0,,125.0,400.0,
427,False,2019-09-28T08:28:00Z,132365,EB707FF0-E426-4323-80C9-EF599AF3B36C,1,74.0,5.0,,"[{'ID': 185264, 'ConnectionTypeID': 33, 'StatusTypeID': 50, 'LevelID': 3, 'Amps': 125, 'Voltage': 400, 'PowerKW': 50, 'CurrentTypeID': 30, 'Quantity': 2}, {'ID': 185265, 'ConnectionTypeID': 2, 'StatusTypeID': 50, 'LevelID': 3, 'PowerKW': 50, 'CurrentTypeID': 30, 'Quantity': 2}, {'ID': 185266, 'ConnectionTypeID': 25, 'StatusTypeID': 50, 'LevelID': 3, 'Amps': 63, 'Voltage': 400, 'PowerKW': 43, 'CurrentTypeID': 20, 'Quantity': 2}]",4.0,50,2019-09-28T08:28:00Z,1,2019-09-28T08:28:00Z,200,132711,Fastned Middelsloot,Middelsloot A7,Middenbeemster,,1461MZ,159,52.545986435998685,4.957308495860389,,,0,,,,24/7,,,,185264.0,33.0,50.0,3.0,50.0,30.0,2.0,,125.0,400.0,
428,False,2019-09-16T05:35:00Z,131963,7993AA04-5AA5-4EBE-B807-6F27D5A659B6,1,23.0,4.0,,"[{'ID': 184639, 'ConnectionTypeID': 30, 'StatusTypeID': 50, 'LevelID': 2, 'PowerKW': 11, 'CurrentTypeID': 20, 'Quantity': 1}]",1.0,50,2019-09-16T05:35:00Z,1,2019-09-16T05:35:00Z,200,132309,Hotel Old Dutch Bergen Op Zoom,Stationsstraat 31,Bergen op Zoom,,4611CB,159,51.4950874,4.2952009,+31 164 271888 ,,0,,,,,"1 Tesla Connector, up to 11kW.Available for customers. Please see front desk.",51819,,184639.0,30.0,50.0,2.0,11.0,20.0,1.0,,,,
429,False,2019-09-02T05:32:00Z,131289,AB0FA537-90DF-4F2F-A26C-4349735EB5C5,1,23.0,4.0,,"[{'ID': 183824, 'ConnectionTypeID': 30, 'StatusTypeID': 50, 'LevelID': 2, 'PowerKW': 22, 'CurrentTypeID': 20, 'Quantity': 1}]",1.0,50,2019-09-02T05:32:00Z,1,2019-09-02T05:32:00Z,200,131635,Herberg de Klomp,Vilsterseweg 10,Vilsteren,,7734PD,159,52.5110807,6.3540541, +31 52 94 59 000,,0,,,,,"1 Tesla Connector, up to 22kW.Available for customers. Please see front desk.",43238,,183824.0,30.0,50.0,2.0,22.0,20.0,1.0,,,,
430,False,2019-08-28T19:55:00Z,131004,9FB40AA8-AA83-47EE-ACD7-C5150699D58E,1,23.0,4.0,,"[{'ID': 183499, 'ConnectionTypeID': 30, 'StatusTypeID': 50, 'LevelID': 2, 'PowerKW': 22, 'CurrentTypeID': 20, 'Quantity': 1}]",1.0,50,2019-08-28T19:55:00Z,1,2019-08-28T19:55:00Z,200,131350,Qurios Zandvoort,Boulevard Barnaart 30,Zandvoort,,2041 JA,159,52.386701,4.535351,+31 20 800 6040,,0,,,,,"1 Tesla Connector, up to 22kW.Available for customers. Please see front desk.",51481,,183499.0,30.0,50.0,2.0,22.0,20.0,1.0,,,,
431,False,2019-08-28T19:50:00Z,130974,F8EA01A8-62D0-4057-90CA-653239B0CA17,1,23.0,4.0,,"[{'ID': 183469, 'ConnectionTypeID': 30, 'StatusTypeID': 50, 'LevelID': 2, 'PowerKW': 6, 'CurrentTypeID': 20, 'Quantity': 1}]",1.0,50,2019-08-28T19:50:00Z,1,2019-08-28T19:50:00Z,200,131320,Comfortcamping Scheldeoord,Landingsweg 1,Baarland,,4435NR,159,51.396404,3.89869,+31 113 639 900,,0,,,,,"1 Tesla Connector, up to 6kW.Available for customers. Self park.",51488,,183469.0,30.0,50.0,2.0,6.0,20.0,1.0,,,,
432,False,2019-08-28T20:21:00Z,130958,A569AC18-7FE6-4445-8CF1-E8D5271A126B,1,98.0,1.0,,"[{'ID': 183450, 'ConnectionTypeID': 18, 'StatusTypeID': 150, 'CurrentTypeID': 20}]",4.0,150,2019-08-28T20:21:00Z,1,2019-08-27T21:24:00Z,200,131304,Reginahof,Reginahof,Goeree-Overflakkee,Holandia Północna,3247CR,159,51.7488403179767,4.1007135315233,,,0,Dirksland,,,,,,,183450.0,18.0,150.0,,,20.0,,,,,
433,False,2019-08-24T11:50:00Z,130825,B11F161C-BCAB-405C-A891-25DE986F95F3,1,73.0,1.0,,"[{'ID': 183159, 'ConnectionTypeID': 1036, 'StatusTypeID': 50, 'LevelID': 2, 'Amps': 16, 'Voltage': 400, 'PowerKW': 11, 'CurrentTypeID': 20, 'Quantity': 2}]",2.0,50,2019-08-24T11:50:00Z,1,2019-08-18T07:34:00Z,200,131171,EVB-P1607208,de Gildekamp 6004,Nijmegen,Gelderland,6545LX,159,51.8312595701483,5.80206636530647,+(31)-(88)-7755444,,0,,,info@evbox.nl,,,,,183159.0,1036.0,50.0,2.0,11.0,20.0,2.0,,16.0,400.0,
434,False,2019-08-24T10:48:00Z,130824,934E68AB-D16E-46A6-9B63-A9912ED60626,1,3343.0,1.0,,"[{'ID': 183358, 'ConnectionTypeID': 2, 'StatusTypeID': 50, 'LevelID': 3, 'PowerKW': 50, 'CurrentTypeID': 30, 'Quantity': 1}, {'ID': 183359, 'ConnectionTypeID': 33, 'StatusTypeID': 50, 'LevelID': 3, 'PowerKW': 50, 'CurrentTypeID': 30, 'Quantity': 1}, {'ID': 183360, 'ConnectionTypeID': 1036, 'StatusTypeID': 50, 'LevelID': 3, 'Amps': 63, 'Voltage': 400, 'PowerKW': 43, 'CurrentTypeID': 20, 'Quantity': 1}]",1.0,50,2019-08-24T10:48:00Z,1,2019-08-18T06:50:00Z,200,131170,McDonald's Nijmegen Noviu.,Wijchenseweg 202,Nijmegen,Gelderland,6538 SX,159,51.82525258085269,5.803722694323596,,,0,Nijmegen,,,,,,,183358.0,2.0,50.0,3.0,50.0,30.0,1.0,,,,
435,False,2019-08-24T11:46:00Z,130757,7420871A-F5FA-4501-A0F5-07FD37236365,1,1.0,1.0,,"[{'ID': 183060, 'ConnectionTypeID': 1036, 'StatusTypeID': 50, 'LevelID': 2, 'Amps': 16, 'Voltage': 400, 'PowerKW': 11, 'CurrentTypeID': 20, 'Quantity': 1}]",1.0,50,2019-08-24T11:46:00Z,1,2019-08-13T12:48:00Z,200,131103,Het Diep,Het Diep,,Flevoland,8254KS,159,52.5243266699086,5.71568012375474,,,0,Dronten,,,,,,,183060.0,1036.0,50.0,2.0,11.0,20.0,1.0,,16.0,400.0,
436,False,2019-08-12T17:05:00Z,130748,A1EEC396-CB20-436B-B059-C53DB582BFB7,1,1.0,1.0,,"[{'ID': 183044, 'ConnectionTypeID': 25, 'StatusTypeID': 50, 'LevelID': 2, 'Amps': 16, 'Voltage': 230, 'PowerKW': 11, 'CurrentTypeID': 20, 'Quantity': 2}]",2.0,50,2019-08-12T17:05:00Z,1,2019-08-12T12:08:00Z,200,131094,Nyeveltstraat 1,Nyeveltstraat 1,Utrecht,Utrecht,3454EW,159,52.0814474144259,5.03528223213107,,,0,De Meern,,,Public,,,,183044.0,25.0,50.0,2.0,11.0,20.0,2.0,,16.0,230.0,
437,False,2019-08-11T15:15:00Z,130095,19AA530E-A8DE-4E8F-8A49-657F71B09DD5,1,1.0,1.0,,"[{'ID': 182100, 'ConnectionTypeID': 1036, 'StatusTypeID': 0, 'LevelID': 2, 'CurrentTypeID': 20, 'Quantity': 2}]",2.0,50,2019-08-11T15:15:00Z,1,2019-07-31T13:41:00Z,200,130441,Beach car park,Walendijk 9,Groede,,,159,51.4003321647688,3.4964692403269737,,,0,,,,Near beach access in car park. Saw car charging,,,,182100.0,1036.0,0.0,2.0,,20.0,2.0,,,,
438,False,2019-07-22T13:57:00Z,129629,F3F73544-A4E7-4118-9595-B5DE8D8DAEF9,1,179.0,4.0,0.30,"[{'ID': 181402, 'ConnectionTypeID': 25}, {'ID': 181438, 'ConnectionTypeID': 25}]",2.0,50,2019-07-22T13:57:00Z,1,2019-07-21T20:43:00Z,200,129975,Vletkade parkeerplaats,Vletkade 20,Zoetermeer,Zuid-Holland,2725 AX,159,52.0767138401761,4.49590898462804,,,0,,,,,,,,181402.0,25.0,,,,,,,,,
439,False,2021-05-07T07:29:00Z,129191,A90F6A5F-7E3D-46F3-BF9E-53E80F6BD35A,1,23.0,6.0,,"[{'ID': 180839, 'ConnectionTypeID': 30, 'StatusTypeID': 50, 'LevelID': 2, 'PowerKW': 22, 'CurrentTypeID': 20, 'Quantity': 2}, {'ID': 271863, 'ConnectionTypeID': 25, 'StatusTypeID': 50, 'LevelID': 2, 'PowerKW': 11, 'CurrentTypeID': 20, 'Quantity': 4}]",1.0,50,2021-05-07T07:29:00Z,1,2019-07-15T16:15:00Z,200,129537,Qurios Ameland,Oranjeweg 42B,Hollum,,9161 CC,159,53.448264,5.630548,+31 20 800 6040,,0,,,,,"1 Tesla Connector, up to 22kW.Available to the public. Please see front desk.",51117,,180839.0,30.0,50.0,2.0,22.0,20.0,2.0,,,,
440,False,2019-07-15T14:18:00Z,129101,FA51A190-A99D-4276-883D-E08748977409,1,179.0,1.0,,"[{'ID': 180728, 'ConnectionTypeID': 25, 'StatusTypeID': 50, 'LevelID': 2, 'Amps': 16, 'Voltage': 400, 'PowerKW': 11, 'CurrentTypeID': 20, 'Quantity': 1}]",4.0,50,2019-07-15T14:18:00Z,1,2019-07-14T14:59:00Z,200,129447,Tolberterstraat,Tolberterstraat,Westerkwartier,Groningen,9351BJ,159,53.166317526302,6.38593530149933,,,0,Leek,,,"At Municipal Office, free to public",,,,180728.0,25.0,50.0,2.0,11.0,20.0,1.0,,16.0,400.0,
441,False,2019-07-08T11:08:00Z,128883,1D99C17B-1CA0-409A-BC8A-248582EFD6A1,1,73.0,6.0,"0,34€/kWh","[{'ID': 180395, 'ConnectionTypeID': 25, 'StatusTypeID': 50, 'LevelID': 2, 'PowerKW': 11, 'CurrentTypeID': 10, 'Quantity': 4}]",4.0,50,2019-07-08T11:08:00Z,1,2019-07-03T12:41:00Z,200,129229,Landmetersweg,Landmetersweg,Veere,Seeland,4356RE,159,51.5556883118205,3.55077481928902,,,0,Oostkapelle,,,"For visitors of camping site
Accessible with New Motion card",,,,180395.0,25.0,50.0,2.0,11.0,10.0,4.0,,,,
442,False,2019-07-02T04:53:00Z,128820,949FC77E-439D-4A9F-B148-398B99612656,1,97.0,1.0,,"[{'ID': 180242, 'ConnectionTypeID': 25, 'StatusTypeID': 50, 'LevelID': 2, 'Amps': 32, 'Voltage': 230, 'PowerKW': 22, 'CurrentTypeID': 20, 'Quantity': 2}]",2.0,50,2019-07-02T04:53:00Z,1,2019-06-30T07:14:00Z,200,129166,Het Galjoen 33,Het Galjoen 33,Baarn,,3742 HB,159,52.2052588069986,5.30194795798479,,,0,,,,,,,,180242.0,25.0,50.0,2.0,22.0,20.0,2.0,,32.0,230.0,
443,False,2019-06-29T05:54:00Z,128815,08ED9AC3-594D-4B52-B87D-B42C7C272F0F,1,1.0,1.0,,"[{'ID': 180233, 'ConnectionTypeID': 25, 'StatusTypeID': 50, 'LevelID': 2, 'CurrentTypeID': 20, 'Quantity': 2}]",2.0,50,2019-06-29T05:54:00Z,1,2019-06-28T22:13:00Z,200,129161,Merkelbachlaan,Merkelbachlaan,IJsselstein,Utrecht,3404EX,159,52.0115731486211,5.03730420790919,,,0,,,,,,,,180233.0,25.0,50.0,2.0,,20.0,2.0,,,,
444,False,2019-06-29T05:59:00Z,128793,C310F04F-EED8-4DAC-AA2F-E7A245451E5E,1,177.0,5.0,Volume (/kWh)	€ 0.34,"[{'ID': 180189, 'ConnectionTypeID': 0, 'StatusTypeID': 50, 'LevelID': 2, 'PowerKW': 11, 'Quantity': 2}]",1.0,50,2019-06-29T05:59:00Z,1,2019-06-28T07:18:00Z,200,129139,Morelstraat,Morelstraat 37,Utrecht,Utrecht,3552GL,159,52.1082026963618,5.10280388270178,,,0,,,,,Serial number: 0026f49e-8aea-11e8-8d7c-42010a840002,,,180189.0,0.0,50.0,2.0,11.0,,2.0,,,,
445,False,2019-09-30T15:26:00Z,127709,1FA0A4DB-D15A-47AA-A3CC-BF329816DDEC,1,74.0,1.0,,"[{'ID': 178771, 'ConnectionTypeID': 33, 'StatusTypeID': 50, 'LevelID': 3, 'PowerKW': 175, 'CurrentTypeID': 30, 'Quantity': 2}, {'ID': 178772, 'ConnectionTypeID': 33, 'StatusTypeID': 50, 'LevelID': 3, 'PowerKW': 50, 'CurrentTypeID': 30}, {'ID': 178773, 'ConnectionTypeID': 2, 'StatusTypeID': 50, 'LevelID': 3, 'PowerKW': 50, 'CurrentTypeID': 30}, {'ID': 178780, 'ConnectionTypeID': 1036, 'StatusTypeID': 50, 'LevelID': 2, 'PowerKW': 38, 'CurrentTypeID': 20, 'Quantity': 1}]",1.0,50,2019-09-30T15:26:00Z,1,2019-06-09T05:01:00Z,200,128055,Fastned Hoge Kwel,"Hoge Kwel, Wieringerwerf",Hollands Kroon,Noord-Holland,1771MN,159,52.8573098519762,5.02145534255908,020-7055300,https://fastned.nl/locaties,0,Wieringerwerf,,support@fastned.nl,,,,,178771.0,33.0,50.0,3.0,175.0,30.0,2.0,,,,
446,False,2019-06-10T07:46:00Z,127708,D7089263-3F5E-4298-9DB1-04BD5B2A5FDE,1,74.0,1.0,,"[{'ID': 178769, 'ConnectionTypeID': 33, 'StatusTypeID': 50, 'LevelID': 3, 'PowerKW': 50, 'CurrentTypeID': 30, 'Quantity': 2}, {'ID': 178770, 'ConnectionTypeID': 2, 'StatusTypeID': 50, 'LevelID': 3, 'PowerKW': 50, 'CurrentTypeID': 30, 'Quantity': 2}]",3.0,50,2019-06-10T07:46:00Z,1,2019-06-09T04:43:00Z,200,128054,Sint Jacobslaan,Sint Jacobslaan,Nijmegen,Gelderland,6533 BP,159,51.820270055047,5.85208276981928,020-7055300,https://fastned.nl/locaties,0,Nijmegen,,support@fastned.nl,,,,,178769.0,33.0,50.0,3.0,50.0,30.0,2.0,,,,
447,False,2019-06-05T11:39:00Z,127556,2B35626A-3CBC-4CBB-9B7E-2F6454994741,1,23.0,4.0,,"[{'ID': 178561, 'ConnectionTypeID': 30, 'StatusTypeID': 50, 'LevelID': 2, 'PowerKW': 9, 'CurrentTypeID': 20, 'Quantity': 1}]",1.0,50,2019-06-05T11:39:00Z,1,2019-06-05T11:39:00Z,200,127902,Wapen Van Beckum,Beckumerkerkweg 20,Hengelo,,7554PV,159,52.21132,6.742062, +31743676116 ,,0,,,,,"1 Tesla Connector, up to 9kW.Available for customers. Please see front desk.",50464,,178561.0,30.0,50.0,2.0,9.0,20.0,1.0,,,,
448,False,2019-05-30T19:01:00Z,127218,7B9703D3-DB8E-45C8-947D-235FF9FAE7BF,1,177.0,1.0,0.3388,"[{'ID': 178137, 'ConnectionTypeID': 25, 'StatusTypeID': 50, 'LevelID': 2, 'PowerKW': 11, 'CurrentTypeID': 10, 'Quantity': 2}]",1.0,50,2019-05-30T19:01:00Z,1,2019-05-30T14:33:00Z,200,127564,Maria Austriastraat 722,Maria Austriastraat 722,Amsterdam,North Holland,1087KH,159,52.353330135339,5.00136550966624,,,0,Amsterdam,,,,,,,178137.0,25.0,50.0,2.0,11.0,10.0,2.0,,,,
449,False,2019-05-31T13:41:00Z,127216,BA423D89-8FF8-47C5-835D-5FFABD976433,1,177.0,1.0,0.3388,"[{'ID': 178135, 'ConnectionTypeID': 25, 'StatusTypeID': 50, 'LevelID': 2, 'PowerKW': 11, 'CurrentTypeID': 10, 'Quantity': 2}]",1.0,50,2019-05-31T13:41:00Z,1,2019-05-30T14:30:00Z,200,127562,Pieter Oosterhuisstraat 9,Pieter Oosterhuisstraat 9,Amsterdam,,1087 HT,159,52.352441194956,5.00557549269763,,,0,,,,,,,,178135.0,25.0,50.0,2.0,11.0,10.0,2.0,,,,
450,False,2019-05-30T19:01:00Z,127215,3D67357C-AF37-437B-A98D-46F0AA6F2FD1,1,177.0,1.0,0.3388,"[{'ID': 178134, 'ConnectionTypeID': 25, 'StatusTypeID': 50, 'LevelID': 2, 'PowerKW': 11, 'CurrentTypeID': 10, 'Quantity': 2}]",2.0,50,2019-05-30T19:01:00Z,1,2019-05-30T14:27:00Z,200,127561,Nuon NL,Ijburglaan 1554,Amsterdam,,1087MA,159,52.3514132,5.0017806,,,0,,,,,,,,178134.0,25.0,50.0,2.0,11.0,10.0,2.0,,,,
451,False,2019-05-26T09:06:00Z,127042,6D86C581-9C14-4274-A259-69E28A620459,1,103.0,5.0,,"[{'ID': 177910, 'ConnectionTypeID': 25, 'StatusTypeID': 50, 'LevelID': 2, 'Amps': 16, 'Voltage': 400, 'PowerKW': 11, 'CurrentTypeID': 20, 'Quantity': 2}]",2.0,50,2019-05-26T09:06:00Z,1,2019-05-25T20:25:00Z,200,127388,Allego charger kleiwerd,Kleiwerd 99,Groningen,Groningen,9746CV,159,53.2406007677666,6.51487359169641,,,0,,,,,,,,177910.0,25.0,50.0,2.0,11.0,20.0,2.0,,16.0,400.0,
452,False,2020-04-11T11:20:00Z,125954,880801FB-5913-4E51-96B2-ED2794A3B86B,1,23.0,4.0,€0.25/kWh; andere tarieven voor oudere auto's,"[{'ID': 176547, 'ConnectionTypeID': 27, 'StatusTypeID': 50, 'LevelID': 3, 'PowerKW': 120, 'CurrentTypeID': 30, 'Quantity': 24}]",24.0,50,2020-04-11T11:20:00Z,1,2019-05-10T05:52:00Z,200,126300,Leiderdorp Supercharger,2 Persant Snoepweg,Leiderdorp,ZH,,159,52.160832,4.54932,,,0,,,,,"16 Superchargers, available 24/7, up to 120kW",34505,,176547.0,27.0,50.0,3.0,120.0,30.0,24.0,,,,
453,False,2019-05-10T05:52:00Z,125953,96331522-4840-4BFA-9207-3990DDD350B2,1,23.0,4.0,,"[{'ID': 176546, 'ConnectionTypeID': 30, 'StatusTypeID': 50, 'LevelID': 2, 'Amps': 16, 'Voltage': 400, 'PowerKW': 11, 'CurrentTypeID': 20, 'Quantity': 2}]",2.0,50,2019-05-10T05:52:00Z,1,2019-05-10T05:52:00Z,200,126299,Landgoed Hotel & Restaurant Groot Warnsborn,Bakenbergseweg 277,Arnhem,,6816 VP,159,52.010383,5.865473, +31 26 44 55 751,,0,,,,,"2 Tesla Connectors, up to 11kW.Available for customers. Please see front desk.",50067,,176546.0,30.0,50.0,2.0,11.0,20.0,2.0,,16.0,400.0,
454,False,2019-04-25T10:54:00Z,125731,7883EC2D-54A0-4B4A-9CFC-E4A091BA4139,1,74.0,5.0,,"[{'ID': 176194, 'ConnectionTypeID': 33, 'StatusTypeID': 50, 'LevelID': 3, 'PowerKW': 175, 'CurrentTypeID': 30, 'Quantity': 1}, {'ID': 176195, 'ConnectionTypeID': 33, 'StatusTypeID': 50, 'LevelID': 3, 'PowerKW': 50, 'CurrentTypeID': 30, 'Quantity': 1}, {'ID': 176196, 'ConnectionTypeID': 2, 'StatusTypeID': 50, 'LevelID': 3, 'PowerKW': 50, 'CurrentTypeID': 30, 'Quantity': 2}, {'ID': 176197, 'ConnectionTypeID': 1036, 'StatusTypeID': 50, 'LevelID': 3, 'Amps': 63, 'Voltage': 400, 'PowerKW': 43, 'CurrentTypeID': 20, 'Quantity': 1}]",5.0,50,2019-04-25T10:54:00Z,1,2019-04-25T10:52:00Z,200,126077,Fastned Den Hoek,A16 Noord,Moerdijk,North Brabant,4765AP,159,51.6626,4.678,,,0,Zevenbergschen Hoek,,,,,,,176194.0,33.0,50.0,3.0,175.0,30.0,1.0,,,,
455,False,2019-04-21T08:46:00Z,125567,8884E4D2-47AF-4265-A9A9-BF0485CB4C13,1,38.0,1.0,,"[{'ID': 175962, 'ConnectionTypeID': 2, 'StatusTypeID': 50, 'LevelID': 3, 'PowerKW': 35, 'CurrentTypeID': 30, 'Quantity': 1}, {'ID': 175963, 'ConnectionTypeID': 33, 'StatusTypeID': 50, 'LevelID': 3, 'PowerKW': 35, 'CurrentTypeID': 30, 'Quantity': 1}, {'ID': 175964, 'ConnectionTypeID': 1036, 'StatusTypeID': 50, 'LevelID': 3, 'Amps': 63, 'Voltage': 400, 'PowerKW': 43, 'CurrentTypeID': 20, 'Quantity': 1}]",1.0,50,2019-04-21T08:46:00Z,1,2019-04-21T08:46:00Z,200,125913,Lidl - Tilburg,Kalenbergplaats,Tilburg,North Brabant,5043 RA,159,51.577526,5.002262,,,0,Tilburg,,,,,,,175962.0,2.0,50.0,3.0,35.0,30.0,1.0,,,,
456,False,2019-04-21T08:34:00Z,125565,EF7A5708-13EA-47C6-91F9-B58FC8C38481,1,38.0,1.0,,"[{'ID': 175956, 'ConnectionTypeID': 2, 'StatusTypeID': 50, 'LevelID': 3, 'PowerKW': 50, 'CurrentTypeID': 30, 'Quantity': 1}, {'ID': 175957, 'ConnectionTypeID': 33, 'StatusTypeID': 50, 'LevelID': 3, 'PowerKW': 50, 'CurrentTypeID': 30, 'Quantity': 1}, {'ID': 175958, 'ConnectionTypeID': 1036, 'StatusTypeID': 50, 'LevelID': 3, 'Amps': 63, 'Voltage': 400, 'PowerKW': 43, 'CurrentTypeID': 20, 'Quantity': 1}]",1.0,50,2019-04-21T08:34:00Z,1,2019-04-21T08:34:00Z,200,125911,Lidl - Zaandam,Doctor H.G. Scholtenstraat 5A,Zaanstad,North Holland,1508 CP,159,52.460983,4.817797,,,0,Zaandam,,,,,,,175956.0,2.0,50.0,3.0,50.0,30.0,1.0,,,,
457,False,2019-04-20T16:56:00Z,125557,BA73B3B8-702F-4D96-BBB3-EC025E557314,1,73.0,4.0,,"[{'ID': 175942, 'ConnectionTypeID': 25, 'StatusTypeID': 50, 'LevelID': 2, 'Amps': 16, 'Voltage': 230, 'PowerKW': 3.6, 'CurrentTypeID': 10, 'Quantity': 2}]",2.0,50,2019-04-20T16:56:00Z,1,2019-04-20T16:55:00Z,200,125903,Keukenhof,Stationsweg,Lisse,South Holland,2161 AN,159,52.268231,4.5438,,,0,,,,,,"EVB-P1628108,EVB-P1628150",,175942.0,25.0,50.0,2.0,3.6,10.0,2.0,,16.0,230.0,
458,False,2019-04-20T08:55:00Z,125548,F12534E0-AFA1-48C8-95B3-B0B47B34BB22,1,38.0,1.0,,"[{'ID': 175921, 'ConnectionTypeID': 2, 'StatusTypeID': 50, 'LevelID': 3, 'PowerKW': 50, 'CurrentTypeID': 30, 'Quantity': 1}, {'ID': 175922, 'ConnectionTypeID': 33, 'StatusTypeID': 50, 'LevelID': 3, 'PowerKW': 50, 'CurrentTypeID': 30, 'Quantity': 1}, {'ID': 175923, 'ConnectionTypeID': 1036, 'StatusTypeID': 50, 'LevelID': 3, 'Amps': 63, 'Voltage': 400, 'PowerKW': 43, 'CurrentTypeID': 20, 'Quantity': 1}]",1.0,50,2019-04-20T08:55:00Z,1,2019-04-20T08:54:00Z,200,125894,Lidl Leeuwarden,Molkenkelder 55,Goutum,,8941 AL,159,53.172172,5.794169,,,0,,,,,,,,175921.0,2.0,50.0,3.0,50.0,30.0,1.0,,,,
459,False,2019-04-10T10:19:00Z,125076,EF9AF031-BE1E-465F-ADB4-33E7AD1FF803,1,103.0,1.0,,"[{'ID': 175300, 'ConnectionTypeID': 25, 'StatusTypeID': 50, 'LevelID': 2, 'Amps': 16, 'Voltage': 400, 'PowerKW': 11, 'CurrentTypeID': 20, 'Quantity': 2}]",2.0,50,2019-04-10T10:19:00Z,1,2019-04-09T14:14:00Z,200,125422,Stationslaan,Stationslaan,,Gelderland,3844GA,159,52.3405957234005,5.62064976959232,,,0,Harderwijk,,,Paid parking space ,usually available. Locals with ICE are usually taking up the parking spots.,,,175300.0,25.0,50.0,2.0,11.0,20.0,2.0,,16.0,400.0,
460,False,2019-04-06T22:18:00Z,124955,2C048BCB-9870-4210-8FD6-7628A993B6C5,1,1.0,1.0,,"[{'ID': 175140, 'ConnectionTypeID': 25, 'StatusTypeID': 50, 'LevelID': 2, 'CurrentTypeID': 20, 'Quantity': 6}]",6.0,50,2019-04-06T22:18:00Z,1,2019-04-06T19:05:00Z,200,125301,Sphinx Parkeerterrein,Frontensingel,Maastricht,Limburg,6211XC,159,50.8554201308655,5.68825694713689,,,0,Maastricht,,,,,,,175140.0,25.0,50.0,2.0,,20.0,6.0,,,,
461,False,2019-03-27T20:54:00Z,118594,DB54EC10-1252-497F-AE4F-A0C0A71C18E5,1,47.0,4.0,,"[{'ID': 167732, 'ConnectionTypeID': 25, 'StatusTypeID': 50, 'LevelID': 2, 'PowerKW': 11, 'CurrentTypeID': 20, 'Quantity': 2}]",2.0,50,2019-03-27T20:54:00Z,1,2019-03-26T20:27:00Z,200,118940,Cornelis Dirkszstraat 92,Cornelis Dirkszstraat 92,Utrecht,,3554VN,159,52.1120596801183,5.09502857905363,,,0,,,,,,,,167732.0,25.0,50.0,2.0,11.0,20.0,2.0,,,,
462,False,2019-11-01T10:14:00Z,118265,FE2798B5-70D2-4818-8027-83FB1CF7987F,1,23.0,4.0,€0.25/kWh; andere tarieven voor oudere auto's,"[{'ID': 167334, 'ConnectionTypeID': 27, 'StatusTypeID': 50, 'LevelID': 3, 'PowerKW': 120, 'CurrentTypeID': 30, 'Quantity': 16}]",24.0,50,2019-11-01T10:14:00Z,1,2019-03-20T06:39:00Z,200,118611,Gouda Supercharger,1 Harderwijkweg,Gouda,,,159,52.022778,4.684873,,,0,,,,,"Charging24 Superchargers, available 24/7, up to 120kW",49402,,167334.0,27.0,50.0,3.0,120.0,30.0,16.0,,,,
463,False,2019-04-06T07:02:00Z,118264,9E5FBE8D-C367-4AE0-BB0C-44A364CF0592,1,23.0,4.0,€0.25/kWh; andere tarieven voor oudere auto's,"[{'ID': 167333, 'ConnectionTypeID': 27, 'StatusTypeID': 50, 'LevelID': 3, 'PowerKW': 120, 'CurrentTypeID': 30, 'Quantity': 16}]",32.0,50,2019-04-06T07:02:00Z,1,2019-03-20T06:37:00Z,200,118610,Bunnik Supercharger,1 Baan Van Fectio,Bunnik,,,159,52.061035,5.205139,,,0,,,,,"Charging32 Superchargers, available 24/7, up to 120kW",49403,,167333.0,27.0,50.0,3.0,120.0,30.0,16.0,,,,
464,False,2019-03-14T23:18:00Z,118036,BC63D3B1-F3CB-44BD-B867-BBBC36EE31B2,1,23.0,4.0,,"[{'ID': 167055, 'ConnectionTypeID': 30, 'StatusTypeID': 50, 'LevelID': 2, 'PowerKW': 6, 'CurrentTypeID': 10, 'Quantity': 2}]",2.0,50,2019-03-14T23:18:00Z,1,2019-03-14T23:18:00Z,200,118382,"Vakantiewoningen ""het Anker""",Oude Duinweg 9,Hoorn-Terschelling,,8896JN,159,53.3964675,5.3379015,+31 61 45 80 430,,0,,,,,"2 Tesla Connectors, up to 6kW.Available for customers. Please call ahead.",49130,,167055.0,30.0,50.0,2.0,6.0,10.0,2.0,,,,
465,False,2019-03-14T23:12:00Z,118003,FE5FADA5-FCAB-46B7-9A1F-140F19CA39DB,1,23.0,4.0,,"[{'ID': 167022, 'ConnectionTypeID': 30, 'StatusTypeID': 50, 'LevelID': 2, 'Amps': 32, 'Voltage': 400, 'PowerKW': 22, 'CurrentTypeID': 20, 'Quantity': 2}]",2.0,50,2019-03-14T23:12:00Z,1,2019-03-14T23:12:00Z,200,118349,Masami,Polarisavenue 151,Hoofddorp,,2132 JJ,159,52.2924587,4.7091108,+31631643357,,0,,,,,"2 Tesla Connectors, up to 22kW.Available for customers. Self park.",49138,,167022.0,30.0,50.0,2.0,22.0,20.0,2.0,,32.0,400.0,
466,False,2019-03-14T23:10:00Z,117994,6780B7CD-92EB-4D62-874E-53B3CF87A4B8,1,23.0,4.0,,"[{'ID': 167013, 'ConnectionTypeID': 30, 'StatusTypeID': 50, 'LevelID': 2, 'Amps': 32, 'Voltage': 400, 'PowerKW': 22, 'CurrentTypeID': 20, 'Quantity': 2}]",2.0,50,2019-03-14T23:10:00Z,1,2019-03-14T23:10:00Z,200,118340,Lake 7,Strandweg 23,Zevenhuizen,,2761DM,159,51.975543,4.5603847,104201115,,0,,,,,"2 Tesla Connectors, up to 22kW.Available for customers. Please see front desk.",49147,,167013.0,30.0,50.0,2.0,22.0,20.0,2.0,,32.0,400.0,
467,False,2019-03-11T20:44:00Z,117932,ECD1B5AE-695E-4D36-9EF3-31A1A4344FE2,1,1.0,1.0,"standard Dutch electricity, about 30 ct/KWh","[{'ID': 166920, 'ConnectionTypeID': 25, 'StatusTypeID': 50, 'LevelID': 2, 'PowerKW': 22, 'CurrentTypeID': 20, 'Quantity': 2}]",2.0,50,2019-03-11T20:44:00Z,1,2019-03-11T14:32:00Z,200,118278,Parkeerplaats achter Stoholm 4,Stoholm 4,Hoofddorp,,2133 KH,159,52.3150485082558,4.66741673572017,,,0,,,,,Operator: PitPoint,,,166920.0,25.0,50.0,2.0,22.0,20.0,2.0,,,,
468,False,2019-03-07T11:22:00Z,117882,81902308-7D11-40C8-A934-E950C560AC3E,1,45.0,6.0,,"[{'ID': 166823, 'ConnectionTypeID': 17, 'StatusTypeID': 50, 'LevelID': 2, 'PowerKW': 22, 'CurrentTypeID': 10}]",4.0,50,2019-03-07T11:22:00Z,1,2019-03-07T09:42:00Z,200,118228,Tivolilaan 205,Tivolilaan 205,Arnhem,Gelderland,6824BV,159,51.987262033686,5.9328307506953,,,0,Arnhem,,,Bezoek aan kantoor verplicht,,,,166823.0,17.0,50.0,2.0,22.0,10.0,,,,,
469,False,2019-03-07T11:23:00Z,117879,A1A0A5C4-2728-4B2C-AB53-049AE017D863,1,177.0,1.0,,"[{'ID': 166817, 'ConnectionTypeID': 25, 'StatusTypeID': 50, 'LevelID': 2, 'PowerKW': 11, 'Quantity': 2}]",2.0,50,2019-03-07T11:23:00Z,1,2019-03-06T18:46:00Z,200,118225,Uilenburgersteeg,Uilenburgersteeg,Amsterdam,Nordholland,1011SM,159,52.36967685612797,4.902912452417581,,,0,Amsterdam,,,2 x 11 kW - Noun.nl download the app and register.,"2 x 11kW Charger, download the App Nuon and register",,,166817.0,25.0,50.0,2.0,11.0,,2.0,,,,
470,False,2019-03-07T11:22:00Z,117878,94BFB959-5E92-4816-AB31-0A0AC2B58DFA,1,177.0,1.0,,"[{'ID': 166816, 'ConnectionTypeID': 25, 'StatusTypeID': 50, 'LevelID': 2, 'PowerKW': 11, 'Quantity': 2}]",2.0,50,2019-03-07T11:22:00Z,1,2019-03-06T18:28:00Z,200,118224,Rapenburgerstraat,Rapenburgerstraat,Amsterdam,Nordholland,1011MN,159,52.3684088304119,4.90605465079534,,,0,Amsterdam,,,"2 x 11 Kw Charger, download the noun.nl app and register.",,,,166816.0,25.0,50.0,2.0,11.0,,2.0,,,,
471,False,2019-01-06T12:00:00Z,114251,51CE1770-4C83-44DB-9B65-73A1669E1076,1,73.0,0.0,Free,"[{'ID': 160971, 'ConnectionTypeID': 25, 'StatusTypeID': 50, 'LevelID': 2, 'Amps': 16, 'Voltage': 230, 'PowerKW': 3.7, 'CurrentTypeID': 10, 'Quantity': 1}]",1.0,50,2019-01-06T12:00:00Z,1,2019-01-04T12:00:00Z,200,114597,"Daslook, Nootdorp",Daslook,Nootdorp ,,,159,52.041151091205,4.39949333667755,,,0,,,,,,EVB-P1620689,,160971.0,25.0,50.0,2.0,3.7,10.0,1.0,,16.0,230.0,
472,False,2019-01-03T07:56:00Z,114119,CEF1C4C2-B671-43D8-A0BE-036EA06AA27E,1,23.0,4.0,,"[{'ID': 160689, 'ConnectionTypeID': 30, 'StatusTypeID': 50, 'LevelID': 2, 'Amps': 16, 'Voltage': 400, 'PowerKW': 11, 'CurrentTypeID': 20, 'Quantity': 2}]",2.0,50,2019-01-03T07:56:00Z,1,2019-01-03T07:56:00Z,200,114465,Hotel Van der Valk Sassenheim-Leiden,Warmonderweg 8,Sassenheim,,2171AH,159,52.212619,4.504546, +31 252 219 019,,0,,,,,"2 Tesla Connectors, up to 11kW.Available to the public. Self park.",47348,,160689.0,30.0,50.0,2.0,11.0,20.0,2.0,,16.0,400.0,
473,False,2019-01-03T07:54:00Z,114112,0896FE8F-8B4A-4CA7-AA1D-75B2E31AF39F,1,23.0,4.0,,"[{'ID': 160682, 'ConnectionTypeID': 30, 'StatusTypeID': 50, 'LevelID': 2, 'Amps': 32, 'Voltage': 400, 'PowerKW': 22, 'CurrentTypeID': 20, 'Quantity': 1}]",1.0,50,2019-01-03T07:54:00Z,1,2019-01-03T07:54:00Z,200,114458,Boompjes Restaurant,Irenestraat 1,Overloon,,5825CA,159,51.5711274,5.9461312, +31 47 864 22 27,,0,,,,,"1 Tesla Connector, up to 22kW.Available for customers. Please see front desk.",46885,,160682.0,30.0,50.0,2.0,22.0,20.0,1.0,,32.0,400.0,
474,False,2019-03-23T08:00:00Z,114034,E020633E-5A96-4ABC-8E24-628351D28FE1,1,23.0,4.0,€0.25/kWh; andere tarieven voor oudere auto's,"[{'ID': 160604, 'ConnectionTypeID': 27, 'StatusTypeID': 50, 'LevelID': 3, 'PowerKW': 120, 'CurrentTypeID': 30, 'Quantity': 32}]",32.0,50,2019-03-23T08:00:00Z,1,2019-01-03T06:38:00Z,200,114380,Badhoevedorp Supercharger,275 Schipholweg,Badhoevedorp,NH,,159,52.329339,4.784994,,,0,,,,,"Charging32 Superchargers, available 24/7, up to 120kW",43474,,160604.0,27.0,50.0,3.0,120.0,30.0,32.0,,,,
475,False,2019-01-02T22:00:00Z,113931,94F7F7AE-7695-4549-96AC-9C5C340C0986,1,23.0,4.0,,"[{'ID': 160501, 'ConnectionTypeID': 30, 'StatusTypeID': 50, 'LevelID': 2, 'Amps': 16, 'Voltage': 400, 'PowerKW': 11, 'CurrentTypeID': 20, 'Quantity': 3}]",3.0,50,2019-01-02T22:00:00Z,1,2019-01-02T22:00:00Z,200,114277,Netl de Wildste Tuin,Leemringweg 19,Kraggenburg,,8317RD,159,52.6821961,5.8744425,+31 527 203 043,,0,,,,,"3 Tesla Connectors, up to 11kW.Available to the public. Self park.",46886,,160501.0,30.0,50.0,2.0,11.0,20.0,3.0,,16.0,400.0,
476,False,2019-08-11T16:56:00Z,113706,7F79C373-EDE7-4D3C-AC7C-01F93CDC06FB,1,1.0,1.0,,"[{'ID': 160264, 'ConnectionTypeID': 25, 'StatusTypeID': 50, 'LevelID': 2, 'Amps': 32, 'Voltage': 400, 'PowerKW': 22, 'CurrentTypeID': 20, 'Quantity': 2}]",2.0,50,2019-08-11T16:56:00Z,1,2019-01-01T10:33:00Z,200,114052,"Markt Parkeerplaats, Ijzendijke",Markt 20,Ijzendijke,Zeeland,4515 BD,159,51.3220072995403,3.61675304907385,,,0,,,,"Op markt, vlakbij standbeeld, tegenover Cafe Brigand",,,,160264.0,25.0,50.0,2.0,22.0,20.0,2.0,,32.0,400.0,
477,False,2018-12-31T22:59:00Z,113701,9AD0895F-9EE9-4D26-8853-06392F4FD9A4,1,179.0,1.0,,"[{'ID': 160255, 'ConnectionTypeID': 2, 'StatusTypeID': 50, 'LevelID': 3, 'PowerKW': 50, 'CurrentTypeID': 30, 'Quantity': 1}, {'ID': 160261, 'ConnectionTypeID': 33, 'StatusTypeID': 50, 'LevelID': 3, 'PowerKW': 50, 'CurrentTypeID': 30, 'Quantity': 1}]",1.0,50,2018-12-31T22:59:00Z,1,2018-12-31T10:26:00Z,200,114047,Agrisneltank gas station,Stationsweg 33,Terneuzen,,4538AD,159,51.3310089,3.8248858,,https://www.agrisnellaad.nl/,0,,,,,,,,160255.0,2.0,50.0,3.0,50.0,30.0,1.0,,,,
478,False,2018-12-20T13:02:00Z,113528,929AB040-91C7-40B9-AD68-D62E4B2158FC,1,174.0,6.0,,"[{'ID': 159964, 'ConnectionTypeID': 1036, 'StatusTypeID': 50, 'LevelID': 2, 'Amps': 16, 'Voltage': 400, 'PowerKW': 11, 'CurrentTypeID': 20, 'Quantity': 2}]",2.0,50,2018-12-20T13:02:00Z,1,2018-12-18T09:43:00Z,200,113874,De Krommert,Het Burgstuk,Heiloo,,1851ZB,159,52.591222,4.708903,,,0,,,,,,,,159964.0,1036.0,50.0,2.0,11.0,20.0,2.0,,16.0,400.0,
479,False,2018-12-20T09:16:00Z,113527,1E72C41E-FC1D-4012-A4FB-29E119240D67,1,180.0,1.0,,"[{'ID': 159963, 'ConnectionTypeID': 1036, 'StatusTypeID': 50, 'LevelID': 2, 'Amps': 16, 'Voltage': 400, 'PowerKW': 11, 'CurrentTypeID': 20, 'Quantity': 2}]",2.0,50,2018-12-20T09:16:00Z,1,2018-12-18T09:35:00Z,200,113873,De Strandwal,De Strandwal 22,Heiloo,,1851VM,159,52.5965819344334,4.71197017829419,,,0,,,,,,,,159963.0,1036.0,50.0,2.0,11.0,20.0,2.0,,16.0,400.0,
480,False,2018-11-12T16:07:00Z,112703,A4276841-1814-4A00-8B7F-CEFF4804DCB6,1,180.0,3.0,"€ 0,30 kWh","[{'ID': 158694, 'ConnectionTypeID': 25, 'StatusTypeID': 50, 'LevelID': 2, 'Amps': 20, 'PowerKW': 4, 'CurrentTypeID': 10}]",1.0,50,2018-11-12T16:07:00Z,1,2018-11-11T10:30:00Z,200,113049,Kleine Veerweg 27,Kleine Veerweg,Zwolle,Overijssel,8016PA,159,52.4793532300083,6.089476456552347,+31384605833,,0,Zwolle,,van.swaay@ziggo.nl,,Position on private property accessible from public road,,+31650676476,158694.0,25.0,50.0,2.0,4.0,10.0,,,20.0,,
481,False,2018-10-23T12:31:00Z,112286,958AB42A-F961-4BA8-808F-9D8B4A7E01D4,1,1.0,1.0,€0.33/kWh,"[{'ID': 157902, 'ConnectionTypeID': 25, 'StatusTypeID': 50, 'LevelID': 2, 'Amps': 16, 'PowerKW': 11, 'CurrentTypeID': 20, 'Quantity': 2}]",2.0,50,2018-10-23T12:31:00Z,1,2018-10-22T21:32:00Z,200,112632,Hoefijzerstraat,Hoefijzerstraat 27,Utrecht,Utrecht,3572BT,159,52.09589567649837,5.137107873541254,,"https://docs.google.com/forms/d/e/1FAIpQLSfuLPLZa47aHXb5aVtou7TawzjAq3C-PKaU8hfj-by74nW7ug/viewform?entry.1128614834=UTPITEN288&entry.1203560552=Hoefijzerstraat%2033,%203572%20BW,%20Utrecht&entry.1001590097&entry.1545995643&entry.1017816440&entry.1618503440&entry.619684703&entry.701341872",0,,,,NewMotion UTPITEN288,,,,157902.0,25.0,50.0,2.0,11.0,20.0,2.0,,16.0,,
482,False,2018-10-11T14:32:00Z,109352,91AAC690-02E7-49E8-88D9-39B2ACDDF732,1,23.0,4.0,,"[{'ID': 154470, 'ConnectionTypeID': 30, 'StatusTypeID': 50, 'LevelID': 2, 'Amps': 16, 'Voltage': 400, 'PowerKW': 11, 'CurrentTypeID': 20, 'Quantity': 1}]",1.0,50,2018-10-11T14:32:00Z,1,2018-10-11T14:32:00Z,200,109698,B & B de Grote Byvanck,Klapstraat 172,Westervoort,,6931 CN,159,51.951697,5.970656, +31 62 21 29 217,,0,,,,,"1 Tesla Connector, up to 11kW.Available for customers. Please call ahead.",45290,,154470.0,30.0,50.0,2.0,11.0,20.0,1.0,,16.0,400.0,
483,False,2018-10-11T14:07:00Z,109263,3CB2C116-DFC8-4CF9-8709-75787D78E701,1,23.0,4.0,,"[{'ID': 154381, 'ConnectionTypeID': 30, 'StatusTypeID': 50, 'LevelID': 2, 'Amps': 16, 'Voltage': 400, 'PowerKW': 11, 'CurrentTypeID': 20, 'Quantity': 1}]",1.0,50,2018-10-11T14:07:00Z,1,2018-10-11T14:07:00Z,200,109609,Restaurant Zoet of Zout,Haringvlietplein 3,,Stellendam,3251 LD,159,51.826405,4.0442323, +31 18 74 99 913,,0,,,,,"1 Tesla Connector, up to 11kW.Available for customers. Please see front desk.",45282,,154381.0,30.0,50.0,2.0,11.0,20.0,1.0,,16.0,400.0,
484,False,2018-10-11T13:53:00Z,109191,71E8E598-A2C1-4B05-9C14-DFF8A7A33E72,1,23.0,7.0,,"[{'ID': 154309, 'ConnectionTypeID': 30, 'StatusTypeID': 50, 'LevelID': 2, 'PowerKW': 14, 'CurrentTypeID': 20, 'Quantity': 1}]",1.0,50,2018-10-11T13:53:00Z,1,2018-10-11T13:53:00Z,200,109537,Jachthaven Lutsmond,Sleatemar 1a,Balk,,8561 BJ,159,52.904648,5.598225,+31 51 46 03 434,,0,,,,,"1 Tesla Connector, up to 14kW.Available by reservation only. Please see front desk.",44579,,154309.0,30.0,50.0,2.0,14.0,20.0,1.0,,,,
485,False,2018-10-11T13:34:00Z,109085,4690C339-F084-4B5F-A49F-38F5C8914183,1,23.0,4.0,,"[{'ID': 154203, 'ConnectionTypeID': 30, 'StatusTypeID': 50, 'LevelID': 2, 'Amps': 32, 'Voltage': 400, 'PowerKW': 22, 'CurrentTypeID': 20, 'Quantity': 1}]",1.0,50,2018-10-11T13:34:00Z,1,2018-10-11T13:34:00Z,200,109431,Van der Valk Hotel Groningen-Zuidbroek,Burgemeester Omtaweg 4,Zuidbroek,,9636 EM,159,53.1701126,6.852452, +31 59 84 53 787,,0,,,,,"1 Tesla Connector, up to 22kW.Available to the public. Self park.",44765,,154203.0,30.0,50.0,2.0,22.0,20.0,1.0,,32.0,400.0,
486,False,2020-12-11T09:49:00Z,109059,4989DBD7-5E51-4B3E-BED6-FC92A6468BFB,1,23.0,4.0,€0.25/kWh; andere tarieven voor oudere auto's,"[{'ID': 154177, 'ConnectionTypeID': 27, 'StatusTypeID': 50, 'LevelID': 3, 'PowerKW': 120, 'CurrentTypeID': 30, 'Quantity': 16}]",16.0,50,2020-12-11T09:49:00Z,1,2018-10-11T13:29:00Z,200,109405,Breda Supercharger,5 Princenhagelaan,Breda,,,159,51.5765157,4.729773,,,0,,,,,"12 Superchargers, available 24/7, up to 120kW",34142,,154177.0,27.0,50.0,3.0,120.0,30.0,16.0,,,,
487,False,2018-10-14T15:01:00Z,108631,68AA9C2B-7060-48D6-8360-6728541F2FDC,1,1.0,1.0,,"[{'ID': 153709, 'ConnectionTypeID': 1, 'LevelID': 2, 'PowerKW': 11}]",1.0,50,2018-10-14T15:01:00Z,1,2018-10-08T09:02:00Z,200,108977,Hoek Gijsbrecht van Amstelstraat en Oude Loosdrechtseweg,Gijsbrecht van Amstelstraat,,Noord-Holland,1215CM,159,52.21624793157964,5.161669539887498,,,0,Hilversum,,,,,,,153709.0,1.0,,2.0,11.0,,,,,,
488,False,2018-10-07T19:16:00Z,108380,6FA851B9-6113-410C-8C5D-72A73AF1DDC9,1,179.0,1.0,Free,"[{'ID': 153234, 'ConnectionTypeID': 25, 'StatusTypeID': 50, 'LevelID': 2, 'Amps': 32, 'Voltage': 400, 'PowerKW': 22, 'CurrentTypeID': 20, 'Quantity': 2}]",1.0,50,2018-10-07T19:16:00Z,1,2018-09-26T09:48:00Z,100,108726,Parking Garage Bellevue,Bellevue 3,Groesbeek,,6561CA,159,51.7785811254632,5.93351782094942,,,0,,,,"Enter the Bellevue parking garage, turn right and drive all the way back till you get to the corner. ",Owned by Gemeente Berg en Dal,,,153234.0,25.0,50.0,2.0,22.0,20.0,2.0,,32.0,400.0,
489,False,2018-11-16T11:36:00Z,107922,7CE3319B-9EFE-4630-93B8-A5E1060B12D4,1,1.0,1.0,Paod,"[{'ID': 152411, 'ConnectionTypeID': 2, 'StatusTypeID': 50, 'LevelID': 3, 'PowerKW': 50, 'CurrentTypeID': 30}, {'ID': 152412, 'ConnectionTypeID': 33, 'StatusTypeID': 50, 'LevelID': 3, 'PowerKW': 50, 'CurrentTypeID': 30}]",1.0,50,2018-11-16T11:36:00Z,1,2018-08-19T01:30:00Z,200,108268,Boyleweg,Boyleweg 6,Spijkenisse,Zuid-Holland,,159,51.8546165691436,4.30309292047241,,,0,,,,,,,,152411.0,2.0,50.0,3.0,50.0,30.0,,,,,
490,False,2019-10-08T19:35:00Z,107697,14131FBE-D521-4747-A10B-C6BCCEB986B9,1,103.0,1.0,"start € 2,25 + € 0,30/minute","[{'ID': 152049, 'ConnectionTypeID': 2, 'StatusTypeID': 50, 'LevelID': 3, 'Amps': 125, 'Voltage': 400, 'PowerKW': 50, 'CurrentTypeID': 30, 'Quantity': 1}, {'ID': 152050, 'ConnectionTypeID': 25, 'StatusTypeID': 50, 'LevelID': 3, 'Amps': 63, 'Voltage': 400, 'PowerKW': 43, 'CurrentTypeID': 20, 'Quantity': 1}, {'ID': 152051, 'ConnectionTypeID': 33, 'StatusTypeID': 50, 'LevelID': 3, 'Amps': 125, 'Voltage': 400, 'PowerKW': 50, 'CurrentTypeID': 30, 'Quantity': 1}]",2.0,50,2019-10-08T19:35:00Z,1,2018-08-07T15:13:00Z,200,108043,50 kW Fastcharger  Winkelcentrum Struytse Hoeck 62 tegenover BCC,Struytse Hoeck 62,Hellevoetsluis,,3224HA,159,51.8324132619278,4.14737400335343,0800-3745337,https://www.hellevoetsluis.nl/Inwoners/WONEN_EN_LEEFOMGEVING/Natuur_en_milieu/Elektrisch_rijden,0,,,info@allego.eu,public 24/7,"snellader eigendom van gemeente, beheerd door Allego",,0181-330420,152049.0,2.0,50.0,3.0,50.0,30.0,1.0,,125.0,400.0,
491,False,2018-12-23T12:42:00Z,107646,086C48D3-AA7D-4B2D-AEE1-48B10F37A604,1,103.0,1.0,Paid,"[{'ID': 151919, 'ConnectionTypeID': 25, 'StatusTypeID': 50, 'LevelID': 2, 'CurrentTypeID': 20}, {'ID': 151920, 'ConnectionTypeID': 25, 'StatusTypeID': 50, 'LevelID': 2, 'CurrentTypeID': 20}]",1.0,50,2018-12-23T12:42:00Z,1,2018-08-04T11:27:00Z,200,107992,Abe Bonnemastraat,Abe Bonnemastraat,Bergschenhoek,Zuid-Holland,,159,51.989683722539,4.48553402113248,,,0,,,,,,,,151919.0,25.0,50.0,2.0,,20.0,,,,,
492,False,2018-07-24T19:36:00Z,107341,57A2DBC1-FBC3-4848-9721-36C74CB40057,1,45.0,6.0,free,"[{'ID': 151446, 'ConnectionTypeID': 23, 'StatusTypeID': 50, 'LevelID': 2, 'Amps': 16, 'Voltage': 220, 'PowerKW': 3.5, 'CurrentTypeID': 10, 'Quantity': 3}]",3.0,50,2018-07-24T19:36:00Z,1,2018-07-24T19:29:00Z,200,107687,AnyTyme Palazzo Lelystad,Zuiderpoort 37,Lelystad,,8239 AB,159,52.4914155640247,5.48303814966812,,http://www.anytyme.nl/Cafetarias/AnyTyme-Snack-Dine-Lelystad-anytime-is-snacktime.htm,0,,,,,Only for bicycles or scooters at opening hours.,,,151446.0,23.0,50.0,2.0,3.5,10.0,3.0,,16.0,220.0,
493,False,2018-07-23T00:35:00Z,107207,84929B62-BF85-4368-9DC5-55981DB96C2D,1,45.0,1.0,Free,"[{'ID': 151197, 'ConnectionTypeID': 25, 'StatusTypeID': 50, 'LevelID': 2, 'PowerKW': 22, 'CurrentTypeID': 20, 'Quantity': 72}]",72.0,50,2018-07-23T00:35:00Z,1,2018-07-23T00:29:00Z,200,107553,Home center Wolvega,Frisaxstraat 12,Wolvega,,8471 ZW,159,52.886433114105465,5.99432140555723,,https://www.homecenter.nl/route-adres,0,,,,,On 13/07/2018 the world record for most ev's charging simultaneously was set at 85 on this site.,,,151197.0,25.0,50.0,2.0,22.0,20.0,72.0,,,,
494,False,2018-10-03T23:25:00Z,106514,B194D44A-B669-412A-ACDE-9116FFDD25DF,1,23.0,4.0,,"[{'ID': 149891, 'ConnectionTypeID': 30, 'StatusTypeID': 50, 'LevelID': 2, 'Amps': 16, 'Voltage': 400, 'PowerKW': 11, 'CurrentTypeID': 20, 'Quantity': 2}]",2.0,50,2018-10-03T23:25:00Z,1,2018-06-23T05:41:00Z,200,106860,Hotels Van Oranje,Koningin Wilhelmina Boulevard 20,Noordwijk aan Zee,,2202 GV,159,52.247115,4.432682,+31 71 36 86 869,,0,,,,,"2 Tesla Connectors, up to 11kW.Available for customers. Please see valet.",44427,,149891.0,30.0,50.0,2.0,11.0,20.0,2.0,,16.0,400.0,
495,False,2018-10-03T23:07:00Z,106202,C5FE0309-6E1F-4377-B3A0-9B2BFA104CD7,1,23.0,4.0,,"[{'ID': 149538, 'ConnectionTypeID': 30, 'StatusTypeID': 50, 'LevelID': 2, 'Amps': 16, 'Voltage': 400, 'PowerKW': 11, 'CurrentTypeID': 20, 'Quantity': 1}]",1.0,50,2018-10-03T23:07:00Z,1,2018-06-17T05:32:00Z,200,106548,Hotel Nimma Nijmegen,Weurtseweg 478,Nijmegen,,6541 BE,159,51.854285,5.837113,+31 24 84 44 007,,0,,,,,"1 Tesla Connector, up to 11kW.Available for customers. Please see front desk.",44310,,149538.0,30.0,50.0,2.0,11.0,20.0,1.0,,16.0,400.0,
496,False,2019-03-23T07:54:00Z,104994,63F81F60-5739-4254-97AA-E24A20CF186E,1,23.0,4.0,€0.25/kWh; andere tarieven voor oudere auto's,"[{'ID': 148069, 'ConnectionTypeID': 27, 'StatusTypeID': 50, 'LevelID': 3, 'PowerKW': 120, 'CurrentTypeID': 30, 'Quantity': 28}]",28.0,50,2019-03-23T07:54:00Z,1,2018-05-27T05:29:00Z,200,105340,Breukelen Supercharger,91 Stationsweg,Breukelen,,3621 LK,159,52.167178,4.989068,,,0,,,,,"28 Superchargers, available 24/7, up to 120kW",34148,,148069.0,27.0,50.0,3.0,120.0,30.0,28.0,,,,
497,False,2018-10-03T15:50:00Z,104903,EBF56D26-B41A-4A97-8369-057AF91DE2CB,1,23.0,7.0,,"[{'ID': 147976, 'ConnectionTypeID': 30, 'StatusTypeID': 50, 'LevelID': 2, 'Amps': 32, 'Voltage': 230, 'PowerKW': 7, 'CurrentTypeID': 10, 'Quantity': 2}]",2.0,50,2018-10-03T15:50:00Z,1,2018-05-26T05:30:00Z,200,105249,Blue & Manna Hotels,Oranjesingel 14,Nijmegen,,6511 NT,159,51.842314,5.862685,+31 24 74 40 094,,0,,,,,"2 Tesla Connectors, up to 7kW.Available by reservation only. Please see front desk.",43383,,147976.0,30.0,50.0,2.0,7.0,10.0,2.0,,32.0,230.0,
498,False,2018-10-03T15:40:00Z,104478,D8A3D2B4-CDD3-4ADA-9693-1324AF39835D,1,23.0,4.0,,"[{'ID': 147473, 'ConnectionTypeID': 30, 'StatusTypeID': 50, 'LevelID': 2, 'Amps': 16, 'Voltage': 400, 'PowerKW': 11, 'CurrentTypeID': 20, 'Quantity': 2}]",2.0,50,2018-10-03T15:40:00Z,1,2018-05-20T05:43:00Z,200,104824,Qo Amsterdam,Amstelvlietstraat 2D,Amsterdam,,1096 GG,159,52.338392,4.920993,+31 (0) 20 22 05 650,,0,,,,,"2 Tesla Connectors, up to 11kW.Available to the public. Self park.",43209,,147473.0,30.0,50.0,2.0,11.0,20.0,2.0,,16.0,400.0,
499,False,2018-10-03T23:24:00Z,104466,AA35BDCB-8343-4FDD-A663-FF0E7C067C8F,1,23.0,4.0,,"[{'ID': 147461, 'ConnectionTypeID': 30, 'StatusTypeID': 50, 'LevelID': 2, 'Amps': 32, 'Voltage': 400, 'PowerKW': 22, 'CurrentTypeID': 20, 'Quantity': 3}]",3.0,50,2018-10-03T23:24:00Z,1,2018-05-20T05:41:00Z,200,104812,Evenementenhal Gorinchem,Franklinweg 2,Gorinchem,,4207 HZ,159,51.839649,5.009054,+31 18 36 80 680,,0,,,,,"3 Tesla Connectors, up to 22kW.Available for customers. Self park.",43176,,147461.0,30.0,50.0,2.0,22.0,20.0,3.0,,32.0,400.0,
500,False,2018-10-03T16:01:00Z,104406,19BB833A-4FF1-47FC-B703-696C3F35C574,1,23.0,4.0,,"[{'ID': 147401, 'ConnectionTypeID': 30, 'StatusTypeID': 50, 'LevelID': 2, 'Amps': 32, 'Voltage': 230, 'PowerKW': 7, 'CurrentTypeID': 10, 'Quantity': 1}]",1.0,50,2018-10-03T16:01:00Z,1,2018-05-20T05:30:00Z,200,104752,Hotel - Restaurant - Brasserie 'T Paviljoen,Grebbeweg 103-105,Rhenen,,3911AV,159,51.955958,5.58951,+31 31 76 19 003,,0,,,,,"1 Tesla Connector, up to 7kW.Available for customers. Self park.",43174,,147401.0,30.0,50.0,2.0,7.0,10.0,1.0,,32.0,230.0,
501,False,2018-10-03T22:10:00Z,104403,0CC7A592-7C48-4E4D-9F6A-D382E4D60CE7,1,23.0,4.0,,"[{'ID': 147398, 'ConnectionTypeID': 30, 'StatusTypeID': 50, 'LevelID': 2, 'Amps': 16, 'Voltage': 400, 'PowerKW': 11, 'CurrentTypeID': 20, 'Quantity': 1}]",1.0,50,2018-10-03T22:10:00Z,1,2018-05-20T05:30:00Z,200,104749,Harlingen Garden Apartment,Harlingersstraatweg 52a,Midlum,,8872NB,159,53.182109,5.434368,+31610951274,,0,,,,,"1 Tesla Connector, up to 11kW.Available for customers. Please see front desk.",43206,,147398.0,30.0,50.0,2.0,11.0,20.0,1.0,,16.0,400.0,
502,False,2018-10-03T23:44:00Z,104402,CF2FA7CD-E27C-4656-A169-34C80150762D,1,23.0,4.0,,"[{'ID': 147397, 'ConnectionTypeID': 30, 'StatusTypeID': 50, 'LevelID': 2, 'Amps': 32, 'Voltage': 400, 'PowerKW': 22, 'CurrentTypeID': 20, 'Quantity': 1}]",1.0,50,2018-10-03T23:44:00Z,1,2018-05-20T05:30:00Z,200,104748,Evenementenhal Hardenberg,Energieweg 2,Hardenberg,,7772 TV,159,52.558383,6.626275,+31 52 32 89 898,,0,,,,,"1 Tesla Connector, up to 22kW.Available for customers. Self park.",43224,,147397.0,30.0,50.0,2.0,22.0,20.0,1.0,,32.0,400.0,
503,False,2018-10-03T23:42:00Z,104391,AF9174E9-A492-4177-B829-3C24808ECD0B,1,23.0,4.0,,"[{'ID': 147386, 'ConnectionTypeID': 30, 'StatusTypeID': 50, 'LevelID': 2, 'Amps': 32, 'Voltage': 400, 'PowerKW': 22, 'CurrentTypeID': 20, 'Quantity': 3}]",3.0,50,2018-10-03T23:42:00Z,1,2018-05-20T05:28:00Z,200,104737,Hotel Beaumont,Lage Barakken 10,Maastricht,,6221 CJ,159,50.849842,5.700734,+31 43 32 54 433,,0,,,,,"3 Tesla Connectors, up to 22kW.Available for customers. Please see front desk.",43172,,147386.0,30.0,50.0,2.0,22.0,20.0,3.0,,32.0,400.0,
504,False,2018-10-03T23:47:00Z,103534,F1EFD584-49D1-41A0-ACD9-3CAF390E1D1D,1,23.0,4.0,,"[{'ID': 146201, 'ConnectionTypeID': 30, 'StatusTypeID': 50, 'LevelID': 2, 'Amps': 32, 'Voltage': 400, 'PowerKW': 22, 'CurrentTypeID': 20, 'Quantity': 20}]",20.0,50,2018-10-03T23:47:00Z,1,2018-05-04T05:36:00Z,200,103880,Batavia Stad,Bataviaplein 60,Lelystad,,8242 PN,159,52.52305,5.43792,+31 320 29 29 00,,0,,,,,"20 Tesla Connectors, up to 22kW.Available for customers. Self park.",42477,,146201.0,30.0,50.0,2.0,22.0,20.0,20.0,,32.0,400.0,
505,False,2018-10-03T23:06:00Z,102025,A28CC2B2-ACD6-4DC8-991B-30754E62BA7E,1,23.0,4.0,,"[{'ID': 144008, 'ConnectionTypeID': 30, 'StatusTypeID': 50, 'LevelID': 2, 'Amps': 16, 'Voltage': 400, 'PowerKW': 22, 'CurrentTypeID': 20, 'Quantity': 1}]",1.0,50,2018-10-03T23:06:00Z,1,2018-04-16T04:58:00Z,200,102371,G&G Special Sizes,Hoofdweg 254,Slochteren,,9621AS,159,53.199743,6.788897,+31 59 84 22450,,0,,,,,"1 Tesla Connector, up to 11kW.Available for customers. Self park.",42237,,144008.0,30.0,50.0,2.0,22.0,20.0,1.0,,16.0,400.0,
506,False,2019-03-23T07:52:00Z,101121,5932416D-590E-46AE-9FC0-3C4F62DAED46,1,23.0,4.0,€0.25/kWh; andere tarieven voor oudere auto's,"[{'ID': 142749, 'ConnectionTypeID': 27, 'StatusTypeID': 50, 'LevelID': 3, 'PowerKW': 120, 'CurrentTypeID': 30, 'Quantity': 16}]",16.0,50,2019-03-23T07:52:00Z,1,2018-03-17T07:12:00Z,200,101467,Zaltbommel Supercharger,65 Hogeweg,Zaltbommel,,5301 LJ,159,51.796249,5.254964,,,0,,,,,"Charging16 Superchargers, available 24/7, up to 120kW",41484,,142749.0,27.0,50.0,3.0,120.0,30.0,16.0,,,,
507,False,2019-03-22T20:56:00Z,101107,DD557789-57A0-44CE-A8F8-040CDDFB500E,1,23.0,4.0,€0.25/kWh; andere tarieven voor oudere auto's,"[{'ID': 142735, 'ConnectionTypeID': 27, 'StatusTypeID': 50, 'LevelID': 3, 'PowerKW': 120, 'CurrentTypeID': 30, 'Quantity': 12}]",12.0,50,2019-03-22T20:56:00Z,1,2018-03-17T07:09:00Z,200,101453,Vuren Supercharger,21 Zeiving,Vuren,,4214 KT,159,51.839079,5.09062,,,0,,,,,"chargingCharging12 Superchargers, available 24/7, up to 120kW",34354,,142735.0,27.0,50.0,3.0,120.0,30.0,12.0,,,,
508,False,2018-03-12T09:02:00Z,100886,7CE1EC6D-8CE3-45BE-BCEA-45AB65727F77,1,1.0,0.0,Free,"[{'ID': 142467, 'ConnectionTypeID': 25, 'StatusTypeID': 0, 'LevelID': 2, 'Quantity': 2}]",2.0,50,2018-03-12T09:02:00Z,1,2018-03-10T13:21:00Z,200,101232,Race Planet,Herwijk 10,Amsterdam,,1046,159,52.3962498,4.7896188,,http://raceplanet.nl,0,,,,By the main entrance,,,,142467.0,25.0,0.0,2.0,,,2.0,,,,
509,False,2018-10-03T16:03:00Z,100803,45A8CD05-AC3D-41D6-8584-56720A1BDABB,1,23.0,4.0,,"[{'ID': 142383, 'ConnectionTypeID': 30, 'StatusTypeID': 50, 'LevelID': 2, 'Amps': 16, 'Voltage': 400, 'PowerKW': 11, 'CurrentTypeID': 20, 'Quantity': 1}]",1.0,50,2018-10-03T16:03:00Z,1,2018-03-10T06:51:00Z,200,101149,Pannenkoekenrestaurant den Tol - Velp,Bosschebaan 8,Velp,,5363SX,159,51.74507,5.716071,+31 486 472 114,,0,,,,,"1 Tesla Connector, up to 11kW.Available for customers. Please see front desk.",41301,,142383.0,30.0,50.0,2.0,11.0,20.0,1.0,,16.0,400.0,
510,False,2018-10-03T22:24:00Z,100774,4958C78F-860A-49CE-863C-563F7F8A8E28,1,23.0,4.0,,"[{'ID': 142354, 'ConnectionTypeID': 30, 'StatusTypeID': 50, 'LevelID': 2, 'Amps': 32, 'Voltage': 230, 'PowerKW': 17, 'CurrentTypeID': 20, 'Quantity': 1}]",1.0,50,2018-10-03T22:24:00Z,1,2018-03-10T06:47:00Z,200,101120,Skidiscovery den Haag,Waterpas 99,Den Haag,,2495AV,159,52.059399,4.362439,+31 703991014,,0,,,,,"1 Tesla Connector, up to 17kW.Available for customers. Please call ahead.",41272,,142354.0,30.0,50.0,2.0,17.0,20.0,1.0,,32.0,230.0,
511,False,2022-08-25T14:53:00Z,100619,02652ED0-29F3-47BC-8CB2-679F0F96BD45,1,74.0,5.0,,"[{'ID': 142123, 'ConnectionTypeID': 33, 'StatusTypeID': 50, 'LevelID': 3, 'PowerKW': 175, 'CurrentTypeID': 30, 'Quantity': 6}, {'ID': 142124, 'ConnectionTypeID': 2, 'StatusTypeID': 50, 'LevelID': 3, 'PowerKW': 50, 'CurrentTypeID': 30, 'Quantity': 2, 'Comments': 'Available on a station that also has CCS and AC.'}, {'ID': 142125, 'ConnectionTypeID': 33, 'StatusTypeID': 50, 'LevelID': 3, 'PowerKW': 50, 'CurrentTypeID': 30, 'Quantity': 2, 'Comments': 'Available on a station that also has CHAdeMO and AC.'}, {'ID': 335665, 'ConnectionTypeID': 1036, 'StatusTypeID': 50, 'LevelID': 2, 'PowerKW': 38, 'CurrentTypeID': 20, 'Quantity': 2, 'Comments': 'Available on a station also has CCS and CHAdeMO.'}]",6.0,50,2022-08-25T14:53:00Z,1,2018-03-02T03:00:00Z,200,100965,Fastned - De Watering,A8,zaandam,,,159,52.4422712592311,4.855034351348877,,,0,,,,,Multiple stations. Most have single CCS connections. Two stations have CCS/CHAdeMO/3-phase AC. Unclear if those stations can handle multiple cars simultaneously.,,,142123.0,33.0,50.0,3.0,175.0,30.0,6.0,,,,
512,False,2018-02-25T22:30:00Z,100426,6637B75B-F764-4981-ACF1-D30BE3C2FEB0,1,1.0,5.0,Free,"[{'ID': 141849, 'ConnectionTypeID': 25, 'StatusTypeID': 50, 'LevelID': 2, 'Amps': 32, 'Voltage': 400, 'PowerKW': 22, 'CurrentTypeID': 20, 'Quantity': 2}]",2.0,50,2018-02-25T22:30:00Z,1,2018-02-24T10:24:00Z,200,100772,ColoCenter,Heliumsstraat 200,Zoetermeer,,2718RS,159,52.0333797904231,4.497190117836,,http://www.colocenter.nl,0,,,info@colocenter.nl,,,,,141849.0,25.0,50.0,2.0,22.0,20.0,2.0,,32.0,400.0,
513,False,2018-10-03T23:36:00Z,100356,9EE15F3B-607D-4A85-A5E6-12B6B65061C3,1,23.0,4.0,,"[{'ID': 141775, 'ConnectionTypeID': 30, 'StatusTypeID': 50, 'LevelID': 2, 'Amps': 16, 'Voltage': 400, 'PowerKW': 11, 'CurrentTypeID': 20, 'Quantity': 2}]",2.0,50,2018-10-03T23:36:00Z,1,2018-02-23T06:50:00Z,200,100702,Hotel Restaurant de Nachtegaal,Heereweg 10,Lisse,,2161 AG,159,52.271875,4.564281,+31 252 433030,,0,,,,,"2 Tesla Connectors, up to 11kW.Available for customers. Please see front desk.",40897,,141775.0,30.0,50.0,2.0,11.0,20.0,2.0,,16.0,400.0,
514,False,2018-10-03T16:26:00Z,99682,83B87249-4A73-4678-AD77-9B7BAD6F38CB,1,23.0,4.0,,"[{'ID': 140827, 'ConnectionTypeID': 30, 'StatusTypeID': 50, 'LevelID': 2, 'Amps': 32, 'Voltage': 400, 'PowerKW': 22, 'CurrentTypeID': 20, 'Quantity': 2}]",2.0,50,2018-10-03T16:26:00Z,1,2018-02-01T07:10:00Z,200,100028,De Woeste Wieven - Boutique & Conference Hotel,Deldensestraat 11,Diepenheim,,7478pg,159,52.175972,6.614891,+31 620848424,,0,,,,,"2 Tesla Connectors, up to 22kW.Available for customers. Please call ahead.",40198,,140827.0,30.0,50.0,2.0,22.0,20.0,2.0,,32.0,400.0,
515,False,2018-10-03T23:42:00Z,99635,FD49EB55-8E89-463F-BF69-8E69AB2F49CF,1,23.0,4.0,,"[{'ID': 140780, 'ConnectionTypeID': 30, 'StatusTypeID': 50, 'LevelID': 2, 'Amps': 32, 'Voltage': 230, 'PowerKW': 14, 'CurrentTypeID': 20, 'Quantity': 1}]",1.0,50,2018-10-03T23:42:00Z,1,2018-02-01T07:03:00Z,200,99981,Conservatorium Hotel,Paulus Potterstraat 50,Amsterdam,,1071 DB,159,52.35883,4.878628,+31 205700000,,0,,,,,"1 Tesla Connector, up to 14kW.Available for customers. Please see valet.",40199,,140780.0,30.0,50.0,2.0,14.0,20.0,1.0,,32.0,230.0,
516,False,2018-01-24T09:41:00Z,98125,403B4F88-7496-4909-BEAA-2F611CF11E0E,1,73.0,1.0,,"[{'ID': 139034, 'ConnectionTypeID': 25, 'StatusTypeID': 50, 'LevelID': 2, 'PowerKW': 22, 'CurrentTypeID': 20, 'Quantity': 6}]",6.0,50,2018-01-24T09:41:00Z,1,2018-01-21T19:36:00Z,200,98471,Parkeergarage Raadhuisplein,De Marke 1,Drachten,Friesland,9203DV,159,53.1054347,6.10054679999996,0031610990023,http://www.ev-box.com,0,9203DV,,,"Parkeergarage Raadhuisplein

Openingstijden:
op werkdagen: van 6.30 tot 22.00 uur
op zaterdag: van 7.00 uur tot 22.00 uur
op zondag: gesloten
op feestdagen: open als winkels in het centrum zijn geopend tussen 7.00 en 22.00 uur (bv Tweede Paasdag, Tweede Pinksterdag, Tweede Kerstdag)

Uitrijden 24 uur per dag
Per uur € 1,25
Per dag € 2,50
Het te betalen bedrag wordt afgerond op 10 cent.
Het minimumbedrag is € 0,20 (is 11 minuten).
Maandabonnement € 63,16

Verloren kaart €10,00
Telefoonnummer parkeergarage 06-10990023

In de  parkeergarages zijn de algemene voorwaarden van toepassing. Deze zijn op te vragen bij de beheerder. ",,,,139034.0,25.0,50.0,2.0,22.0,20.0,6.0,,,,
517,False,2018-10-03T16:07:00Z,98098,CBB48796-889D-4419-B030-2A95A1F84E5F,1,23.0,4.0,,"[{'ID': 139007, 'ConnectionTypeID': 30, 'StatusTypeID': 50, 'LevelID': 2, 'Amps': 32, 'Voltage': 400, 'PowerKW': 22, 'CurrentTypeID': 20, 'Quantity': 1}]",1.0,50,2018-10-03T16:07:00Z,1,2018-01-21T17:49:00Z,200,98444,Chateau de Holtmuehle,Kasteellaan 10,Tegelen,,5932 AG,159,51.331131,6.136385,+31 773738800,,0,,,,,"1 Tesla Connector, up to 22kW.Available for customers. Please see front desk.",38619,,139007.0,30.0,50.0,2.0,22.0,20.0,1.0,,32.0,400.0,
518,False,2018-10-03T23:50:00Z,98029,4442623C-ECB3-44DD-9261-9F54D5F71FD1,1,23.0,4.0,,"[{'ID': 138937, 'ConnectionTypeID': 30, 'StatusTypeID': 50, 'LevelID': 2, 'Amps': 16, 'Voltage': 400, 'PowerKW': 11, 'CurrentTypeID': 20, 'Quantity': 2}]",2.0,50,2018-10-03T23:50:00Z,1,2018-01-21T17:36:00Z,200,98375,Saillant Kasteel Doenrade,Limpensweg 20,Doenrade,,6439BE,159,50.961264,5.908891,+31 46 4424141,,0,,,,,"2 Tesla Connectors, up to 11kW.Available for customers. Self park.",38161,,138937.0,30.0,50.0,2.0,11.0,20.0,2.0,,16.0,400.0,
519,False,2018-10-03T23:33:00Z,97928,8D970114-3948-4784-8425-2909666F2684,1,23.0,4.0,,"[{'ID': 138836, 'ConnectionTypeID': 30, 'StatusTypeID': 50, 'LevelID': 2, 'Amps': 32, 'Voltage': 230, 'PowerKW': 17, 'CurrentTypeID': 20, 'Quantity': 1}]",1.0,50,2018-10-03T23:33:00Z,1,2018-01-21T17:01:00Z,200,98274,Villa Magnolia,Oude Domburgseweg 20,Oostkapelle,,4356 CC,159,51.568291,3.539339,+31 118 581 980,,0,,,,,"1 Tesla Connector, up to 17kW.Available for customers. Self park.",38639,,138836.0,30.0,50.0,2.0,17.0,20.0,1.0,,32.0,230.0,
520,False,2018-10-03T16:04:00Z,97668,84E48479-2FE2-49B3-BDCA-49BC084717DD,1,23.0,4.0,,"[{'ID': 138576, 'ConnectionTypeID': 30, 'StatusTypeID': 50, 'LevelID': 2, 'Amps': 32, 'Voltage': 400, 'PowerKW': 22, 'CurrentTypeID': 20, 'Quantity': 2}]",2.0,50,2018-10-03T16:04:00Z,1,2018-01-21T16:21:00Z,200,98014,Dutch Design Hotel Artemis Amsterdam,John M. Keynesplein 2,Amsterdam,,1066 EP,159,52.341746,4.824712,+31 207141000,,0,,,,,"2 Tesla Connectors, up to 22kW.Available to the public. Self park.",38646,,138576.0,30.0,50.0,2.0,22.0,20.0,2.0,,32.0,400.0,
521,False,2019-03-22T20:56:00Z,97566,2F076D3F-E26B-4750-9ADE-9369E64ED83D,1,23.0,4.0,€0.25/kWh; andere tarieven voor oudere auto's,"[{'ID': 138473, 'ConnectionTypeID': 27, 'StatusTypeID': 50, 'LevelID': 3, 'PowerKW': 120, 'CurrentTypeID': 30, 'Quantity': 12}]",12.0,50,2019-03-22T20:56:00Z,1,2018-01-21T15:46:00Z,200,97912,Horst Supercharger,2 Tienrayseweg,Horst,,5961,159,51.470106,6.05724,,,0,,,,,"Charging12 Superchargers, available 24/7, up to 120kW",28793,,138473.0,27.0,50.0,3.0,120.0,30.0,12.0,,,,
522,False,2018-10-03T23:52:00Z,97447,D517C482-FA63-44E8-8D1F-2DCB239DAA2A,1,23.0,4.0,,"[{'ID': 138354, 'ConnectionTypeID': 30, 'StatusTypeID': 50, 'LevelID': 2, 'Amps': 32, 'Voltage': 230, 'PowerKW': 17, 'CurrentTypeID': 20, 'Quantity': 1}]",1.0,50,2018-10-03T23:52:00Z,1,2018-01-21T15:27:00Z,200,97793,Logis Hotel Restaurant Faber,Meint Veningastraat 123,Hoogezand,,9601 KE,159,53.163936,6.755294,+31 598393336,,0,,,,,"1 Tesla Connector, up to 17kW.Available for customers. Please see front desk.",38163,,138354.0,30.0,50.0,2.0,17.0,20.0,1.0,,32.0,230.0,
523,False,2019-03-23T07:47:00Z,97435,23E86A9E-15E4-453B-B1C2-0768C40D4081,1,23.0,4.0,€0.25/kWh; andere tarieven voor oudere auto's,"[{'ID': 138342, 'ConnectionTypeID': 27, 'StatusTypeID': 50, 'LevelID': 3, 'PowerKW': 120, 'CurrentTypeID': 30, 'Quantity': 10}]",10.0,50,2019-03-23T07:47:00Z,1,2018-01-21T15:25:00Z,200,97781,Emmeloord Supercharger,9 Het Hooiveld,Emmeloord,,,159,52.727405,5.764609,,,0,,,,,"Charging10 Superchargers, available 24/7, up to 120kW",39267,,138342.0,27.0,50.0,3.0,120.0,30.0,10.0,,,,
524,False,2018-10-03T15:44:00Z,97402,EB1CC793-DFBC-4645-A9E8-30F2D63083F1,1,23.0,4.0,,"[{'ID': 138309, 'ConnectionTypeID': 30, 'StatusTypeID': 50, 'LevelID': 2, 'Amps': 16, 'Voltage': 400, 'PowerKW': 11, 'CurrentTypeID': 20, 'Quantity': 1}]",1.0,50,2018-10-03T15:44:00Z,1,2018-01-21T15:20:00Z,200,97748,Logis Strandhotel Camperduin,Heereweg 395,Schoorl,,1871 GL,159,52.726387,4.644627,+31 72 509 1436,,0,,,,,"1 Tesla Connector, up to 11kW.Available for customers. Self park.",38835,,138309.0,30.0,50.0,2.0,11.0,20.0,1.0,,16.0,400.0,
525,False,2017-11-30T08:15:00Z,95902,A7859FB1-7BBD-4DDA-904B-572E6B10C1A7,1,45.0,7.0,unknown,"[{'ID': 135854, 'ConnectionTypeID': 25, 'StatusTypeID': 0, 'LevelID': 2, 'Amps': 32, 'Voltage': 240, 'PowerKW': 22, 'CurrentTypeID': 20, 'Quantity': 1}]",1.0,50,2017-11-30T08:15:00Z,1,2017-11-29T11:25:00Z,200,96248,Renault Oving,Nagelerweg 6,Emmeloord,Flevoland,,159,52.70343518821619,5.755553459802281,,http://www.oving.nl,0,,,,,,,,135854.0,25.0,0.0,2.0,22.0,20.0,1.0,,32.0,240.0,
526,False,2017-11-28T11:10:00Z,95870,FEFA2DFD-4BBA-4100-B01A-D87AD7F154A0,1,103.0,1.0,,"[{'ID': 135804, 'ConnectionTypeID': 25, 'StatusTypeID': 50, 'LevelID': 2, 'PowerKW': 11, 'Quantity': 2}]",2.0,50,2017-11-28T11:10:00Z,1,2017-11-28T09:06:00Z,200,96216,Paladijnenweg 2,Paladijnenweg 2,Amersfoort,,3813DJ,159,52.167459,5.37940070000002,,,0,,,,,,,,135804.0,25.0,50.0,2.0,11.0,,2.0,,,,
527,False,2017-11-28T11:10:00Z,95869,2D9E97E8-3647-4404-8802-D731C9FC5ECF,1,103.0,1.0,,"[{'ID': 135803, 'ConnectionTypeID': 25, 'StatusTypeID': 50, 'LevelID': 2, 'PowerKW': 11, 'Quantity': 2}]",2.0,50,2017-11-28T11:10:00Z,1,2017-11-28T08:29:00Z,200,96215,Paladijnenweg 51,Paladijnenweg 51,Amersfoort,,3813DB,159,52.1685049353294,5.38477867841721,,,0,,,,,,,,135803.0,25.0,50.0,2.0,11.0,,2.0,,,,
528,False,2018-10-03T15:57:00Z,95477,DF3F583E-933C-4DE9-952B-2083952E2FCF,1,23.0,4.0,,"[{'ID': 135260, 'ConnectionTypeID': 30, 'StatusTypeID': 50, 'LevelID': 2, 'Amps': 32, 'Voltage': 230, 'PowerKW': 7, 'CurrentTypeID': 10, 'Quantity': 1}]",1.0,50,2018-10-03T15:57:00Z,1,2017-11-12T06:49:00Z,200,95823,Hotel Restaurant Zalen Hoogeerd,Maasbandijk 10,Niftrik/Wijchen,,6606 KB,159,51.798564,5.688385,+31 246414032,,0,,,,,"1 Tesla Connector, up to 7kW.Available for customers. Self park.",37743,,135260.0,30.0,50.0,2.0,7.0,10.0,1.0,,32.0,230.0,
529,False,2018-10-04T00:03:00Z,95267,61443751-2B5E-457B-945A-4D94216E3D88,1,23.0,4.0,,"[{'ID': 134935, 'ConnectionTypeID': 30, 'StatusTypeID': 50, 'LevelID': 2, 'Amps': 16, 'Voltage': 400, 'PowerKW': 11, 'CurrentTypeID': 20, 'Quantity': 1}]",1.0,50,2018-10-04T00:03:00Z,1,2017-11-05T07:05:00Z,200,95613,Landal Amerongse Berg,Dwarsweg 73a,Overberg,,3959 AE,159,52.031574,5.518599,+31 318 509 070,,0,,,,,"1 Tesla Connector, up to 11kW.Available for customers. Self park.",37227,,134935.0,30.0,50.0,2.0,11.0,20.0,1.0,,16.0,400.0,
530,False,2018-10-04T06:18:00Z,95196,B6D8FCBB-FA0C-4D88-9F79-ED7B05960F9F,1,23.0,4.0,,"[{'ID': 134864, 'ConnectionTypeID': 30, 'StatusTypeID': 50, 'LevelID': 2, 'Amps': 32, 'Voltage': 230, 'PowerKW': 14, 'CurrentTypeID': 20, 'Quantity': 2}]",2.0,50,2018-10-04T06:18:00Z,1,2017-11-05T06:54:00Z,200,95542,Landgoed de Wilmersberg,Rhododendronlaan 7,De Lutte,,7587 NL,159,52.309942,6.959972,+31 541585555,,0,,,,,"2 Tesla Connectors, up to 14kW.Available for customers. Self park.",37208,,134864.0,30.0,50.0,2.0,14.0,20.0,2.0,,32.0,230.0,
531,False,2018-10-03T14:04:00Z,95189,77962BD5-9910-40CC-9F29-0884D19970FE,1,23.0,4.0,,"[{'ID': 134857, 'ConnectionTypeID': 30, 'StatusTypeID': 50, 'LevelID': 2, 'Amps': 16, 'Voltage': 400, 'PowerKW': 11, 'CurrentTypeID': 20, 'Quantity': 1}]",1.0,50,2018-10-03T14:04:00Z,1,2017-11-05T06:53:00Z,200,95535,Logis Hotel Restaurant Zeezicht,Zuiderhaven 1,Harlingen,,8861CJ,159,53.175467,5.413871,+31 517 412 536,,0,,,,,"1 Tesla Connector, up to 11kW.Available for customers. Self park.",37222,,134857.0,30.0,50.0,2.0,11.0,20.0,1.0,,16.0,400.0,
532,False,2018-10-11T15:48:00Z,95177,81B4B633-B2BB-49A8-9969-A5E95DB3BB69,1,23.0,4.0,,"[{'ID': 134845, 'ConnectionTypeID': 30, 'StatusTypeID': 50, 'LevelID': 2, 'Amps': 16, 'Voltage': 400, 'PowerKW': 22, 'CurrentTypeID': 20, 'Quantity': 2}]",2.0,50,2018-10-11T15:48:00Z,1,2017-11-05T06:52:00Z,200,95523,Van der Valk Hotel Cuijk - Nijmegen,Raamweg 10,Cuijk,,5431 NH,159,51.735582,5.847405,+31 485335123,,0,,,,,"2 Tesla Connectors, up to 11kW.Available to the public. Self park.",37220,,134845.0,30.0,50.0,2.0,22.0,20.0,2.0,,16.0,400.0,
533,False,2018-08-31T23:03:00Z,95000,B3850E8A-AB11-4F84-B552-81C578FBE7FE,1,103.0,1.0,"€ 0,34 kWh","[{'ID': 135468, 'ConnectionTypeID': 25, 'StatusTypeID': 150, 'LevelID': 2, 'Amps': 16, 'Voltage': 400, 'PowerKW': 11, 'CurrentTypeID': 20, 'Quantity': 2}]",2.0,50,2018-08-31T23:03:00Z,1,2017-10-30T11:24:00Z,200,95346,Shopping Centre De Drait ,Eeems,Drachten ,FRL,,159,53.0995767995957,6.07442128656658,,,0,,,,,,,,135468.0,25.0,150.0,2.0,11.0,20.0,2.0,,16.0,400.0,
534,False,2017-10-24T19:04:00Z,94744,F31C4F29-D652-41EE-9DF4-0DF39051B184,1,49.0,1.0,8EUR per 6 hours,"[{'ID': 133919, 'ConnectionTypeID': 25, 'StatusTypeID': 50, 'LevelID': 2, 'Amps': 32, 'Voltage': 230, 'PowerKW': 7.4, 'CurrentTypeID': 10, 'Quantity': 4}]",4.0,50,2017-10-24T19:04:00Z,1,2017-10-24T08:15:00Z,200,95090,Hyatt Place Amsterdam Airport,Rijnlanderweg 800,Hoofddorp,Noord Holand,1056PP,159,52.2934458880429,4.71207525901264,+31205421234,http://www.amsterdamairport.place.hyatt.com,0,,,amsterdamairport.place@hyatt.com,EV charging point accessible through hotel's parking lot,EV charging point e-card can be collected at hotel's lobby,,,133919.0,25.0,50.0,2.0,7.4,10.0,4.0,,32.0,230.0,
535,False,2018-10-04T06:15:00Z,94540,03712882-0F63-462F-84F4-46BF1BD5E373,1,23.0,6.0,,"[{'ID': 133679, 'ConnectionTypeID': 30, 'StatusTypeID': 50, 'LevelID': 2, 'Amps': 32, 'Voltage': 230, 'PowerKW': 7, 'CurrentTypeID': 10, 'Quantity': 2}]",2.0,50,2018-10-04T06:15:00Z,1,2017-10-20T05:37:00Z,200,94886,Conferentiecentrum Samaya,Hollendewagenweg 20,Werkhoven,,3985SG,159,52.003186,5.255735,+31 343552332,,0,,,,,"2 Tesla Connectors, up to 7kW.Available for patrons only. Please see front desk.",36729,,133679.0,30.0,50.0,2.0,7.0,10.0,2.0,,32.0,230.0,
536,False,2017-10-17T11:57:00Z,94108,07590A8E-D7A5-4822-9394-B9006AACD9F7,1,179.0,1.0,30ct / kwH,"[{'ID': 133193, 'ConnectionTypeID': 25, 'StatusTypeID': 50, 'LevelID': 2, 'Amps': 16, 'Voltage': 400, 'PowerKW': 11, 'CurrentTypeID': 20, 'Quantity': 1}]",1.0,50,2017-10-17T11:57:00Z,1,2017-10-17T11:42:00Z,200,94454,Camping Linda,Oostelijke Kanaalweg 4,Wemeldinge,Zeeland,4424 NC,159,51.5160306,4.00781740000002,0031(0)411745020,http://www.ecotap.nl,0,,,,,,,,133193.0,25.0,50.0,2.0,11.0,20.0,1.0,,16.0,400.0,
537,False,2017-10-17T11:48:00Z,94107,9C38A92C-6736-441F-8CF8-856486C44625,1,179.0,4.0,"€0,30/kWh","[{'ID': 133192, 'ConnectionTypeID': 25, 'StatusTypeID': 50, 'LevelID': 2, 'Amps': 16, 'Voltage': 400, 'PowerKW': 11, 'CurrentTypeID': 20, 'Quantity': 1}]",1.0,50,2017-10-17T11:48:00Z,1,2017-10-17T11:36:00Z,200,94453,Gasterij Schoudee,Schoudeeweg 1,Wemeldinge,Zeeland,4424 NB ,159,51.516529,4.01120270000001,0031(0)411745020,http://www.ecotap.nl,0,,,,,,,,133192.0,25.0,50.0,2.0,11.0,20.0,1.0,,16.0,400.0,
538,False,2018-10-03T23:53:00Z,94031,A4AA2C0A-C6E9-4D11-AA13-CFF23C0416AA,1,23.0,6.0,,"[{'ID': 133085, 'ConnectionTypeID': 30, 'StatusTypeID': 50, 'LevelID': 2, 'Amps': 16, 'Voltage': 400, 'PowerKW': 11, 'CurrentTypeID': 20, 'Quantity': 2}]",2.0,50,2018-10-03T23:53:00Z,1,2017-10-14T05:40:00Z,200,94377,Hotel Wapen Van Delden,Langestraat 242,Delden,,7491 AN,159,52.259617,6.682393,+31 743761355,,0,,,,,"2 Tesla Connectors, up to 11kW.Available for patrons only. Please see front desk.",36292,,133085.0,30.0,50.0,2.0,11.0,20.0,2.0,,16.0,400.0,
539,False,2018-10-03T22:11:00Z,94007,14625FF7-A006-4B98-96AF-0240CDD625BD,1,23.0,4.0,,"[{'ID': 133061, 'ConnectionTypeID': 30, 'StatusTypeID': 50, 'LevelID': 2, 'Amps': 32, 'Voltage': 400, 'PowerKW': 22, 'CurrentTypeID': 20, 'Quantity': 1}]",1.0,50,2018-10-03T22:11:00Z,1,2017-10-14T05:36:00Z,200,94353,Radisson Blu Palace Hotel,Pickeplein 8,Noordwijk,,2202CL,159,52.241952,4.431662,+31 71 365 30 00,,0,,,,,"1 Tesla Connector, up to 22kW.Available for customers. Self park.",36282,,133061.0,30.0,50.0,2.0,22.0,20.0,1.0,,32.0,400.0,
540,False,2018-10-04T00:00:00Z,93988,F8EEAF26-DE32-4AFB-AD1D-D767A1FB8560,1,23.0,6.0,,"[{'ID': 133042, 'ConnectionTypeID': 30, 'StatusTypeID': 50, 'LevelID': 2, 'Amps': 32, 'Voltage': 230, 'PowerKW': 14, 'CurrentTypeID': 20, 'Quantity': 2}]",2.0,50,2018-10-04T00:00:00Z,1,2017-10-14T05:33:00Z,200,94334,Amadore Hotel Restaurant de Kamperduinen,Patrijzenlaan 1,Kamperland,,4493RA,159,51.590083,3.664783,+31 113 37 00 00,,0,,,,,"2 Tesla Connectors, up to 14kW.Available for patrons only. Please see front desk.",36293,,133042.0,30.0,50.0,2.0,14.0,20.0,2.0,,32.0,230.0,
541,False,2018-10-03T23:48:00Z,93977,DDC1BAC9-5927-413B-AD67-65E08E9FC3E6,1,23.0,4.0,,"[{'ID': 133031, 'ConnectionTypeID': 30, 'StatusTypeID': 50, 'LevelID': 2, 'Amps': 16, 'Voltage': 400, 'PowerKW': 11, 'CurrentTypeID': 20, 'Quantity': 2}]",2.0,50,2018-10-03T23:48:00Z,1,2017-10-14T05:32:00Z,200,94323,Ushiem,Tsjerkewei 2,Oudega,,8614JD,159,52.989056,5.543616,+31 515 745023,,0,,,,,"2 Tesla Connectors, up to 11kW.Available to the public. Self park.",36274,,133031.0,30.0,50.0,2.0,11.0,20.0,2.0,,16.0,400.0,
542,False,2017-10-11T20:08:00Z,93895,4DDBC216-C377-4D72-88B4-BBF692868D1B,1,45.0,7.0,,"[{'ID': 132918, 'ConnectionTypeID': 28, 'StatusTypeID': 50, 'LevelID': 2, 'Amps': 16, 'Voltage': 230, 'PowerKW': 3, 'CurrentTypeID': 10, 'Quantity': 5}]",5.0,50,2017-10-11T20:08:00Z,1,2017-10-11T20:06:00Z,200,94241,Restaurant De Kromme Watergang,Slijkplat 6,Hoofdplaat,,,159,51.3773242,3.6029031000000487,,,0,,,,5x 230V / 16A laadplekken links en rechts van de hoofdingang. Uiteraard bedoeld voor gasten van de Kromme Watergang.,,,,132918.0,28.0,50.0,2.0,3.0,10.0,5.0,,16.0,230.0,
543,False,2017-10-09T09:03:00Z,93749,B1B0E79C-7C06-42FF-B3D8-04B551BDB8A6,1,179.0,4.0,Free,"[{'ID': 132787, 'ConnectionTypeID': 2, 'StatusTypeID': 50, 'LevelID': 3, 'Amps': 125, 'Voltage': 500, 'PowerKW': 50, 'CurrentTypeID': 30, 'Quantity': 1}, {'ID': 132788, 'ConnectionTypeID': 33, 'StatusTypeID': 50, 'LevelID': 3, 'Amps': 125, 'Voltage': 500, 'PowerKW': 50, 'CurrentTypeID': 30, 'Quantity': 1}, {'ID': 132789, 'ConnectionTypeID': 25, 'StatusTypeID': 50, 'LevelID': 2, 'Amps': 32, 'Voltage': 400, 'PowerKW': 22, 'CurrentTypeID': 20, 'Quantity': 2}]",1.0,50,2017-10-09T09:03:00Z,1,2017-10-07T05:51:00Z,200,94095,Ecotap,Boyleweg 6,Spijkenisse,,3208LD,159,51.8561502,4.2972181,,,0,,,,,,,,132787.0,2.0,50.0,3.0,50.0,30.0,1.0,,125.0,500.0,
544,False,2017-09-19T09:26:00Z,93095,0ED18885-D70E-43A6-9E61-5F3C12A0F0F2,1,103.0,4.0,Free,"[{'ID': 131872, 'ConnectionTypeID': 25, 'StatusTypeID': 50, 'LevelID': 2, 'Amps': 16, 'Voltage': 400, 'PowerKW': 11, 'CurrentTypeID': 20, 'Quantity': 1}]",1.0,50,2017-09-19T09:26:00Z,1,2017-09-18T15:30:00Z,200,93441,Kalverdans 17,Kalverdans 17,Boskoop,,2771 RR,159,52.07405853,4.63905478,,,0,,,,,,"NLALLEGO0007701,NLALLEGO0007702",,131872.0,25.0,50.0,2.0,11.0,20.0,1.0,,16.0,400.0,
545,False,2017-09-19T09:27:00Z,93094,D2FFCCE1-96ED-4626-8BED-48E2168FF7E2,1,103.0,4.0,Free,"[{'ID': 131871, 'ConnectionTypeID': 25, 'StatusTypeID': 50, 'LevelID': 2, 'Amps': 16, 'Voltage': 400, 'PowerKW': 11, 'CurrentTypeID': 20, 'Quantity': 1}]",1.0,50,2017-09-19T09:27:00Z,1,2017-09-18T15:30:00Z,200,93440,Parklaan 1 B,Parklaan 1 B,Boskoop,,2771 GB,159,52.07606506,4.64681053,,,0,,,,,,"NLALLEGO0003641,NLALLEGO0003642",,131871.0,25.0,50.0,2.0,11.0,20.0,1.0,,16.0,400.0,
546,False,2017-09-19T09:25:00Z,93092,95726894-E31A-4CD0-91AF-4D3237856379,1,103.0,4.0,Free,"[{'ID': 131869, 'ConnectionTypeID': 25, 'StatusTypeID': 50, 'LevelID': 2, 'Amps': 16, 'Voltage': 400, 'PowerKW': 11, 'CurrentTypeID': 20, 'Quantity': 2}]",2.0,50,2017-09-19T09:25:00Z,1,2017-09-18T14:19:00Z,200,93438,Raadhuisplein 1,Raadhuisplein 1,Boskoop,South Holland,2771 EK,159,52.0751915,4.65680504,,,0,,,,,,NLALLEGO0018312,,131869.0,25.0,50.0,2.0,11.0,20.0,2.0,,16.0,400.0,
547,False,2018-10-03T22:38:00Z,93001,6833F8DE-CAD2-4F75-90EB-8787ACFDF889,1,23.0,4.0,,"[{'ID': 131735, 'ConnectionTypeID': 30, 'StatusTypeID': 50, 'LevelID': 2, 'Amps': 16, 'Voltage': 400, 'PowerKW': 11, 'CurrentTypeID': 20, 'Quantity': 2}]",2.0,50,2018-10-03T22:38:00Z,1,2017-09-15T05:35:00Z,200,93347,Bierbrouwerij de Koningshoeven - Proeflokaal,Bierbrouwerij de Koningshoeven,,,5056 RP,159,51.542956,5.129958,+31 13 572 26 50,,0,,,,,"2 Tesla Connectors, up to 11kW.Available for customers. Please call ahead.",34939,,131735.0,30.0,50.0,2.0,11.0,20.0,2.0,,16.0,400.0,
548,False,2018-10-03T23:57:00Z,92984,1CA601CD-B81E-4952-B862-9C3DD77178ED,1,23.0,6.0,,"[{'ID': 131718, 'ConnectionTypeID': 30, 'StatusTypeID': 50, 'LevelID': 2, 'Amps': 32, 'Voltage': 230, 'PowerKW': 17, 'CurrentTypeID': 20, 'Quantity': 1}]",1.0,50,2018-10-03T23:57:00Z,1,2017-09-15T05:31:00Z,200,93330,Olympia Charters Sloepenverhuur,Olympia Charters Sloepenverhuur,,,2361 KZ,159,52.189745,4.503932,+31 71 30 10 043,,0,,,,,"1 Tesla Connector, up to 17kW.Available for patrons only. Please see front desk.",34922,,131718.0,30.0,50.0,2.0,17.0,20.0,1.0,,32.0,230.0,
549,False,2018-10-03T23:38:00Z,92556,F9803737-1EAE-4F70-B65E-DA0FED9F8F14,1,23.0,7.0,,"[{'ID': 131157, 'ConnectionTypeID': 30, 'StatusTypeID': 50, 'LevelID': 2, 'Amps': 32, 'Voltage': 400, 'PowerKW': 22, 'CurrentTypeID': 20, 'Quantity': 1}]",1.0,50,2018-10-03T23:38:00Z,1,2017-09-07T06:01:00Z,200,92902,Ramada the Hague - Scheveningen,Zwolsestraat 17,Den Haag,,2587 TX,159,52.113888,4.285957,+31 70 30 65 500,,0,,,,,"1 Tesla Connector, up to 22kW.Available by reservation only. Please call ahead.",33681,,131157.0,30.0,50.0,2.0,22.0,20.0,1.0,,32.0,400.0,
550,False,2019-06-05T11:40:00Z,92511,3A8003D2-ECBB-463F-ACFB-AB28ABA46C1D,1,23.0,6.0,,"[{'ID': 131112, 'ConnectionTypeID': 30, 'StatusTypeID': 50, 'LevelID': 2, 'Amps': 16, 'Voltage': 400, 'PowerKW': 11, 'CurrentTypeID': 20, 'Quantity': 1}]",1.0,50,2019-06-05T11:40:00Z,1,2017-09-07T05:54:00Z,200,92857,Hotel/Restaurant Duinoord,Breezand 65,Vrouwenpolder,,4354 NL,159,51.586036,3.621077,+31 118 591 346,,0,,,,,"1 Tesla Connector, up to 11kW.Available for patrons only. Please see front desk.",33675,,131112.0,30.0,50.0,2.0,11.0,20.0,1.0,,16.0,400.0,
551,False,2018-10-03T22:25:00Z,92451,C282046B-7759-4FCF-A780-96C5923EDFA8,1,23.0,6.0,,"[{'ID': 131052, 'ConnectionTypeID': 30, 'StatusTypeID': 50, 'LevelID': 2, 'Amps': 32, 'Voltage': 230, 'PowerKW': 14, 'CurrentTypeID': 20, 'Quantity': 2}]",2.0,50,2018-10-03T22:25:00Z,1,2017-09-07T05:43:00Z,200,92797,Amadore Hotel Restaurant Arion,Boulevard Bankert 266,Vlissingen,,4382 AC,159,51.446344,3.564244,+31 11 84 10 502,,0,,,,,"2 Tesla Connectors, up to 14kW.Available for patrons only. Please see front desk.",33692,,131052.0,30.0,50.0,2.0,14.0,20.0,2.0,,32.0,230.0,
552,False,2017-09-03T15:16:00Z,92383,42D0236E-C5F2-4483-9DD4-C7D0C3F9391F,1,1.0,4.0,"€0,28 - €0,30 per kW/h","[{'ID': 130952, 'ConnectionTypeID': 25, 'StatusTypeID': 50, 'LevelID': 2, 'PowerKW': 11, 'CurrentTypeID': 10, 'Quantity': 2}]",1.0,50,2017-09-03T15:16:00Z,1,2017-09-03T10:41:00Z,200,92729,"Max Planckstraat - Sterrenschool ""Het Universum""",Max Planckstraat 23,Almere,Flevoland,1341 DA,159,52.3590251572708,5.28448820114136,+31304100887,http://www.pitpoint.nl/ev-mra,0,,,,Parking lot next to school,,,,130952.0,25.0,50.0,2.0,11.0,10.0,2.0,,,,
553,False,2018-10-03T23:49:00Z,91781,5FE5B821-28D4-4C69-B8CB-79E9BAB75771,1,23.0,4.0,,"[{'ID': 130130, 'ConnectionTypeID': 30, 'StatusTypeID': 50, 'LevelID': 2, 'Amps': 32, 'Voltage': 400, 'PowerKW': 22, 'CurrentTypeID': 20, 'Quantity': 13}]",13.0,50,2018-10-03T23:49:00Z,1,2017-08-18T07:35:00Z,200,92127,Designer Outlet Roermond,Stadsweide 2,Roermond,,6041 TD,159,51.199222,5.988171,+31 475 35 17 77,,0,,,,,"13 Tesla Connectors, up to 22kW.Available to the public. Self park.",29203,,130130.0,30.0,50.0,2.0,22.0,20.0,13.0,,32.0,400.0,
554,False,2017-08-17T17:03:00Z,91767,B3C5E6F6-F41C-430E-88E8-CD17B40D232C,1,47.0,1.0,Free,"[{'ID': 130096, 'ConnectionTypeID': 25, 'StatusTypeID': 50, 'LevelID': 2, 'Amps': 16, 'Voltage': 400, 'PowerKW': 11, 'CurrentTypeID': 20, 'Quantity': 1}]",2.0,50,2017-08-17T17:03:00Z,1,2017-08-17T10:30:00Z,200,92113,J. M. De Muinck Keizerlaan 27,Keizerlaan 27,Utrecht ,,3555 JT,159,52.116711,5.0844572,,,0,,,,,,UTPITEN057,,130096.0,25.0,50.0,2.0,11.0,20.0,1.0,,16.0,400.0,
555,False,2017-07-23T14:03:00Z,90760,AF876771-BFE3-44DD-8843-B199CC5CD162,1,1.0,5.0,2€ / 10 KW,"[{'ID': 128491, 'ConnectionTypeID': 28, 'StatusTypeID': 0}]",1.0,50,2017-07-23T14:03:00Z,1,2017-07-22T23:02:00Z,200,91106,Flevo Marina,Overstag,Lelystad ,,,159,52.5504124146232,5.46084344387054,,,0,,,,,,,,128491.0,28.0,0.0,,,,,,,,
556,False,2017-07-20T13:02:00Z,90554,2BF7C946-E5B1-4921-B1A3-AFEDD2C82387,1,47.0,6.0,"€0,25/kWh","[{'ID': 128241, 'ConnectionTypeID': 25, 'StatusTypeID': 50, 'LevelID': 2, 'Amps': 32, 'Voltage': 400, 'PowerKW': 22, 'CurrentTypeID': 20, 'Quantity': 1}]",1.0,50,2017-07-20T13:02:00Z,1,2017-07-17T18:41:00Z,200,90900,Nassaulaan 36,Nassaulaan 36,Baarn,,3743 CD,159,52.2127278,5.27831930000002,0620437571,,0,,,engelsman.nico@gmail.com,,,03001930,,128241.0,25.0,50.0,2.0,22.0,20.0,1.0,,32.0,400.0,
557,False,2018-10-03T16:10:00Z,90311,F5293125-0AA6-4522-997F-C13DD0618844,1,23.0,7.0,,"[{'ID': 127964, 'ConnectionTypeID': 30, 'StatusTypeID': 50, 'LevelID': 2, 'Amps': 32, 'Voltage': 400, 'PowerKW': 22, 'CurrentTypeID': 20, 'Quantity': 2}]",2.0,50,2018-10-03T16:10:00Z,1,2017-07-13T14:44:00Z,200,90657,Het Bosch @ the Waterfront,Jollenpad 10,Amsterdam,,1081KC,159,52.335616,4.848441,+31 20 64 45 800,,0,,,,,"2 Tesla Connectors, up to 22kW.Available by reservation only. Please see front desk.",30566,,127964.0,30.0,50.0,2.0,22.0,20.0,2.0,,32.0,400.0,
558,False,2018-10-03T23:09:00Z,90203,39B5F6CF-AF3E-4651-9094-9B3104CC209A,1,23.0,6.0,,"[{'ID': 127856, 'ConnectionTypeID': 30, 'StatusTypeID': 50, 'LevelID': 2, 'Amps': 32, 'Voltage': 400, 'PowerKW': 22, 'CurrentTypeID': 20, 'Quantity': 2}]",2.0,50,2018-10-03T23:09:00Z,1,2017-07-13T14:14:00Z,200,90549,Logement Aan de Vecht,Straatweg 30,Breukelen,,3621 BN,159,52.157467,5.019031,+31 61 28 60 234,,0,,,,,"2 Tesla Connectors, up to 22kW.Available for patrons only. Please see front desk.",31522,,127856.0,30.0,50.0,2.0,22.0,20.0,2.0,,32.0,400.0,
559,False,2017-09-19T09:27:00Z,88897,0025FB95-727C-42A9-BC04-938C9FC4EA64,1,103.0,1.0,Free,"[{'ID': 126155, 'ConnectionTypeID': 25, 'StatusTypeID': 50, 'LevelID': 2, 'Voltage': 230, 'CurrentTypeID': 20, 'Quantity': 2}]",2.0,50,2017-09-19T09:27:00Z,1,2017-06-11T13:28:00Z,200,89243,P-Havenpoort (’s Heer Lauwensdorp),'s Heer Lauwendorp 14,Zierikzee,Zeeland,4301 RA,159,51.6463230727093,3.92646601719661,,http://allegoa.nl,0,,,,"Paalcode:Allego NLALLEGO0010682
Adres:'s Heer Lauwendorp 14
pc/plaats:4301 RA Schouwen-Duivenland
Status:Laadpunten vrij: 1   bezet: 0   in storing: 0
website:http://www.allego.eu/
tel:+(31)-(800)-3745337
openingstijden:24h
",,"NLALLEGO0010681,NLALLEGO0010681,NLALLEGO0010682",,126155.0,25.0,50.0,2.0,,20.0,2.0,,,230.0,
560,False,2018-10-03T22:31:00Z,88878,12146942-0E5D-4096-A5EE-5DF9A2AB5986,1,23.0,6.0,,"[{'ID': 126126, 'ConnectionTypeID': 30, 'StatusTypeID': 50, 'LevelID': 2, 'Amps': 32, 'Voltage': 400, 'PowerKW': 22, 'CurrentTypeID': 20, 'Quantity': 1}]",1.0,50,2018-10-03T22:31:00Z,1,2017-06-09T15:20:00Z,200,89224,Hotel Ibis Tilburg,DR. Hub Van Doorneweg 105,Tilburg,,5026 RB,159,51.541908,5.050957,+31 13 46 36 465,,0,,,,,"1 Tesla Connector, up to 22kW.Available for patrons only. Self park.",30599,,126126.0,30.0,50.0,2.0,22.0,20.0,1.0,,32.0,400.0,
561,False,2018-10-03T16:04:00Z,88809,D04DAA88-9B1E-4C25-A103-FC18F54B40BC,1,23.0,4.0,,"[{'ID': 126057, 'ConnectionTypeID': 30, 'StatusTypeID': 50, 'LevelID': 2, 'Amps': 32, 'Voltage': 400, 'PowerKW': 22, 'CurrentTypeID': 20, 'Quantity': 1}]",1.0,50,2018-10-03T16:04:00Z,1,2017-06-09T14:01:00Z,200,89155,Hof Van Vijfeijken,Nergena 32,Boxtel,,5282 JE,159,51.594902,5.280143,+31 41 16 02 385,,0,,,,,"1 Tesla Connector, up to 22kW.Available to the public. Please call ahead.",30560,,126057.0,30.0,50.0,2.0,22.0,20.0,1.0,,32.0,400.0,
562,False,2018-10-03T23:45:00Z,87982,D0CDB7B9-CB31-40B9-9BA6-628282D6150F,1,23.0,6.0,,"[{'ID': 124810, 'ConnectionTypeID': 30, 'StatusTypeID': 50, 'LevelID': 2, 'Amps': 32, 'Voltage': 400, 'PowerKW': 22, 'CurrentTypeID': 20, 'Quantity': 1}]",1.0,50,2018-10-03T23:45:00Z,1,2017-05-19T05:31:00Z,200,88328,The Tire Station (Hotel),Amstelveenseweg 5,Amsterdam,,1054 MB,159,52.357282,4.855383,+31 20 820 33 33,,0,,,,,"1 Tesla Connector, up to 22kW.Available for patrons only. Please see front desk.",29642,,124810.0,30.0,50.0,2.0,22.0,20.0,1.0,,32.0,400.0,
563,False,2018-10-03T22:43:00Z,87702,9F98F167-7BEA-4299-AF04-BF74E55E8ADA,1,23.0,4.0,,"[{'ID': 124318, 'ConnectionTypeID': 30, 'StatusTypeID': 50, 'LevelID': 2, 'Amps': 32, 'Voltage': 400, 'PowerKW': 22, 'CurrentTypeID': 20, 'Quantity': 2}]",2.0,50,2018-10-03T22:43:00Z,1,2017-05-16T05:27:00Z,200,88048,Hotel Tiel,Wagenweg 1,Katwoude,,1145 PW,159,51.899286,5.436147,+31 344 62 20 20,,0,,,,,"2 Tesla Connectors, up to 22kW.Available for customers. Self park.",29646,,124318.0,30.0,50.0,2.0,22.0,20.0,2.0,,32.0,400.0,
564,False,2022-10-10T11:20:00Z,87448,F8477F38-3A23-4BD8-A70A-F64A8873E578,1,74.0,1.0,https://fastnedcharging.com/nl/tarieven,"[{'ID': 123969, 'ConnectionTypeID': 2, 'StatusTypeID': 50, 'LevelID': 3, 'PowerKW': 50, 'CurrentTypeID': 30, 'Quantity': 2}, {'ID': 123970, 'ConnectionTypeID': 33, 'StatusTypeID': 50, 'LevelID': 3, 'PowerKW': 300, 'CurrentTypeID': 30, 'Quantity': 4}]",2.0,50,2022-10-10T11:20:00Z,1,2017-05-08T21:39:00Z,200,87794,"Fastned Fustweg, Haarlem",Fustweg 1,Haarlem,Noord-Holland,2031 CJ,159,52.385146930626,4.66171579766194,,http://www.fastned.nl,0,,,,,Incl Tesla adapter,,,123969.0,2.0,50.0,3.0,50.0,30.0,2.0,,,,
565,False,2021-03-20T18:34:00Z,87408,8146F37D-BA28-4637-81E5-D9DDD87071B4,1,73.0,1.0,free at the bicycle chargeplace,"[{'ID': 123903, 'ConnectionTypeID': 25, 'StatusTypeID': 50, 'LevelID': 2, 'CurrentTypeID': 20, 'Quantity': 2}, {'ID': 123904, 'ConnectionTypeID': 28, 'StatusTypeID': 50, 'LevelID': 2, 'Amps': 16, 'Voltage': 230, 'PowerKW': 3.7, 'CurrentTypeID': 10, 'Quantity': 2}]",2.0,50,2021-03-20T18:34:00Z,1,2017-05-06T21:51:00Z,200,87754,Lidl Bergen op Zoom, Laan van Borgvliet 1,Bergen op Zoom,,4625 EE,159,51.4766021188438,4.29847700845947,,,0,,,,,,,,123903.0,25.0,50.0,2.0,,20.0,2.0,,,,
566,False,2017-08-11T10:35:00Z,87402,F78C7EDA-C047-4932-A248-9EA636CC394A,1,73.0,4.0,,"[{'ID': 123897, 'ConnectionTypeID': 1036, 'StatusTypeID': 50, 'LevelID': 2, 'Amps': 32, 'Voltage': 400, 'PowerKW': 22, 'CurrentTypeID': 20, 'Quantity': 13}]",52.0,50,2017-08-11T10:35:00Z,1,2017-05-06T05:29:00Z,200,87748,Designer Outlet Roermond,Stadsweide 2,Roermond,,6041 TD,159,51.199222,5.988171,+31 475 35 17 77,,0,,,,At the entry go straight through the roundabout through the gate and then follow the signs,"12Tesla Connectors and 40 normal Typ2 Connectirs, up to 22kW.Available to the public. Self park.",29203,,123897.0,1036.0,50.0,2.0,22.0,20.0,13.0,,32.0,400.0,
567,False,2019-03-23T07:44:00Z,86138,F02B407A-9F94-43FC-9E62-E94F12A837DF,1,23.0,4.0,€0.25/kWh; andere tarieven voor oudere auto's,"[{'ID': 122499, 'ConnectionTypeID': 27, 'StatusTypeID': 50, 'LevelID': 3, 'PowerKW': 120, 'CurrentTypeID': 30, 'Quantity': 12}]",12.0,50,2019-03-23T07:44:00Z,1,2017-04-27T06:05:00Z,200,86484,Apeldoorn Supercharger,20 Van Golsteinlaan,Ugchelen,,,159,52.177652,5.912803,,,0,,,,,"Charging6 Superchargers, available 24/7",28792,,122499.0,27.0,50.0,3.0,120.0,30.0,12.0,,,,
568,False,2017-04-26T18:06:00Z,86109,40AAA46F-AC60-4F15-9D74-3E872FAFDA95,1,1.0,4.0,EV box rates,"[{'ID': 122463, 'ConnectionTypeID': 25, 'StatusTypeID': 50, 'LevelID': 2, 'PowerKW': 11}, {'ID': 122464, 'ConnectionTypeID': 25, 'StatusTypeID': 50, 'LevelID': 2}]",4.0,50,2017-04-26T18:06:00Z,1,2017-04-25T15:00:00Z,200,86455, P+R Parkeergarage NS-station Gouda,Burgemeester Jamessing,Gouda,,2803 PD ,159,52.0176944788978,4.70871448516846,,,0,,,,Drive to the far side on level zero on the way to the exit. Four EV box chargers are ahead as you descend the lat out ramp,My NewMotion card worked fine today,,,122463.0,25.0,50.0,2.0,11.0,,,,,,
569,False,2017-09-19T07:43:00Z,85841,D654D490-1B20-4641-B37D-E334A250B50B,1,103.0,1.0,Free,"[{'ID': 122015, 'ConnectionTypeID': 2, 'StatusTypeID': 50, 'LevelID': 3, 'PowerKW': 50, 'CurrentTypeID': 30, 'Quantity': 1}, {'ID': 122016, 'ConnectionTypeID': 33, 'StatusTypeID': 50, 'LevelID': 3, 'PowerKW': 50, 'CurrentTypeID': 30, 'Quantity': 1}, {'ID': 122017, 'ConnectionTypeID': 25, 'StatusTypeID': 50, 'LevelID': 3, 'PowerKW': 43, 'CurrentTypeID': 20, 'Quantity': 1}]",3.0,50,2017-09-19T07:43:00Z,1,2017-04-18T20:07:00Z,200,86187,"MisterGreen, A4 richting Amsterdam, Leiderdorp",Total Leiderdorp A4 richting Amsterdam, Leiderdorp,, 2351,159,52.1601143233767,4.55392185819699,,http://allego.nl,0,,,,,Inc Tesla adapter,"NLALLEGO0018002,NLALLEGO0018002,NLALLEGO0018001,NLALLEGO0018003",,122015.0,2.0,50.0,3.0,50.0,30.0,1.0,,,,
570,False,2017-04-17T21:14:00Z,85837,2FF9B24F-295E-4F60-843C-003CF944220B,1,177.0,1.0,,"[{'ID': 122008, 'ConnectionTypeID': 25, 'StatusTypeID': 50, 'LevelID': 1, 'PowerKW': 2.3, 'CurrentTypeID': 10, 'Quantity': 2}]",2.0,50,2017-04-17T21:14:00Z,1,2017-04-17T20:18:00Z,200,86183,"Curacaostraat 91, Amsterdam",Curacaostraat 91,Amsterdam,,1058 GA,159,52.3617221395221,4.85309267871252,,http://www.nuon.nl/ev,0,,,,,,,,122008.0,25.0,50.0,1.0,2.3,10.0,2.0,,,,
571,False,2017-04-14T03:19:00Z,85740,BC26C8CE-9381-4366-AE1C-2D4E877EA2F8,1,178.0,1.0,,"[{'ID': 121887, 'ConnectionTypeID': 25, 'StatusTypeID': 50, 'LevelID': 2, 'PowerKW': 11, 'CurrentTypeID': 20, 'Quantity': 2}]",2.0,50,2017-04-14T03:19:00Z,1,2017-04-14T03:19:00Z,200,86086,Rijksstraatweg 75,"A13 West, Ruyven",Delfgauw,Zuid-Holland,2645 BS,159,51.98402175120854,4.395835495770264,,http://evnet.nl,0,,,,,,,,121887.0,25.0,50.0,2.0,11.0,20.0,2.0,,,,
572,False,2017-04-18T08:30:00Z,85711,D9916026-D740-4BB2-B589-0A6ADFC97C6E,1,1.0,6.0,,[],,0,2017-04-18T08:30:00Z,1,2017-04-12T13:40:00Z,200,86057,YES!Delft,12 Molengraaffsingel,Delft,Zuid-Holland, 2629,159,51.993348126445625,4.386129150787381,,,0,,,,,,,,,,,,,,,,,,
573,False,2019-10-30T21:07:00Z,85710,BE7E8779-88E0-4346-8E1E-4528546057B9,1,74.0,1.0,,"[{'ID': 121847, 'ConnectionTypeID': 2, 'StatusTypeID': 50, 'LevelID': 3, 'PowerKW': 50, 'CurrentTypeID': 30, 'Quantity': 2}, {'ID': 121848, 'ConnectionTypeID': 33, 'StatusTypeID': 50, 'LevelID': 2, 'PowerKW': 50, 'Quantity': 2}, {'ID': 121849, 'ConnectionTypeID': 1036, 'StatusTypeID': 50, 'LevelID': 3, 'Amps': 63, 'Voltage': 400, 'PowerKW': 43, 'CurrentTypeID': 20, 'Quantity': 2}]",2.0,50,2019-10-30T21:07:00Z,1,2017-04-12T11:20:00Z,200,86056,Fastned Steelhoven A59 Noord Den Hout - Made,485 Steelhoven, Made,Noord-Brabant,4911 BV,159,51.6765163135713,4.82723190110528,,http://www.fastned.nl,0,,,,,Inc Tesla adapter,,,121847.0,2.0,50.0,3.0,50.0,30.0,2.0,,,,
574,False,2019-09-30T15:44:00Z,85709,7D93087E-DC95-4007-8F98-EEAF9B5E1AFC,1,74.0,3.0,,"[{'ID': 121844, 'ConnectionTypeID': 2, 'StatusTypeID': 50, 'LevelID': 3, 'Voltage': 400, 'PowerKW': 50, 'CurrentTypeID': 30, 'Quantity': 2}, {'ID': 121845, 'ConnectionTypeID': 33, 'StatusTypeID': 50, 'LevelID': 2, 'PowerKW': 50, 'Quantity': 2}, {'ID': 121846, 'ConnectionTypeID': 25, 'StatusTypeID': 50, 'LevelID': 3, 'PowerKW': 43, 'CurrentTypeID': 20, 'Quantity': 2}, {'ID': 185440, 'ConnectionTypeID': 33, 'StatusTypeID': 50, 'LevelID': 3, 'PowerKW': 175, 'CurrentTypeID': 30, 'Quantity': 2}]",2.0,50,2019-09-30T15:44:00Z,1,2017-04-12T11:13:00Z,200,86055,"Fastned Den Ruygen Hoek-West, A4",Den Ruygen Hoek - West,Hoofddorp,,2132 MA,159,52.2614410121857,4.6862626028892,,http://www.fastned.nl,0,,,,Also Tesla adapter available,,,,121844.0,2.0,50.0,3.0,50.0,30.0,2.0,,,400.0,
575,False,2018-10-03T23:31:00Z,85607,A2294A13-6F74-4690-9AA4-DE8390B5B217,1,23.0,6.0,,"[{'ID': 121712, 'ConnectionTypeID': 30, 'StatusTypeID': 50, 'LevelID': 2, 'Amps': 32, 'Voltage': 400, 'PowerKW': 22, 'CurrentTypeID': 20, 'Quantity': 3}]",3.0,50,2018-10-03T23:31:00Z,1,2017-04-09T05:40:00Z,200,85953,Van der Valk Hotel Gilze Tilburg,Klein Zwitserland 8,Gilze,,5126 TA,159,51.552915,4.944677,+31 161 45 49 51,,0,,,,,"3 Tesla Connectors, up to 22kW.Available for patrons only. Self park.",26414,,121712.0,30.0,50.0,2.0,22.0,20.0,3.0,,32.0,400.0,
576,False,2018-10-03T23:45:00Z,85536,751C77CE-9D95-444B-8313-ECCA5A8282F5,1,23.0,4.0,,"[{'ID': 121634, 'ConnectionTypeID': 30, 'StatusTypeID': 50, 'LevelID': 2, 'Amps': 32, 'Voltage': 400, 'PowerKW': 22, 'CurrentTypeID': 20, 'Quantity': 2}]",2.0,50,2018-10-03T23:45:00Z,1,2017-04-07T05:39:00Z,200,85882,Piet Zoomers Fashion Mall,Rijksstraatweg 38,Wilp,,7384 AE,159,52.219382,6.146307,+31 571 26 17 55,,0,,,,,"2 Tesla Connectors, up to 22kW.Available to the public. Self park.",26417,,121634.0,30.0,50.0,2.0,22.0,20.0,2.0,,32.0,400.0,
577,False,2018-10-03T23:18:00Z,85290,AE48A4D8-73E4-4101-9B94-7919DF7C84A7,1,23.0,4.0,,"[{'ID': 121113, 'ConnectionTypeID': 30, 'StatusTypeID': 50, 'LevelID': 2, 'Amps': 32, 'Voltage': 400, 'PowerKW': 22, 'CurrentTypeID': 20, 'Quantity': 3}]",3.0,50,2018-10-03T23:18:00Z,1,2017-04-01T05:42:00Z,200,85636,Van der Valk Hotel Ridderkerk,Krommeweg 1,Ridderkerk,,2988 CB,159,51.867531,4.55762,+31 180 646 900,,0,,,,,"3 Tesla Connectors, up to 22kW.Available to the public. Self park.",26211,,121113.0,30.0,50.0,2.0,22.0,20.0,3.0,,32.0,400.0,
578,False,2017-03-19T08:27:00Z,84847,800C46FD-CD10-4858-AFF6-696DEB6A28BB,1,45.0,6.0,0.20 ct / kWh,"[{'ID': 120562, 'ConnectionTypeID': 25, 'StatusTypeID': 50, 'LevelID': 2, 'Amps': 16, 'Voltage': 230, 'PowerKW': 11, 'CurrentTypeID': 20, 'Quantity': 1}, {'ID': 120563, 'ConnectionTypeID': 28, 'StatusTypeID': 50, 'LevelID': 2, 'Amps': 16, 'Voltage': 230, 'PowerKW': 3.7, 'CurrentTypeID': 10, 'Quantity': 1}]",2.0,50,2017-03-19T08:27:00Z,1,2017-03-19T08:15:00Z,200,85193,"B&B De Derde Ronde, Wemeldinge, Zeeland",Moolweg 4,Wemeldinge,Zeeland,4424 NH,159,51.5125577,3.9856777,+31113621294,http://derderonde.nl,0,,,bert@derderonde.nl,"Seulement pour les clients du B&B De Derde Ronde 
Nur für Gäste des B&B.
Only for guests of the B&B.

","Seulement pour les clients du B&B De Derde Ronde 
Nur für Gäste des B&B.
Only for guests of the B&B.
",,+31648846991,120562.0,25.0,50.0,2.0,11.0,20.0,1.0,,16.0,230.0,
579,False,2017-03-07T20:12:00Z,84637,698EF78A-2695-4F6E-A39A-F094406204A7,1,74.0,1.0,,"[{'ID': 120227, 'ConnectionTypeID': 2, 'StatusTypeID': 50, 'LevelID': 2, 'PowerKW': 50, 'Quantity': 2}, {'ID': 120228, 'ConnectionTypeID': 33, 'StatusTypeID': 50, 'LevelID': 3, 'PowerKW': 50, 'CurrentTypeID': 30, 'Quantity': 2}, {'ID': 120229, 'ConnectionTypeID': 25, 'StatusTypeID': 50, 'LevelID': 3, 'PowerKW': 43, 'CurrentTypeID': 20, 'Quantity': 2}]",2.0,50,2017-03-07T20:12:00Z,1,2017-03-07T20:09:00Z,200,84983,Fastned Labbegat A59 Zuid,Hogevaart,,Noord-Brabant,5161PS,159,51.693630306109704,5.0134644397034,,http://fastned.nl,0,Sprang-Capelle,,,,Inc Tesla adapter,,,120227.0,2.0,50.0,2.0,50.0,,2.0,,,,
580,False,2019-03-22T20:56:00Z,84597,61861B10-8DFD-45C7-AC9B-B85332C0FFC8,1,23.0,4.0,€0.25/kWh; andere tarieven voor oudere auto's,"[{'ID': 120165, 'ConnectionTypeID': 27, 'StatusTypeID': 50, 'LevelID': 3, 'PowerKW': 120, 'CurrentTypeID': 30, 'Quantity': 12}]",12.0,50,2019-03-22T20:56:00Z,1,2017-03-04T13:15:00Z,200,84943,Hoorn Supercharger,Westfriese Parkweg 1,Hoorn,,1625,159,52.650769,5.038917,,,0,,,,,"Charging4 Superchargers, available 42/7",25462,,120165.0,27.0,50.0,3.0,120.0,30.0,12.0,,,,
581,False,2017-03-01T18:17:00Z,84494,19C8A5C0-F62B-4E35-A2DC-EC580F098DCB,1,,1.0,0,"[{'ID': 119968, 'ConnectionTypeID': 25, 'StatusTypeID': 50, 'LevelID': 2, 'PowerKW': 3, 'Quantity': 2}]",2.0,50,2017-03-01T18:17:00Z,1,2017-03-01T18:16:00Z,200,84840,"Automotions Opel, Goes",Pearyweg 19,Goes,Zeeland,,159,51.48417257883239,3.8781565767211346,,,0,,,,Automotions Opel,Only operational during office hours. ,,,119968.0,25.0,50.0,2.0,3.0,,2.0,,,,
582,False,2017-03-02T12:21:00Z,84493,FB00D6BD-61E1-4791-B070-AD1E585303CC,1,45.0,1.0,gratis,"[{'ID': 119967, 'ConnectionTypeID': 25, 'StatusTypeID': 50, 'LevelID': 2, 'Amps': 16, 'Voltage': 230, 'PowerKW': 3.7, 'CurrentTypeID': 10, 'Quantity': 2}]",2.0,50,2017-03-02T12:21:00Z,1,2017-03-01T15:16:00Z,200,84839,"Automotions Volvo, Goes",Pearyweg 17,Goes,Zeeland,,159,51.4844403983243,3.87773653876184,,,0,,,,,,,,119967.0,25.0,50.0,2.0,3.7,10.0,2.0,,16.0,230.0,
583,False,2017-03-01T15:13:00Z,84492,07215A67-1239-4DA4-AEC4-460F5F146AAA,1,73.0,1.0,,"[{'ID': 119966, 'ConnectionTypeID': 25, 'StatusTypeID': 50, 'LevelID': 2, 'PowerKW': 3, 'Quantity': 2}]",2.0,50,2017-03-01T15:13:00Z,1,2017-03-01T15:12:00Z,200,84838,Mitsubishi Goes,Pearyweg 2,Goes,Zeeland,,159,51.486798817462514,3.8782800730164046,,,0,,,,,,,,119966.0,25.0,50.0,2.0,3.0,,2.0,,,,
584,False,2018-10-03T23:13:00Z,84453,0C3FCFDA-FE31-4400-A337-42B76559778B,1,23.0,6.0,,"[{'ID': 119907, 'ConnectionTypeID': 30, 'StatusTypeID': 50, 'LevelID': 2, 'Amps': 32, 'Voltage': 400, 'PowerKW': 22, 'CurrentTypeID': 20, 'Quantity': 2}]",2.0,50,2018-10-03T23:13:00Z,1,2017-02-26T06:36:00Z,200,84799,Hotel Van der Valk 'S-Hertogenbosch-Vught,Bosscheweg 2,Vught,,5261AA,159,51.67012,5.293447,+31 73 658 7777,,0,,,,,"2 Tesla Connectors, up to 22kW.Available for patrons only. Self park.",25253,,119907.0,30.0,50.0,2.0,22.0,20.0,2.0,,32.0,400.0,
585,False,2017-02-21T22:55:00Z,84373,5E93F024-AA21-414E-A67C-B258F192E53D,1,103.0,1.0,,"[{'ID': 119802, 'ConnectionTypeID': 2, 'StatusTypeID': 50, 'LevelID': 3, 'PowerKW': 50, 'CurrentTypeID': 30, 'Quantity': 2}, {'ID': 119803, 'ConnectionTypeID': 33, 'StatusTypeID': 50, 'LevelID': 2, 'PowerKW': 50, 'Quantity': 2}, {'ID': 119804, 'ConnectionTypeID': 25, 'StatusTypeID': 50, 'LevelID': 3, 'PowerKW': 43, 'CurrentTypeID': 20, 'Quantity': 2}]",2.0,50,2017-02-21T22:55:00Z,1,2017-02-21T17:00:00Z,200,84719,Allego Shell Hobbemakade Amsterdam,Hobbemakade 121,Amsterdam,Noord-Holland,1071 XW,159,52.3497200185866,4.88584220409393,,http://allego.nl,0,,,,,Plus 2 Tesla adapters,,,119802.0,2.0,50.0,3.0,50.0,30.0,2.0,,,,
586,False,2017-02-26T21:26:00Z,84347,40AF9987-FE92-4643-88A4-197B38386D9B,1,103.0,1.0,,"[{'ID': 119771, 'ConnectionTypeID': 2, 'StatusTypeID': 50, 'LevelID': 3, 'PowerKW': 50, 'CurrentTypeID': 30, 'Quantity': 2}, {'ID': 119772, 'ConnectionTypeID': 33, 'StatusTypeID': 50, 'LevelID': 2, 'PowerKW': 50, 'Quantity': 2}, {'ID': 119773, 'ConnectionTypeID': 25, 'StatusTypeID': 50, 'LevelID': 3, 'PowerKW': 43, 'CurrentTypeID': 20, 'Quantity': 2}]",6.0,50,2017-02-26T21:26:00Z,1,2017-02-20T14:49:00Z,200,84693,"Overschiestraat 172, Amsterdam",Overschiestraat 172,Amsterdam,Noord-Holland,1062 XK,159,52.3461067,4.83904469999993,,http://allego.nl,0,,,,,1 Tesla adapter available,"NLALLEGO001023,NLALLEGO001024",,119771.0,2.0,50.0,3.0,50.0,30.0,2.0,,,,
587,False,2018-10-04T06:14:00Z,84043,3E2ED85E-CB2A-409E-A3EC-CBEB52AFA232,1,23.0,6.0,,"[{'ID': 119444, 'ConnectionTypeID': 30, 'StatusTypeID': 50, 'LevelID': 2, 'Amps': 32, 'Voltage': 230, 'PowerKW': 17, 'CurrentTypeID': 20, 'Quantity': 1}]",1.0,50,2018-10-04T06:14:00Z,1,2017-02-16T10:45:00Z,200,84389,Restaurant Crijns,Sniederslaan 121,Bladel,,5531 EK,159,51.368976,5.23011,+31 497 33 89 46,,0,,,,,"1 Tesla Connector, up to 17kW.Available for patrons only. Please see front desk.",24793,,119444.0,30.0,50.0,2.0,17.0,20.0,1.0,,32.0,230.0,
588,False,2017-02-18T21:30:00Z,84024,E4B284D9-0E10-41C7-9467-A7C72694B6FF,1,179.0,1.0,"0,30","[{'ID': 119425, 'ConnectionTypeID': 25, 'StatusTypeID': 50, 'LevelID': 2, 'PowerKW': 11, 'CurrentTypeID': 20, 'Quantity': 2}]",2.0,50,2017-02-18T21:30:00Z,1,2017-02-15T19:24:00Z,200,84370,"BioBase Laadpunt, Terneuzen, ( naast SkiDome) ",Bio Base Europe Training Center,Terneuzen,Zeeland,4538 CA,159,51.2994380968455,3.85103570436855,,http://www.bbetc.org/,0,"Zeelandlaan 2, ",,,Accessible when the Training Center is open..!,"EcoPole charging point. Joint effort of EcoPole, AgriSnellaad, Ecotap and Bio Base
http://www.bbetc.org/
https://www.agrisnellaad.nl/
http://www.ecotap.nl/
http://ecopoles.nl/
",,,119425.0,25.0,50.0,2.0,11.0,20.0,2.0,,,,
589,False,2018-10-03T22:18:00Z,82274,EA3CC3FD-E7E3-482A-B449-8498B96A64CC,1,23.0,6.0,,"[{'ID': 117040, 'ConnectionTypeID': 30, 'StatusTypeID': 50, 'LevelID': 2, 'Amps': 32, 'Voltage': 400, 'PowerKW': 22, 'CurrentTypeID': 20, 'Quantity': 2}]",2.0,50,2018-10-03T22:18:00Z,1,2017-02-03T15:23:00Z,200,82620,Hotel Brull,Hoofdstraat 26,Mechelen,,6281 BD,159,50.794876,5.921583,+31 43 4551263,,0,,,,,"2 Tesla Connectors, up to 22kW.Available for patrons only. Self park.",24119,,117040.0,30.0,50.0,2.0,22.0,20.0,2.0,,32.0,400.0,
590,False,2018-10-03T15:37:00Z,82229,1C7BBE7A-C25A-4A79-BE2D-C7C2CD6C7C7E,1,23.0,6.0,,"[{'ID': 116989, 'ConnectionTypeID': 30, 'StatusTypeID': 50, 'LevelID': 2, 'Amps': 16, 'Voltage': 400, 'PowerKW': 11, 'CurrentTypeID': 20, 'Quantity': 2}]",2.0,50,2018-10-03T15:37:00Z,1,2017-02-03T15:14:00Z,200,82575,Strandhotel,Boulevard de Wielingen 49,Cadzand-Bad,,4506 JK,159,51.377801,3.386208,+31 117 39 21 10,,0,,,,,"2 Tesla Connectors, up to 11kW.Available for patrons only. Please see front desk.",21956,,116989.0,30.0,50.0,2.0,11.0,20.0,2.0,,16.0,400.0,
591,False,2018-10-03T23:47:00Z,82171,32AF773C-A5BA-4640-92CB-50B2D77867F4,1,23.0,4.0,,"[{'ID': 116931, 'ConnectionTypeID': 30, 'StatusTypeID': 50, 'LevelID': 2, 'Amps': 32, 'Voltage': 400, 'PowerKW': 22, 'CurrentTypeID': 20, 'Quantity': 2}]",2.0,50,2018-10-03T23:47:00Z,1,2017-02-03T15:02:00Z,200,82517,Romantik Hotel Landgoed de Holtweijde,Spiekweg 7,Lattrop-Breklenkamp,,7635 LP,159,52.431124,6.961855,+31 541 22 92 34,,0,,,,,"2 Tesla Connectors, up to 22kW.Available for customers. Self park.",20929,,116931.0,30.0,50.0,2.0,22.0,20.0,2.0,,32.0,400.0,
592,False,2018-10-03T23:54:00Z,82167,9C460661-EB06-4886-BF2B-554844E5D132,1,23.0,4.0,,"[{'ID': 116927, 'ConnectionTypeID': 30, 'StatusTypeID': 50, 'LevelID': 2, 'Amps': 32, 'Voltage': 400, 'PowerKW': 22, 'CurrentTypeID': 20, 'Quantity': 2}]",2.0,50,2018-10-03T23:54:00Z,1,2017-02-03T15:01:00Z,200,82513,Hotel Restaurant de Echoput,Amersfoortseweg 86,Hoog Soeren,,7346 AA,159,52.233414,5.878242,+31 55 51 91 248,,0,,,,,"2 Tesla Connectors, up to 22kW.Available for customers. Self park.",23172,,116927.0,30.0,50.0,2.0,22.0,20.0,2.0,,32.0,400.0,
593,False,2018-10-03T22:03:00Z,82100,8F160298-B724-44FB-8D6E-17CFE7A29A7F,1,23.0,4.0,,"[{'ID': 116860, 'ConnectionTypeID': 30, 'StatusTypeID': 50, 'LevelID': 2, 'Amps': 16, 'Voltage': 400, 'PowerKW': 11, 'CurrentTypeID': 20, 'Quantity': 2}]",2.0,50,2018-10-03T22:03:00Z,1,2017-02-03T14:45:00Z,200,82446,Hotel Schaepkens Van St Fijt,Nieuweweg 40-44,Valkenburg aan de Geul,,6301 EV,159,50.868763,5.835283,+31 43 601 20 00,,0,,,,,"2 Tesla Connectors, up to 11kW.Available to the public. Please see front desk.",19953,,116860.0,30.0,50.0,2.0,11.0,20.0,2.0,,16.0,400.0,
594,False,2018-10-04T00:06:00Z,82047,98B34D32-9137-4515-9E3C-11AF4BB80054,1,23.0,4.0,,"[{'ID': 116807, 'ConnectionTypeID': 30, 'StatusTypeID': 50, 'LevelID': 2, 'Amps': 32, 'Voltage': 400, 'PowerKW': 22, 'CurrentTypeID': 20, 'Quantity': 2}]",2.0,50,2018-10-04T00:06:00Z,1,2017-02-03T14:33:00Z,200,82393,Landal Kasteeldomein de Cauberg,Cauberg 29,Valkenburg aan de Geul,,6301 BT,159,50.85975,5.823513,+31 43 45 83 590,,0,,,,,"2 Tesla Connectors, up to 22kW.Available to the public. Self park.",20409,,116807.0,30.0,50.0,2.0,22.0,20.0,2.0,,32.0,400.0,
595,False,2018-10-03T23:32:00Z,81777,AD8D10D3-7C8B-4B84-A709-4A11B41614F1,1,23.0,6.0,,"[{'ID': 116535, 'ConnectionTypeID': 30, 'StatusTypeID': 50, 'LevelID': 2, 'Amps': 32, 'Voltage': 400, 'PowerKW': 22, 'CurrentTypeID': 20, 'Quantity': 2}]",2.0,50,2018-10-03T23:32:00Z,1,2017-02-03T12:17:00Z,200,82123,Hotel Gulpenerland,Oude Rijksweg 20,Gulpen,Limburg,6271AA,159,50.815947,5.902148,+31 43 450 39 88,,0,,,,,"2 Tesla Connectors, up to 22kW.Available for patrons only. Please see front desk.",24083,,116535.0,30.0,50.0,2.0,22.0,20.0,2.0,,32.0,400.0,
596,False,2018-10-03T23:52:00Z,81774,22331DC1-42CE-47B3-9FB4-BF43CD0F25A2,1,23.0,6.0,,"[{'ID': 116532, 'ConnectionTypeID': 30, 'StatusTypeID': 50, 'LevelID': 2, 'Amps': 32, 'Voltage': 400, 'PowerKW': 22, 'CurrentTypeID': 20, 'Quantity': 2}]",2.0,50,2018-10-03T23:52:00Z,1,2017-02-03T12:17:00Z,200,82120,Van der Valk Hotel Volendam,Wagenweg 1,Katwoude,,1145 PW,159,52.488272,5.033532,+31 29 936 56 56,,0,,,,,"2 Tesla Connectors, up to 22kW.Available for patrons only. Please see front desk.",24054,,116532.0,30.0,50.0,2.0,22.0,20.0,2.0,,32.0,400.0,
597,True,2025-05-17T12:19:00Z,81743,6FB9C919-40EF-4791-8684-4137E83F2D88,1,23.0,6.0,,"[{'ID': 116501, 'ConnectionTypeID': 30, 'StatusTypeID': 50, 'LevelID': 2, 'Amps': 32, 'Voltage': 400, 'PowerKW': 22, 'CurrentTypeID': 20, 'Quantity': 4}]",4.0,50,2025-05-17T12:19:00Z,1,2017-02-03T11:53:00Z,200,82089,Van der Valk Hotel Haarlem,Toekanweg 2,Haarlem,,2035 LC,159,52.368898,4.647904,+31 23 536 75 00,,0,,,,,"4 Tesla Connectors, up to 22kW.Available for patrons only. Self park.",20598,,116501.0,30.0,50.0,2.0,22.0,20.0,4.0,,32.0,400.0,
598,False,2018-10-03T16:13:00Z,81725,56CF0E08-E9D1-4E58-ABE2-293B1FB3300E,1,23.0,4.0,,"[{'ID': 116483, 'ConnectionTypeID': 30, 'StatusTypeID': 50, 'LevelID': 2, 'Amps': 32, 'Voltage': 400, 'PowerKW': 22, 'CurrentTypeID': 20, 'Quantity': 2}]",2.0,50,2018-10-03T16:13:00Z,1,2017-02-03T11:51:00Z,200,82071,Mercure Hotel Tilburg | Parkeergarage Heuvelpoort,Heuvelpoort 354,Tilburg,,5038 DW,159,51.557015,5.090869,+31 13 54 31 313,,0,,,,,"2 Tesla Connectors, up to 22kW.Available to the public. Self park.",24115,,116483.0,30.0,50.0,2.0,22.0,20.0,2.0,,32.0,400.0,
599,False,2018-10-03T23:52:00Z,80039,B27B4547-8EBD-4FE3-844E-505A44F8457A,1,23.0,6.0,Free,"[{'ID': 114688, 'ConnectionTypeID': 30, 'StatusTypeID': 50, 'LevelID': 2, 'Amps': 32, 'Voltage': 400, 'PowerKW': 22, 'CurrentTypeID': 20, 'Quantity': 1}]",1.0,50,2018-10-03T23:52:00Z,1,2017-01-30T18:23:00Z,200,80385,Restaurant Monarh,Bredaseweg 204-8,Tilburg,Noord-Brabant,5038 nk,159,51.555617,5.06969,+31 13 536 58 05,,0,,,,,"1 Tesla Connector, up to 22kW.Available for patrons only. Self park.",24078,,114688.0,30.0,50.0,2.0,22.0,20.0,1.0,,32.0,400.0,
600,False,2019-03-22T20:41:00Z,79301,78A55F1D-25B3-4688-8C95-5FE97B5CBC56,1,23.0,4.0,€0.25/kWh; andere tarieven voor oudere auto's,"[{'ID': 113927, 'ConnectionTypeID': 27, 'StatusTypeID': 50, 'LevelID': 3, 'Voltage': 400, 'PowerKW': 120, 'CurrentTypeID': 30, 'Quantity': 16}]",16.0,50,2019-03-22T20:41:00Z,1,2017-01-27T08:02:00Z,200,79647,Tesla Supercharger Dordrecht,1600 Laan Van Europa,Dordrecht,,,159,51.774411,4.653324,,,0,,,,,"Charging12 Superchargers, available 24/7",24287,,113927.0,27.0,50.0,3.0,120.0,30.0,16.0,,,400.0,
601,False,2018-10-03T23:49:00Z,79223,F3E65FEF-B16E-4FD7-98A4-A284310E8D6E,1,23.0,4.0,Free,"[{'ID': 113842, 'ConnectionTypeID': 30, 'StatusTypeID': 50, 'LevelID': 2, 'Amps': 32, 'Voltage': 400, 'PowerKW': 22, 'CurrentTypeID': 20, 'Quantity': 1}]",1.0,50,2018-10-03T23:49:00Z,1,2017-01-26T21:11:00Z,200,79569,Hilton Rotterdam,Weena 10,Rotterdam,,3012 CM,159,51.923506,4.47707,+31 10 710 80 00,,0,,,,,"1 Tesla Connector, up to 22kW.Available for customers. Please see valet.",23238,,113842.0,30.0,50.0,2.0,22.0,20.0,1.0,,32.0,400.0,
602,False,2017-01-20T12:46:00Z,77625,5D566C65-973E-4918-ADED-6CA1C271E560,1,73.0,6.0,,"[{'ID': 112143, 'ConnectionTypeID': 25, 'StatusTypeID': 50, 'LevelID': 2, 'Quantity': 4}]",4.0,50,2017-01-20T12:46:00Z,1,2017-01-20T12:35:00Z,200,77971,Saman Groep Parking,Gouwepoort 1,Zierikzee,Zeeland,4301 RZ,159,51.6455892,3.937453699999992,,http://samangroep.nl,0,,,,,,,,112143.0,25.0,50.0,2.0,,,4.0,,,,
603,False,2017-01-17T18:44:00Z,77493,4364B077-C712-4EE0-BC05-2873BCE76B04,1,179.0,1.0,,"[{'ID': 111652, 'ConnectionTypeID': 25, 'StatusTypeID': 50, 'LevelID': 2, 'PowerKW': 22, 'CurrentTypeID': 20, 'Quantity': 6}]",6.0,50,2017-01-17T18:44:00Z,1,2017-01-17T18:43:00Z,200,77839,Intratuin Halsteren ,Halsterseweg 65-A,Halsteren,Noord-Brabant,4661 KM ,159,51.515850286209954,4.279001529113771,,,0,,,,,,,,111652.0,25.0,50.0,2.0,22.0,20.0,6.0,,,,
604,False,2017-09-20T20:21:00Z,77491,87F63099-79C4-4257-8B1D-FBE0DBD73531,1,38.0,1.0,Free,"[{'ID': 111648, 'ConnectionTypeID': 2, 'StatusTypeID': 50, 'LevelID': 3, 'PowerKW': 50, 'CurrentTypeID': 30, 'Quantity': 1}, {'ID': 111649, 'ConnectionTypeID': 33, 'StatusTypeID': 50, 'LevelID': 3, 'PowerKW': 50, 'CurrentTypeID': 30, 'Quantity': 1}, {'ID': 111650, 'ConnectionTypeID': 25, 'StatusTypeID': 50, 'LevelID': 3, 'PowerKW': 43, 'CurrentTypeID': 20, 'Quantity': 1}, {'ID': 131967, 'ConnectionTypeID': 28, 'StatusTypeID': 50, 'LevelID': 2, 'Amps': 16, 'Voltage': 230, 'PowerKW': 3.7, 'CurrentTypeID': 10, 'Quantity': 4}]",2.0,50,2017-09-20T20:21:00Z,1,2017-01-17T18:24:00Z,200,77837,"Lidl, Halsteren",8 Nijverheidsweg,Halsteren,Noord-Brabant,4661,159,51.5288615,4.27874489999999,,http://lidl.nl,0,,,,"Monday	from 8h00 to 20h00
Tuesday	from 8h00 to 20h00
Wednesday	from 8h00 to 20h00
Thursday	from 8h00 to 20h00
Friday	from 8h00 to 21h00
Saturday	from 8h00 to 20h00
Sunday	from 10h00 to 17h00
",,,,111648.0,2.0,50.0,3.0,50.0,30.0,1.0,,,,
605,False,2017-01-11T21:13:00Z,77273,387DC660-A77C-4304-A314-9C0665688AFA,1,1.0,1.0,Free,"[{'ID': 111192, 'ConnectionTypeID': 2, 'StatusTypeID': 50, 'LevelID': 3, 'Amps': 100, 'Voltage': 500, 'PowerKW': 50, 'CurrentTypeID': 30}]",2.0,50,2017-01-11T21:13:00Z,1,2017-01-08T06:30:00Z,200,77619,Heyhoef parkeergarage,Kalenbergplaats,Tilburg,Noord Brabant,,159,51.5775030346264,5.00251368292084,,,0,,,,Parkeerkelder ingang zuidwest kant Heijhoef winkel centrum,Snellader,,,111192.0,2.0,50.0,3.0,50.0,30.0,,,100.0,500.0,
606,False,2018-10-03T15:38:00Z,75325,928DB199-4B36-4FA9-B07A-D365C2FC54C4,1,23.0,6.0,Free,"[{'ID': 108630, 'ConnectionTypeID': 30, 'StatusTypeID': 50, 'LevelID': 2, 'Amps': 32, 'Voltage': 230, 'PowerKW': 17, 'CurrentTypeID': 20, 'Quantity': 2}]",2.0,50,2018-10-03T15:38:00Z,1,2016-12-14T17:26:00Z,200,75671,"Restaurant, Hotel & Spa Savarin",29 Laan van Hoornwijck 29,Rijswijk,,2289 DG,159,52.048317,4.350055,+31 70 307 20 50,,0,,,,,"2 Tesla Connector, up to 17kW.Available for patrons only. Please see front desk.",18621,,108630.0,30.0,50.0,2.0,17.0,20.0,2.0,,32.0,230.0,
607,False,2018-10-03T23:15:00Z,75311,C29F2724-549D-414B-A9F0-C86FE0A3E60B,1,23.0,6.0,Free,"[{'ID': 108616, 'ConnectionTypeID': 30, 'StatusTypeID': 50, 'LevelID': 2, 'Amps': 32, 'Voltage': 400, 'PowerKW': 22, 'CurrentTypeID': 20, 'Quantity': 2}]",2.0,50,2018-10-03T23:15:00Z,1,2016-12-14T17:22:00Z,200,75657,Park Hotel Amsterdam,25 Stadhouderskade,Amsterdam,,1071 ZD,159,52.361587,4.883425,+31 20 67 11 222,,0,,,,,"2 Tesla Connector, up to 22kW.Available for patrons only. Please see valet.",17021,,108616.0,30.0,50.0,2.0,22.0,20.0,2.0,,32.0,400.0,
608,False,2018-10-03T23:23:00Z,75293,5D387ED0-EB0B-4B21-9D45-C3791687618D,1,23.0,6.0,Free,"[{'ID': 108598, 'ConnectionTypeID': 30, 'StatusTypeID': 50, 'LevelID': 2, 'Amps': 32, 'Voltage': 400, 'PowerKW': 22, 'CurrentTypeID': 20, 'Quantity': 2}]",2.0,50,2018-10-03T23:23:00Z,1,2016-12-14T17:00:00Z,200,75639,Bilderberg Landgoed Lauswolt,10 Van Harinxmaweg,Beesterzwaag,,9244 CJ,159,53.058133,6.091141,+31 512 38 12 45,,0,,,,,"2 Tesla Connector, up to 22kW.Available for patrons only. Please see front desk.",19397,,108598.0,30.0,50.0,2.0,22.0,20.0,2.0,,32.0,400.0,
609,False,2018-10-03T23:26:00Z,75282,7BA73885-DF1C-4DF7-9B51-531E86559AE4,1,23.0,6.0,Free,"[{'ID': 108587, 'ConnectionTypeID': 30, 'StatusTypeID': 50, 'LevelID': 2, 'Amps': 32, 'Voltage': 400, 'PowerKW': 22, 'CurrentTypeID': 20, 'Quantity': 2}]",2.0,50,2018-10-03T23:26:00Z,1,2016-12-14T16:43:00Z,200,75628,De Hoefslag,28 Vosselaan,Bosch en Duin,,3735 KN,159,52.12404,5.246345,+31 30 225 1051,,0,,,,,"1 Tesla Connector, up to 22kW.Available for patrons only. Please call ahead.",19449,,108587.0,30.0,50.0,2.0,22.0,20.0,2.0,,32.0,400.0,
610,False,2018-10-03T23:43:00Z,75280,ABDE15E0-70E2-471B-8201-4422FC55D5D0,1,23.0,6.0,Free,"[{'ID': 108585, 'ConnectionTypeID': 30, 'StatusTypeID': 50, 'LevelID': 2, 'Amps': 32, 'Voltage': 400, 'PowerKW': 22, 'CurrentTypeID': 20, 'Quantity': 1}]",1.0,50,2018-10-03T23:43:00Z,1,2016-12-14T16:42:00Z,200,75626,Grand Hotel Huis Ter Duin,Koningin Astrid Boulevard 5,Noordwijk,,2202 AB,159,52.241193,4.429914,+31 71 36 19 220,,0,,,,,"1 Tesla Connector, up to 22kW.Available for patrons only. Please see front desk.",18322,,108585.0,30.0,50.0,2.0,22.0,20.0,1.0,,32.0,400.0,
611,False,2018-10-03T23:03:00Z,75244,7C64741A-F00A-497F-8E39-DCCC87B1869A,1,23.0,6.0,Free,"[{'ID': 108549, 'ConnectionTypeID': 30, 'StatusTypeID': 50, 'LevelID': 2, 'Amps': 16, 'Voltage': 400, 'PowerKW': 11, 'CurrentTypeID': 20, 'Quantity': 1}]",1.0,50,2018-10-03T23:03:00Z,1,2016-12-14T16:01:00Z,200,75590,Restaurant de Landbouw,Zijdeweg 58,Wassenaar,,2245 BZ,159,52.102594,4.364455,+31 70 511 89 65,,0,,,,,"1 Tesla Connector, up to 11kW.Available for patrons only. Self park.",20107,,108549.0,30.0,50.0,2.0,11.0,20.0,1.0,,16.0,400.0,
612,False,2018-10-03T15:52:00Z,75193,36A80940-067F-4B95-AEFA-53160B001E62,1,23.0,6.0,Free,"[{'ID': 108447, 'ConnectionTypeID': 30, 'StatusTypeID': 50, 'LevelID': 2, 'Amps': 32, 'Voltage': 400, 'PowerKW': 22, 'CurrentTypeID': 20, 'Quantity': 2}]",2.0,50,2018-10-03T15:52:00Z,1,2016-12-13T20:56:00Z,200,75539,Mövenpick Hotel 'S-Hertogenbosch,90 Pettelaarpark,s-Hertogenbosch,,5216 PH,159,51.676896,5.332564,+31 73 68 74 674,,0,,,,,"2 Tesla Connector, up to 22kW.Available for patrons only. Self park.",19435,,108447.0,30.0,50.0,2.0,22.0,20.0,2.0,,32.0,400.0,
613,False,2018-10-03T23:48:00Z,75171,D155355E-1ECB-428F-870C-D5E1F913E7F4,1,23.0,6.0,Free,"[{'ID': 108425, 'ConnectionTypeID': 30, 'StatusTypeID': 50, 'LevelID': 2, 'Amps': 32, 'Voltage': 230, 'PowerKW': 17, 'CurrentTypeID': 20, 'Quantity': 1}]",1.0,50,2018-10-03T23:48:00Z,1,2016-12-13T20:52:00Z,200,75517,Hotel Greenside - Restaurant Wambinge,6 Stappeland,De Koog,,1796 BS,159,53.099198,4.767078,+31 22 232 72 22,,0,,,,,"1 Tesla Connector, up to 17kW.Available for patrons only. Please see front desk.",17084,,108425.0,30.0,50.0,2.0,17.0,20.0,1.0,,32.0,230.0,
614,False,2018-10-03T23:27:00Z,75044,191F0128-A9BE-4F69-B504-C84E5A64D7CC,1,23.0,6.0,Free,"[{'ID': 108237, 'ConnectionTypeID': 30, 'StatusTypeID': 50, 'LevelID': 2, 'Amps': 32, 'Voltage': 400, 'PowerKW': 22, 'CurrentTypeID': 20, 'Quantity': 2}]",2.0,50,2018-10-03T23:27:00Z,1,2016-12-11T14:28:00Z,200,75390,Worldhotel Wings,Rotterdam Airportplein 55,Rotterdam,Zuid-Holland,3045 AP,159,51.947716,4.436052,+31 10 79 99 090,,0,,,,,"2 Tesla Connector, up to 22kW.Available for patrons only. Self park.",19728,,108237.0,30.0,50.0,2.0,22.0,20.0,2.0,,32.0,400.0,
615,False,2019-11-01T10:14:00Z,75028,E947B5DD-8D6E-4D44-AFA2-24960B39A6A7,1,23.0,4.0,€0.25/kWh; andere tarieven voor oudere auto's,"[{'ID': 108221, 'ConnectionTypeID': 27, 'StatusTypeID': 50, 'LevelID': 3, 'Voltage': 400, 'PowerKW': 120, 'CurrentTypeID': 30, 'Quantity': 12}]",12.0,50,2019-11-01T10:14:00Z,1,2016-12-10T18:18:00Z,200,75374,Tesla Supercharger Drachten,4 Lavendelheide,Drachten,,9202 PD,159,53.105883,6.129539,,,0,,,,,"Charging8 Superchargers, available 24/7",19183,,108221.0,27.0,50.0,3.0,120.0,30.0,12.0,,,400.0,
616,False,2018-10-03T23:53:00Z,75025,481010EA-EF23-4ED6-B70A-341C0E3D5D45,1,23.0,4.0,Free,"[{'ID': 108218, 'ConnectionTypeID': 30, 'StatusTypeID': 50, 'LevelID': 2, 'Amps': 32, 'Voltage': 400, 'PowerKW': 22, 'CurrentTypeID': 20, 'Quantity': 2}]",2.0,50,2018-10-03T23:53:00Z,1,2016-12-10T18:17:00Z,200,75371,Hotel Pullman Eindhoven Cocagne,Vestdijk 47,Eindhoven,,5611 CA,159,51.438898,5.482512,+31 40 232 61 11,,0,,,,,"2 Tesla Connector, up to 22kW.Available to the public. Self park.",19717,,108218.0,30.0,50.0,2.0,22.0,20.0,2.0,,32.0,400.0,
617,False,2018-10-04T00:01:00Z,74994,B899159D-0199-44B2-8B1B-EEF54BE95C0E,1,23.0,6.0,Free,"[{'ID': 108187, 'ConnectionTypeID': 30, 'StatusTypeID': 50, 'LevelID': 2, 'Amps': 32, 'Voltage': 400, 'PowerKW': 22, 'CurrentTypeID': 20, 'Quantity': 2}]",2.0,50,2018-10-04T00:01:00Z,1,2016-12-10T16:28:00Z,200,75340,Van der Valk Hotel Wolvega,10 Atalanta,Wolvega,,8472 CA,159,52.880449,6.021003,+31 561 69 28 00,,0,,,,,"2 Tesla Connector, up to 22kW.Available for patrons only. Self park.",18873,,108187.0,30.0,50.0,2.0,22.0,20.0,2.0,,32.0,400.0,
618,False,2019-07-30T14:27:00Z,74979,43FB3FCC-16BE-464E-8209-1D0A58BEAE25,1,74.0,1.0,,"[{'ID': 108167, 'ConnectionTypeID': 2, 'StatusTypeID': 50, 'LevelID': 3, 'PowerKW': 50, 'CurrentTypeID': 30, 'Quantity': 2}, {'ID': 108168, 'ConnectionTypeID': 33, 'StatusTypeID': 50, 'LevelID': 3, 'PowerKW': 50, 'CurrentTypeID': 30, 'Quantity': 2}, {'ID': 108169, 'ConnectionTypeID': 25, 'StatusTypeID': 50, 'LevelID': 3, 'PowerKW': 43, 'CurrentTypeID': 20, 'Quantity': 2}]",6.0,50,2019-07-30T14:27:00Z,1,2016-12-09T23:44:00Z,200,75325,Fastned Maatveld,A20 North,Nieuwerkerk aan den IJssel,Zuid-Holland,,159,51.96787562596961,4.589078075518738,,http://www.fastned.nl,0,,,,,,,,108167.0,2.0,50.0,3.0,50.0,30.0,2.0,,,,
619,False,2019-09-30T15:44:00Z,74978,5B16F272-B0D0-4819-8700-F018A7EAE178,1,74.0,1.0,,"[{'ID': 108164, 'ConnectionTypeID': 2, 'StatusTypeID': 50, 'LevelID': 3, 'PowerKW': 50, 'CurrentTypeID': 30, 'Quantity': 2}, {'ID': 108165, 'ConnectionTypeID': 33, 'StatusTypeID': 50, 'LevelID': 3, 'PowerKW': 50, 'CurrentTypeID': 30, 'Quantity': 2}, {'ID': 108166, 'ConnectionTypeID': 25, 'StatusTypeID': 50, 'LevelID': 3, 'PowerKW': 43, 'CurrentTypeID': 20, 'Quantity': 2}, {'ID': 185441, 'ConnectionTypeID': 33, 'StatusTypeID': 0, 'LevelID': 3, 'PowerKW': 175, 'CurrentTypeID': 30, 'Quantity': 1}]",6.0,50,2019-09-30T15:44:00Z,1,2016-12-09T23:37:00Z,200,75324,Fastned De Vink,A20 South,Nieuwerkerk aan den IJssel,Zuid-Holland,2913,159,51.9660677656942,4.58884119987488,,http://www.fastned.nl,0,,,,,,,,108164.0,2.0,50.0,3.0,50.0,30.0,2.0,,,,
620,False,2016-12-15T21:31:00Z,74874,233DEBEC-C694-4323-B7C7-5DF2DF0C5C72,1,74.0,1.0,,"[{'ID': 108028, 'ConnectionTypeID': 2, 'StatusTypeID': 50, 'LevelID': 3, 'Amps': 125, 'Voltage': 400, 'PowerKW': 50, 'CurrentTypeID': 30, 'Quantity': 2}, {'ID': 108029, 'ConnectionTypeID': 33, 'StatusTypeID': 50, 'LevelID': 3, 'Amps': 125, 'Voltage': 400, 'PowerKW': 50, 'CurrentTypeID': 30, 'Quantity': 2}, {'ID': 108030, 'ConnectionTypeID': 25, 'StatusTypeID': 50, 'LevelID': 2, 'PowerKW': 22, 'CurrentTypeID': 20, 'Quantity': 2}]",2.0,50,2016-12-15T21:31:00Z,1,2016-11-24T04:48:00Z,200,75220, Fastned ten Bosch,Leidsestraatweg,Den Haag,,,159,52.0987683246335,4.34650897979736,,http://fastned.nl,0,,,,,Includes ChaDeMo Tesla adapter,,,108028.0,2.0,50.0,3.0,50.0,30.0,2.0,,125.0,400.0,
621,False,2016-12-06T19:05:00Z,74873,A1783E0E-51EC-437C-8F8B-34C7DF49690A,1,74.0,1.0,,"[{'ID': 108025, 'ConnectionTypeID': 2, 'StatusTypeID': 50, 'LevelID': 3, 'Amps': 125, 'Voltage': 400, 'PowerKW': 50, 'CurrentTypeID': 30, 'Quantity': 2}, {'ID': 108026, 'ConnectionTypeID': 33, 'StatusTypeID': 50, 'LevelID': 3, 'Amps': 125, 'Voltage': 400, 'PowerKW': 50, 'CurrentTypeID': 30, 'Quantity': 2}, {'ID': 108027, 'ConnectionTypeID': 25, 'StatusTypeID': 50, 'LevelID': 2, 'PowerKW': 22, 'CurrentTypeID': 20, 'Quantity': 2}]",2.0,50,2016-12-06T19:05:00Z,1,2016-11-24T04:48:00Z,200,75219,Fastned Laan van Meerdervoort,Laan van Meerdervoort,Den Haag,,,159,52.06139632516377,4.228057265281677,,http://www.fastned.nl,0,,,,,,,,108025.0,2.0,50.0,3.0,50.0,30.0,2.0,,125.0,400.0,
622,False,2016-12-04T07:17:00Z,74808,82F2A5AB-270F-45BE-8973-8C43FEE9651C,1,177.0,1.0,0.34,"[{'ID': 107929, 'ConnectionTypeID': 25, 'StatusTypeID': 50, 'LevelID': 2, 'PowerKW': 11, 'CurrentTypeID': 20, 'Quantity': 2}]",2.0,50,2016-12-04T07:17:00Z,1,2016-12-04T07:16:00Z,200,75154,Binnenkadijk,Laagtekadijk 173,Amsterdam,Noord-Holland,1018 ZD,159,52.36969062924485,4.912484639881072,,http://www.amsterdam.nl/elektrisch,0,,,,"Location at Binnenkadijk, corner Laagte Kadijk 173",,,,107929.0,25.0,50.0,2.0,11.0,20.0,2.0,,,,
623,False,2016-12-03T23:33:00Z,74807,2FAA6F6D-7151-497F-863D-4846EFCCCD29,1,177.0,1.0,0.34,"[{'ID': 107928, 'ConnectionTypeID': 25, 'StatusTypeID': 50, 'LevelID': 2, 'PowerKW': 11, 'CurrentTypeID': 20, 'Quantity': 2}]",2.0,50,2016-12-03T23:33:00Z,1,2016-12-03T23:31:00Z,200,75153,"Entrepotdok 40, Amsterdam",Entrepotdok 40,Amsterdam,Noord-Holland,1018AD,159,52.3687131,4.914603800000009,0900-6752237,http://www.amsterdam.nl/elektrisch,0,,,,,,,,107928.0,25.0,50.0,2.0,11.0,20.0,2.0,,,,
624,False,2018-10-03T22:23:00Z,74803,4E908388-D609-4642-992A-FA71C0B84043,1,23.0,6.0,Free,"[{'ID': 107924, 'ConnectionTypeID': 30, 'StatusTypeID': 50, 'LevelID': 2, 'Amps': 16, 'Voltage': 400, 'PowerKW': 11, 'CurrentTypeID': 20, 'Quantity': 1}]",1.0,50,2018-10-03T22:23:00Z,1,2016-12-03T21:08:00Z,200,75149,Kruisherenhotel Maastricht,19 Kruisherengang,Maastricht,,6211 NW,159,50.848764,5.683589,,,0,,,,,"1 Tesla Connector, up to 11kW.Available for patrons only. Please see front desk.",17058,,107924.0,30.0,50.0,2.0,11.0,20.0,1.0,,16.0,400.0,
625,False,2018-10-03T22:44:00Z,74793,A9726778-78D1-4B85-B8B4-0C03E6DC1419,1,23.0,4.0,Free,"[{'ID': 107914, 'ConnectionTypeID': 30, 'StatusTypeID': 50, 'LevelID': 2, 'Amps': 16, 'Voltage': 400, 'PowerKW': 11, 'CurrentTypeID': 20, 'Quantity': 2}]",2.0,50,2018-10-03T22:44:00Z,1,2016-12-03T19:52:00Z,200,75139,Conscious Hotel Vondelpark,Overtoom 519,Amsterdam,,1054 LH,159,52.357784,4.856549,,,0,,,,,"2 Tesla Connector, up to 11kW.Available to the public. Please see front desk.",19399,,107914.0,30.0,50.0,2.0,11.0,20.0,2.0,,16.0,400.0,
626,False,2016-12-01T12:43:00Z,74327,224E1B90-C7C1-4916-9A83-D447BD902E4E,1,179.0,1.0,0.25,"[{'ID': 106883, 'ConnectionTypeID': 25, 'StatusTypeID': 50, 'LevelID': 2, 'Voltage': 400, 'PowerKW': 22, 'CurrentTypeID': 20, 'Quantity': 6}]",6.0,50,2016-12-01T12:43:00Z,1,2016-12-01T12:36:00Z,200,74673,Agrimarkt Goes,Van Doornestraat 2,Goes,Zeeland,4462 EX,159,51.4979188853102,3.88564485714723,,http://www.czav.nl,0,,,,,"3 dubbele AgriSnellaad.nl laadpunten, dus ZES plaatsen a 22kW!",,,106883.0,25.0,50.0,2.0,22.0,20.0,6.0,,,400.0,
627,False,2016-11-25T18:20:00Z,74204,03993237-E649-4A49-99F2-4DD212C492F3,1,179.0,1.0,0.25 / kWh,"[{'ID': 106557, 'ConnectionTypeID': 25, 'StatusTypeID': 50, 'LevelID': 2, 'PowerKW': 22, 'CurrentTypeID': 20, 'Quantity': 4}]",4.0,50,2016-11-25T18:20:00Z,1,2016-11-25T18:15:00Z,200,74550,CZAV Wemeldinge,Oostelijke Kanaalweg 5,Wemeldinge,Zeeland,4424 NC,159,51.50949275917492,4.005841500663809,0031113629213,http://www.czav.nl,0,,,r.augustijn@czav.nl,"Carpark, freely accessible to all, in Wemeldinge at the specified address.",,,,106557.0,25.0,50.0,2.0,22.0,20.0,4.0,,,,
628,False,2016-11-23T22:17:00Z,73567,F1FF287B-1E7C-411C-A6FA-A150ED6E4155,1,,1.0,,"[{'ID': 105855, 'ConnectionTypeID': 25, 'StatusTypeID': 50, 'LevelID': 2, 'Quantity': 2}]",2.0,50,2016-11-23T22:17:00Z,1,2016-11-23T22:16:00Z,200,73913,Keizersgracht 200,Keizersgracht 200,Amsterdam,Noord-Holland,,159,52.3737665,4.8846077000000605,0900-6752237,http://amsterdam.nl/elektrisch,0,,,,,,,,105855.0,25.0,50.0,2.0,,,2.0,,,,
629,False,2017-03-07T18:46:00Z,73301,5C1518F1-A157-41FE-B81C-325765BEE3A0,1,29.0,1.0,,"[{'ID': 105474, 'ConnectionTypeID': 25, 'StatusTypeID': 50, 'LevelID': 2, 'Amps': 16, 'Voltage': 230, 'PowerKW': 11, 'CurrentTypeID': 20, 'Quantity': 28}]",28.0,50,2017-03-07T18:46:00Z,1,2016-11-17T16:15:00Z,200,73647,Parkeergarage Paleiskwartier,Hugo de Grootlaan 84,'s Hertogenbosch,Noord-Brabant,5223 LC,159,51.6893525,5.28978660000007,,,0,,,,,"Ground level, is entrance level: 14 and below another 14!",,,105474.0,25.0,50.0,2.0,11.0,20.0,28.0,,16.0,230.0,
630,False,2016-11-17T16:08:00Z,73300,C5F9F00B-AF6D-47B8-B876-7F05346FD22C,1,73.0,1.0,,"[{'ID': 105473, 'ConnectionTypeID': 25, 'StatusTypeID': 50, 'LevelID': 2, 'PowerKW': 3, 'Quantity': 8}]",8.0,50,2016-11-17T16:08:00Z,1,2016-11-17T16:06:00Z,200,73646,Parkeergarage St Jan,Hekellaan 25,'s Hertogenbosch,Noord-Brabant,5211 LZ,159,51.68554,5.314269299999978,,,0,,,,,,,,105473.0,25.0,50.0,2.0,3.0,,8.0,,,,
631,False,2016-11-06T19:06:00Z,73080,71C22E70-3C2E-4732-921D-6BE9643E7791,1,73.0,1.0,,"[{'ID': 105047, 'ConnectionTypeID': 25, 'StatusTypeID': 50, 'LevelID': 2, 'PowerKW': 3.7}]",2.0,50,2016-11-06T19:06:00Z,1,2016-11-06T13:18:00Z,200,73426,"Paul Krugerstraat 9, Vlissingen",Paul Krugerstraat 9,Vlissingen,Zeeland,4382 MA,159,51.4492665,3.5725887999999486,,,0,Hoek Scheldestraat,,,,,,,105047.0,25.0,50.0,2.0,3.7,,,,,,
632,False,2018-12-17T15:50:00Z,72552,D553CCBC-DC09-4947-AE33-3EB1B4BB1A49,1,1.0,1.0,,"[{'ID': 103990, 'ConnectionTypeID': 25, 'StatusTypeID': 50, 'LevelID': 2, 'Amps': 32, 'Quantity': 2}]",2.0,50,2018-12-17T15:50:00Z,1,2016-10-22T12:13:00Z,200,72898,Gezondheids Centrum Scheemda,Stationsstraat,Scheemda,,9679EA,159,53.1745635366044,6.97011646971077,,,0,,,,,,,,103990.0,25.0,50.0,2.0,,,2.0,,32.0,,
633,False,2016-10-22T23:19:00Z,72547,634017BC-79E1-4150-B464-96E083475676,1,73.0,4.0,,"[{'ID': 103984, 'ConnectionTypeID': 25, 'StatusTypeID': 50, 'LevelID': 2, 'PowerKW': 11, 'CurrentTypeID': 20, 'Quantity': 1}]",2.0,50,2016-10-22T23:19:00Z,1,2016-10-21T21:41:00Z,200,72893,EV-Box EVB-P1608444,Groesbeekseweg 24,Nimega,Stadsregio Arnhem Nijmegen,6524DC,159,51.8400776365621,5.86221385918272,,,0,Nijmegen,,,,,,,103984.0,25.0,50.0,2.0,11.0,20.0,1.0,,,,
634,False,2017-01-29T22:06:00Z,72540,C793D50F-5D9B-4FA7-AC6D-58C01511BDAD,1,1.0,7.0,Free,"[{'ID': 103974, 'ConnectionTypeID': 25, 'StatusTypeID': 50, 'LevelID': 2, 'Amps': 16, 'Voltage': 400, 'PowerKW': 11, 'CurrentTypeID': 20, 'Quantity': 3}, {'ID': 103975, 'ConnectionTypeID': 1036, 'StatusTypeID': 50, 'LevelID': 2, 'Amps': 16, 'Voltage': 400, 'PowerKW': 11, 'CurrentTypeID': 20, 'Quantity': 3}]",2.0,50,2017-01-29T22:06:00Z,1,2016-10-20T15:15:00Z,200,72886,www.eltveghel.com,Doornhoek 3748,Veghel,Noord-Brabant,5465 TA,159,51.606130790241,5.53359031677246,+31 615953994,http://www.eltveghel.com,0,,,info@eltveghel.nl,,,,+31 413 380950,103974.0,25.0,50.0,2.0,11.0,20.0,3.0,,16.0,400.0,
635,False,2016-10-17T08:38:00Z,72476,0E90E18B-1CF2-485A-BF95-B8C17940A770,1,73.0,1.0,,"[{'ID': 103872, 'ConnectionTypeID': 2, 'StatusTypeID': 50, 'LevelID': 3, 'PowerKW': 50, 'CurrentTypeID': 30, 'Quantity': 1}, {'ID': 103873, 'ConnectionTypeID': 25, 'StatusTypeID': 50, 'LevelID': 2, 'PowerKW': 8, 'CurrentTypeID': 20, 'Quantity': 2}]",3.0,50,2016-10-17T08:38:00Z,1,2016-10-17T08:33:00Z,200,72822,"Pauwenpad, Amsterdam",Pauwenpad,Amsterdam,,1097 DX,159,52.34941949942166,4.9170334878356226,088-7555496,http://evbox.com/ev,0,,,,"Parallelweg naast Wibaustraat
Road parallel to Wibautstraat","1x ChaDeMo (50kW)
2x Mennekes",,,103872.0,2.0,50.0,3.0,50.0,30.0,1.0,,,,
636,False,2016-09-14T07:13:00Z,71824,2CC49ED2-D16D-4808-92F9-9E1647A67A99,1,103.0,1.0,"0,32","[{'ID': 102872, 'ConnectionTypeID': 25, 'StatusTypeID': 50, 'LevelID': 2, 'Amps': 16, 'Voltage': 230, 'PowerKW': 11, 'CurrentTypeID': 20, 'Quantity': 2}]",2.0,50,2016-09-14T07:13:00Z,1,2016-09-14T04:45:00Z,200,72170,Bedumerschans / Heerlerschans,Bedumerschans 43,Nieuwegein,Utrecht,,159,52.019180066177356,5.093927979469299,,,0,,,,,,,,102872.0,25.0,50.0,2.0,11.0,20.0,2.0,,16.0,230.0,
637,False,2016-09-09T05:06:00Z,71777,6B02F461-6963-4342-A6A1-24F1E38E52AF,1,1.0,1.0,Unknown,[],4.0,50,2016-09-09T05:06:00Z,1,2016-09-07T15:17:00Z,200,72123,Parkeergarage Maasziekenhuis Pantein,Dokter Kopstraat 1,Beugen,,5835 DV,159,51.6629064879811,5.94003081321716,,,0,,,,"Op de bovenste (4e) verdieping van de parkeergarage, bij de uitgang",,,,,,,,,,,,,,
638,False,2016-08-18T18:52:00Z,70930,E9D21CC9-E884-4583-BD10-A9A85885C2C4,1,179.0,1.0,,"[{'ID': 101613, 'ConnectionTypeID': 25, 'StatusTypeID': 50, 'LevelID': 2, 'Amps': 32, 'CurrentTypeID': 20, 'Quantity': 2}]",4.0,50,2016-08-18T18:52:00Z,1,2016-08-18T18:50:00Z,200,71276,"Admiraal De Ruyter Ziekenhuis, Goes",'s Gravenpolderseweg 114,Goes,Zeeland,4462 RA,159,51.48510963974026,3.905984672213769,,,0,,,,Parking ADRZ linksachteraan,,,,101613.0,25.0,50.0,2.0,,20.0,2.0,,32.0,,
639,False,2019-03-18T19:58:00Z,70892,6B7E3D06-9F7D-4F08-BB55-87424ADF0980,1,44.0,1.0,,"[{'ID': 101564, 'ConnectionTypeID': 28, 'StatusTypeID': 50, 'LevelID': 1, 'Amps': 16, 'Voltage': 230, 'PowerKW': 2, 'CurrentTypeID': 10, 'Quantity': 2}, {'ID': 167257, 'ConnectionTypeID': 35, 'StatusTypeID': 50, 'LevelID': 2, 'Amps': 16, 'Voltage': 400, 'PowerKW': 11, 'CurrentTypeID': 20, 'Quantity': 1}]",3.0,50,2019-03-18T19:58:00Z,1,2016-08-16T18:16:00Z,200,71238,"Houttuinen 31, Dordrecht",Houttuinen 31,Dordrecht,Zuid-Holland,3311 CE,159,51.8148813554362,4.66173759140168,,,0,,,,"Openbaar, access 4 all",Schuko,,,101564.0,28.0,50.0,1.0,2.0,10.0,2.0,,16.0,230.0,
640,False,2016-08-13T07:52:00Z,70781,2BAE4626-D439-485D-9A7E-C664C8C31D59,1,179.0,1.0,,"[{'ID': 101405, 'ConnectionTypeID': 25, 'StatusTypeID': 50, 'LevelID': 2, 'Amps': 32, 'Voltage': 400, 'PowerKW': 22, 'CurrentTypeID': 20, 'Quantity': 3}]",6.0,50,2016-08-13T07:52:00Z,1,2016-08-10T16:34:00Z,200,71127,"Parkeergarage Centrum, Westwal 35, Goes",Westwal 35,Goes,Zeeland,4461 CM,159,51.5035552,3.88698020000004,,,0,Parkeergarage Centrum,,,6 laadplaatsen op de 3e verdieping / 6 charging points at the 3rd floor / 6 bornes de charge au troisième étage,,,,101405.0,25.0,50.0,2.0,22.0,20.0,3.0,,32.0,400.0,
641,False,2019-05-27T22:13:00Z,70780,4DAC36CA-CCB8-47D5-9ADF-AC968D6F6F66,1,45.0,1.0,Free,"[{'ID': 101403, 'ConnectionTypeID': 2, 'StatusTypeID': 50, 'LevelID': 3, 'PowerKW': 50, 'CurrentTypeID': 30}, {'ID': 101404, 'ConnectionTypeID': 33, 'StatusTypeID': 50, 'LevelID': 3, 'PowerKW': 50, 'CurrentTypeID': 30}, {'ID': 177990, 'ConnectionTypeID': 25, 'StatusTypeID': 50, 'LevelID': 3, 'PowerKW': 43, 'CurrentTypeID': 20}]",1.0,50,2019-05-27T22:13:00Z,1,2016-08-10T09:18:00Z,200,71126,Bornholmstraat,Bornholmstraat,Groningen,Groningen,9723BE,159,53.2120403319232,6.59386227470088,,,0,Groningen,,,,,,,101403.0,2.0,50.0,3.0,50.0,30.0,,,,,
642,False,2016-08-06T21:29:00Z,70718,A0FE8F3E-2BAF-4F23-A04C-5808D20EDDBB,1,178.0,1.0,,"[{'ID': 101291, 'ConnectionTypeID': 25, 'StatusTypeID': 50}]",2.0,50,2016-08-06T21:29:00Z,1,2016-08-06T15:57:00Z,200,71064,Parking Stationspark Goes,Stationspark,Goes,Zeeland,4462 DZ,159,51.4981160585635,3.89731689422605,,,0,Entrance Parking at Stationspark 24,,,"Ingang van deze enorm lange Parking is bij huisnr Stationspark 24.
Helemaal op het eind van de Parking vlakbij de Kloetingseweg is dan pas het dubbele laadpunt.
Iets  verderop trouwens aan het Stationspark, bij Enduris, op nr 28 is ook een laadpunt (2x) voor bezoekers.
",,,,101291.0,25.0,50.0,,,,,,,,
643,False,2016-08-06T21:30:00Z,70717,F270CAC5-347B-4A34-BD9A-0B89AE7A74DA,1,103.0,1.0,,"[{'ID': 101290, 'ConnectionTypeID': 25, 'StatusTypeID': 50}]",2.0,50,2016-08-06T21:30:00Z,1,2016-08-06T15:12:00Z,200,71063,Nieuwe Jachthaven Brouwershaven,Nieuwe Jachthaven ter hoogte nr 8,Brouwershaven,Zeeland,4318 AR,159,51.7275339704289,3.91334514564664,,,0,,,,Allego provider,,,,101290.0,25.0,50.0,,,,,,,,
644,False,2016-07-09T22:48:00Z,70137,8E71A5C2-C7C9-4638-BC9C-DCD138216D34,1,1.0,1.0,"0,35","[{'ID': 100066, 'ConnectionTypeID': 25, 'StatusTypeID': 50, 'LevelID': 2, 'Amps': 16, 'PowerKW': 11, 'CurrentTypeID': 20}]",1.0,50,2016-07-09T22:48:00Z,1,2016-07-09T08:25:00Z,200,70483,Reith Elektrotechniek ,Bedrijvenweg 7,Neede,,7161 AK,159,52.1294785298222,6.63031282707379,,,0,,,j.reith@reith.nl,,,,,100066.0,25.0,50.0,2.0,11.0,20.0,,,16.0,,
645,False,2017-09-19T09:28:00Z,70035,03106AE1-BDB6-494C-83E8-6A674BAAC8FE,1,103.0,5.0,Free,"[{'ID': 98915, 'ConnectionTypeID': 25, 'StatusTypeID': 50, 'LevelID': 2, 'PowerKW': 11, 'CurrentTypeID': 20}, {'ID': 98916, 'ConnectionTypeID': 25, 'StatusTypeID': 50, 'LevelID': 2, 'PowerKW': 11, 'CurrentTypeID': 20}]",2.0,50,2017-09-19T09:28:00Z,1,2016-07-02T19:55:00Z,200,70381,Sperwerlaan,Sperwerlaan 37,Nieuwegein,Utrecht,3435,159,52.0206127858415,5.07083415985107,+31 (0)88-7500300,http://www.openbaarladen.nl,0,,,,RFID or Smoov-app required,,"NLALLEGO0012601,NLALLEGO0012601,NLALLEGO0012602",+31 (0)800-3745337,98915.0,25.0,50.0,2.0,11.0,20.0,,,,,
646,False,2017-09-19T07:42:00Z,68985,76D2673E-970D-4FCA-B5E5-DF66481A6CD2,1,103.0,4.0,Free,"[{'ID': 96841, 'ConnectionTypeID': 25, 'StatusTypeID': 50, 'LevelID': 2, 'Amps': 16, 'Voltage': 230, 'PowerKW': 11, 'CurrentTypeID': 20, 'Quantity': 2}]",2.0,50,2017-09-19T07:42:00Z,1,2016-06-27T18:00:00Z,200,69331,Schakelstede 169,Schakelstede 169,Nieuwegein,,,159,52.0275722,5.0830196,,,0,,,,,,"NLALLEGO0012081,NLALLEGO0012081,NLALLEGO0012082",,96841.0,25.0,50.0,2.0,11.0,20.0,2.0,,16.0,230.0,
647,False,2016-06-26T17:42:00Z,68982,913B0165-5EF5-4071-882B-6DB44E5BA687,1,74.0,4.0,"EUR 0,79/kWh","[{'ID': 96836, 'ConnectionTypeID': 25, 'StatusTypeID': 50, 'LevelID': 3, 'PowerKW': 43, 'CurrentTypeID': 20, 'Quantity': 1}, {'ID': 96837, 'ConnectionTypeID': 2, 'StatusTypeID': 50, 'LevelID': 3, 'PowerKW': 50, 'CurrentTypeID': 30, 'Quantity': 1}, {'ID': 96838, 'ConnectionTypeID': 33, 'StatusTypeID': 50, 'LevelID': 3, 'PowerKW': 50, 'CurrentTypeID': 30, 'Quantity': 1}]",2.0,50,2016-06-26T17:42:00Z,1,2016-06-26T09:27:00Z,200,69328,Fastned Swentibold,A2,Geleen,,,159,51.010946624807275,5.800352096557617,+31 (0)20-705 53 00 ,https://fastned.nl/en/,0,,,support@fastnedcharging.com,On A2 northwards on the parking called Swentibold,,,,96836.0,25.0,50.0,3.0,43.0,20.0,1.0,,,,
648,False,2016-06-14T20:49:00Z,68650,BE6D0935-AFBE-4F28-A0B2-CC0CCC5C63B3,1,36.0,4.0,Paid,"[{'ID': 96268, 'ConnectionTypeID': 25, 'StatusTypeID': 0, 'Quantity': 2}, {'ID': 96269, 'ConnectionTypeID': 25, 'StatusTypeID': 0, 'Quantity': 2}, {'ID': 96270, 'ConnectionTypeID': 25, 'StatusTypeID': 0, 'Quantity': 2}]",3.0,50,2016-06-14T20:49:00Z,1,2016-06-14T20:35:00Z,200,68996,Decathlon Arnhem,Olympus 1,Arnhem,,6832EL,159,51.96262695329827,5.90065598487854,,,0,,,,,,,,96268.0,25.0,0.0,,,,2.0,,,,
649,False,2016-06-09T21:05:00Z,68501,A89B2278-90D4-4187-85CB-8348302EFBA0,1,45.0,1.0,Gratis,"[{'ID': 95811, 'ConnectionTypeID': 28, 'StatusTypeID': 50, 'LevelID': 1, 'Voltage': 240, 'PowerKW': 0.3, 'CurrentTypeID': 10, 'Quantity': 4}]",1.0,50,2016-06-09T21:05:00Z,1,2016-06-09T20:59:00Z,200,68847,McDonalds Bergen op Zoom,De Boulevard Noord 8,Bergen op Zoom,,4617 HD,159,51.48669049630196,4.278136709717515,,http://www.mcdonaldsrestaurant.nl/bergen-op-zoom-binnenschelde/,0,,,,,Powered by the sun but max 1 hour and max 300 w.,,,95811.0,28.0,50.0,1.0,0.3,10.0,4.0,,,240.0,
650,False,2016-06-04T02:37:00Z,68314,BD457FD2-BD0A-4D40-BE56-06D99C70BB68,26,157.0,,0.00 jaarabonnement,"[{'ID': 95240, 'ConnectionTypeID': 25, 'LevelID': 2, 'PowerKW': 11, 'CurrentTypeID': 10}]",1.0,50,2016-06-04T02:37:00Z,3,2016-06-04T02:37:00Z,100,68660,Hippolytuslaan 2H,Hippolytuslaan 2H,Loppersum,,9991 AK,159,53.3472897,6.6477931,088 0109500,http://thenewmotion.nl/,0,,92589,,,,NewMotion 03006027,,95240.0,25.0,,2.0,11.0,10.0,,,,,
651,False,2016-06-04T02:37:00Z,68313,0540359B-DE1A-4294-B970-57BBD22C0915,26,157.0,,0.00 jaarabonnement,"[{'ID': 95239, 'ConnectionTypeID': 25, 'LevelID': 2, 'PowerKW': 11, 'CurrentTypeID': 10}]",1.0,50,2016-06-04T02:37:00Z,3,2016-06-04T02:37:00Z,100,68659,Piet Heinstraat 38,Piet Heinstraat 38,Delfzijl,,9934 HM,159,53.3271262,6.9178201,088 0109500,http://thenewmotion.nl/,0,,93818,,,,NewMotion 03006572,,95239.0,25.0,,2.0,11.0,10.0,,,,,
652,False,2016-06-04T02:37:00Z,68312,94B0C05A-0DF3-4215-9392-5CB4ECB20B61,26,157.0,,0.00 jaarabonnement,"[{'ID': 95238, 'ConnectionTypeID': 25, 'LevelID': 2, 'PowerKW': 11, 'CurrentTypeID': 10}]",1.0,50,2016-06-04T02:37:00Z,3,2016-06-04T02:37:00Z,100,68658,Fivelpoort 1,Fivelpoort 1,Appingedam,,9902 SR,159,53.3031488,6.856694,088 0109500,http://thenewmotion.nl/,0,,92766,,,,NewMotion 03006626,,95238.0,25.0,,2.0,11.0,10.0,,,,,
653,False,2016-06-04T02:37:00Z,68311,96EC673E-717F-423F-BBD2-8F4A58907F6F,26,157.0,,0.00 jaarabonnement,"[{'ID': 95237, 'ConnectionTypeID': 25, 'LevelID': 2, 'PowerKW': 22, 'CurrentTypeID': 10}]",1.0,50,2016-06-04T02:37:00Z,3,2016-06-04T02:37:00Z,100,68657,Duinweg 9,Duinweg 9,Vlieland,,8899 BK,159,53.2976629,5.0733724,088 0109500,http://thenewmotion.nl/,0,,93298,,,,NewMotion 03004941,,95237.0,25.0,,2.0,22.0,10.0,,,,,
654,False,2016-06-04T02:37:00Z,68309,1E439470-4445-4407-9C83-F95C39F3146A,26,103.0,,0.00 jaarabonnement,"[{'ID': 95234, 'ConnectionTypeID': 25, 'LevelID': 2, 'PowerKW': 11, 'CurrentTypeID': 10}, {'ID': 95235, 'ConnectionTypeID': 25, 'LevelID': 2, 'PowerKW': 11, 'CurrentTypeID': 10}]",1.0,50,2016-06-04T02:37:00Z,3,2016-06-04T02:37:00Z,100,68655,Van Oldenbarneveltlaan 123,Van Oldenbarneveltlaan 123,Groningen,,9716 ED,159,53.2331276,6.55981951,0800-3745337,http://www.allego.eu/,0,,92937,,,,Allego NLALLEGO0011352,,95234.0,25.0,,2.0,11.0,10.0,,,,,
655,False,2016-06-04T02:37:00Z,68308,A1D49033-6846-4C80-95A4-40C8188D1448,26,103.0,,0.00 jaarabonnement,"[{'ID': 95232, 'ConnectionTypeID': 25, 'LevelID': 2, 'PowerKW': 11, 'CurrentTypeID': 10}, {'ID': 95233, 'ConnectionTypeID': 25, 'LevelID': 2, 'PowerKW': 11, 'CurrentTypeID': 10}]",1.0,50,2016-06-04T02:37:00Z,3,2016-06-04T02:37:00Z,100,68654,Damsterdiep 204,Damsterdiep 204,Groningen,,9713 EN,159,53.22265344,6.5888392,0800-3745337,http://www.allego.eu/,0,,91609,,,,Allego NLALLEGO0000532,,95232.0,25.0,,2.0,11.0,10.0,,,,,
656,False,2016-06-04T02:37:00Z,68307,AB89E261-0E4D-452F-BC86-84F357AA03CC,26,103.0,,0.00 jaarabonnement,"[{'ID': 95230, 'ConnectionTypeID': 25, 'LevelID': 2, 'PowerKW': 11, 'CurrentTypeID': 10}, {'ID': 95231, 'ConnectionTypeID': 25, 'LevelID': 2, 'PowerKW': 11, 'CurrentTypeID': 10}]",1.0,50,2016-06-04T02:37:00Z,3,2016-06-04T02:37:00Z,100,68653,Molenstraat 34g,Molenstraat 34g,Leeuwarden,,8913 BC,159,53.20211,5.78479,0800-3745337,http://www.allego.eu/,0,,92502,,,,Allego NLALLEGO0009511,,95230.0,25.0,,2.0,11.0,10.0,,,,,
657,False,2016-06-04T02:37:00Z,68306,EC3B7D78-997A-4BE2-B849-9377810485FD,26,103.0,,0.00 jaarabonnement,"[{'ID': 95228, 'ConnectionTypeID': 25, 'LevelID': 2, 'PowerKW': 11, 'CurrentTypeID': 10}, {'ID': 95229, 'ConnectionTypeID': 25, 'LevelID': 2, 'PowerKW': 11, 'CurrentTypeID': 10}]",1.0,50,2016-06-04T02:37:00Z,3,2016-06-04T02:37:00Z,100,68652,Coendersweg 1a-4,Coendersweg 1a-4,Groningen,,9722 GA,159,53.201889,6.58155385,0800-3745337,http://www.allego.eu/,0,,92857,,,,Allego NLALLEGO0011341,,95228.0,25.0,,2.0,11.0,10.0,,,,,
658,False,2016-06-04T02:37:00Z,68305,93EF0F74-AE36-43E9-8C04-A90D15D5C466,26,103.0,,0.00 jaarabonnement,"[{'ID': 95226, 'ConnectionTypeID': 25, 'LevelID': 2, 'PowerKW': 11, 'CurrentTypeID': 10}, {'ID': 95227, 'ConnectionTypeID': 25, 'LevelID': 2, 'PowerKW': 11, 'CurrentTypeID': 10}]",1.0,50,2016-06-04T02:37:00Z,3,2016-06-04T02:37:00Z,100,68651,Verlengde Hereweg 20,Verlengde Hereweg 20,Groningen,,9722 AC,159,53.20008553,6.57871517,0800-3745337,http://www.allego.eu/,0,,91607,,,,Allego NLALLEGO0000472,,95226.0,25.0,,2.0,11.0,10.0,,,,,
659,False,2016-06-04T02:37:00Z,68304,FB771727-56DC-4C72-A78C-30462E75F635,26,103.0,,0.00 jaarabonnement,"[{'ID': 95224, 'ConnectionTypeID': 25, 'LevelID': 2, 'PowerKW': 11, 'CurrentTypeID': 10}, {'ID': 95225, 'ConnectionTypeID': 25, 'LevelID': 2, 'PowerKW': 11, 'CurrentTypeID': 10}]",1.0,50,2016-06-04T02:37:00Z,3,2016-06-04T02:37:00Z,100,68650,G.J. Boekhovenstraat 2-aa,G.J. Boekhovenstraat 2-aa,Groningen,,9728 VL,159,53.1916928,6.5570241,0800-3745337,http://www.allego.eu/,0,,92860,,,,Allego NLALLEGO0011371,,95224.0,25.0,,2.0,11.0,10.0,,,,,
660,False,2016-06-04T02:37:00Z,68303,27674CE9-B90C-4468-983B-D1E054FE84FE,26,103.0,,0.00 jaarabonnement,"[{'ID': 95222, 'ConnectionTypeID': 25, 'LevelID': 2, 'PowerKW': 11, 'CurrentTypeID': 10}, {'ID': 95223, 'ConnectionTypeID': 25, 'LevelID': 2, 'PowerKW': 11, 'CurrentTypeID': 10}]",1.0,50,2016-06-04T02:37:00Z,3,2016-06-04T02:37:00Z,100,68649,Gorterlaan 66,Gorterlaan 66,Groningen,,9721 ZH,159,53.18737103,6.57726375,0800-3745337,http://www.allego.eu/,0,,92939,,,,Allego NLALLEGO0011362,,95222.0,25.0,,2.0,11.0,10.0,,,,,
661,False,2016-06-04T02:37:00Z,68302,8A2CBA0B-9189-4186-90AD-4937FAEB6692,26,73.0,,0.00 jaarabonnement,"[{'ID': 95221, 'ConnectionTypeID': 25, 'LevelID': 2, 'PowerKW': 5, 'CurrentTypeID': 10}]",1.0,50,2016-06-04T02:37:00Z,3,2016-06-04T02:37:00Z,100,68648,De Wijmerts 6,De Wijmerts 6,Leeuwarden,,8939 AN,159,53.18512,5.82704,,http://www.ev-box.nl,0,,93038,,,,EV-Box EVB-P1409024,,95221.0,25.0,,2.0,5.0,10.0,,,,,
662,False,2016-06-04T02:37:00Z,68301,36E535A7-8B17-4F6D-B7ED-10D0EEBC2A04,26,103.0,,0.00 jaarabonnement,"[{'ID': 95219, 'ConnectionTypeID': 25, 'LevelID': 2, 'PowerKW': 11, 'CurrentTypeID': 10}, {'ID': 95220, 'ConnectionTypeID': 25, 'LevelID': 2, 'PowerKW': 11, 'CurrentTypeID': 10}]",1.0,50,2016-06-04T02:37:00Z,3,2016-06-04T02:37:00Z,100,68647,Ublingaplantage,Ublingaplantage,Leeuwarden,,8939 EA,159,53.17800378,5.82187926,0800-3745337,http://www.allego.eu/,0,,92598,,,,Allego NLALLEGO0011071,,95219.0,25.0,,2.0,11.0,10.0,,,,,
663,False,2016-06-04T02:37:00Z,68300,890E954E-D081-4BC4-B8D3-67866FFD244D,26,157.0,,0.00 jaarabonnement,"[{'ID': 95218, 'ConnectionTypeID': 25, 'LevelID': 2, 'PowerKW': 3.7, 'CurrentTypeID': 10}]",1.0,50,2016-06-04T02:37:00Z,3,2016-06-04T02:37:00Z,100,68646,Weidebloemenweg 12,Weidebloemenweg 12,Noordenveld,,9302 AA,159,53.1299013964644,6.40546917915344,088 0109500,http://thenewmotion.nl/,0,,91562,,,,NewMotion 02000442,,95218.0,25.0,,2.0,3.7,10.0,,,,,
664,False,2016-06-04T02:37:00Z,68299,D7DBB9B9-BA9E-4D6E-88E7-A6D2BB9BB93D,26,157.0,,0.00 jaarabonnement,"[{'ID': 95217, 'ConnectionTypeID': 25, 'LevelID': 2, 'PowerKW': 11, 'CurrentTypeID': 10}]",1.0,50,2016-06-04T02:37:00Z,3,2016-06-04T02:37:00Z,100,68645,Stuifweg,Stuifweg,Texel,,1794 HA,159,53.1149037,4.8970803,088 0109500,http://thenewmotion.nl/,0,,93299,,,,NewMotion 03006911,,95217.0,25.0,,2.0,11.0,10.0,,,,,
665,False,2016-06-04T02:37:00Z,68298,D75D6670-D656-4F02-8193-CB20BBE63487,26,179.0,,0.00 afhankelijk van pas,"[{'ID': 95216, 'ConnectionTypeID': 25, 'LevelID': 2, 'PowerKW': 22, 'CurrentTypeID': 10}]",2.0,50,2016-06-04T02:37:00Z,3,2016-06-04T02:37:00Z,100,68644,De Feart 1,De Feart 1,Opsterland,,9247 CK,159,53.105105,6.13943,,http://www.ecotap.nl,0,,92720,,,,Ecotap 1601149,,95216.0,25.0,,2.0,22.0,10.0,,,,,
666,False,2016-06-04T02:37:00Z,68297,34229394-4372-4634-AC1B-FEA13918B26F,26,73.0,,0.00 jaarabonnement,"[{'ID': 95214, 'ConnectionTypeID': 25, 'LevelID': 2, 'PowerKW': 11, 'CurrentTypeID': 10}, {'ID': 95215, 'ConnectionTypeID': 25, 'LevelID': 2, 'PowerKW': 11, 'CurrentTypeID': 10}]",1.0,50,2016-06-04T02:37:00Z,3,2016-06-04T02:37:00Z,100,68643,Zonnedauw 7,Zonnedauw 7,Smallingerland,,9202 PE,159,53.10353,6.12546,,http://www.ev-box.nl,0,,91519,,,,EV-Box EVB-P1551083,,95214.0,25.0,,2.0,11.0,10.0,,,,,
667,False,2016-06-04T02:37:00Z,68296,51BB27D0-CB24-4C20-BF01-03B90C254F6E,26,103.0,,0.00 jaarabonnement,"[{'ID': 95212, 'ConnectionTypeID': 25, 'LevelID': 2, 'PowerKW': 11, 'CurrentTypeID': 10}, {'ID': 95213, 'ConnectionTypeID': 25, 'LevelID': 2, 'PowerKW': 11, 'CurrentTypeID': 10}]",1.0,50,2016-06-04T02:37:00Z,3,2016-06-04T02:37:00Z,100,68642,De Tsjalk 15,De Tsjalk 15,Leeuwarden,,9001 HD,159,53.08982065,5.83666591,0800-3745337,http://www.allego.eu/,0,,93481,,,,Allego NLALLEGO0004282,,95212.0,25.0,,2.0,11.0,10.0,,,,,
668,False,2016-06-04T02:37:00Z,68295,FA99DFF8-8860-4B8B-B739-F9B8FDA89B14,26,157.0,,0.00 jaarabonnement,"[{'ID': 95211, 'ConnectionTypeID': 25, 'LevelID': 2, 'PowerKW': 11, 'CurrentTypeID': 10}]",1.0,50,2016-06-04T02:37:00Z,3,2016-06-04T02:37:00Z,100,68641,Arlo 23,Arlo 23,Tynaarlo,,9482 VK,159,53.0736608,6.6193405,088 0109500,http://thenewmotion.nl/,0,,92500,,,,NewMotion 03006773,,95211.0,25.0,,2.0,11.0,10.0,,,,,
669,False,2016-06-04T02:37:00Z,68294,B772E2FB-D15E-40A4-BF8A-E2171AA9B982,26,73.0,,0.00 jaarabonnement,"[{'ID': 95209, 'ConnectionTypeID': 25, 'LevelID': 2, 'PowerKW': 5, 'CurrentTypeID': 10}, {'ID': 95210, 'ConnectionTypeID': 25, 'LevelID': 2, 'PowerKW': 5, 'CurrentTypeID': 10}]",1.0,50,2016-06-04T02:37:00Z,3,2016-06-04T02:37:00Z,100,68640,Ra'anana 10,Ra'anana 10,Opsterland,,8401 VB,159,53.00056,6.07146,,http://www.ev-box.nl,0,,93330,,,,EV-Box EVB-P1313055,,95209.0,25.0,,2.0,5.0,10.0,,,,,
670,False,2016-06-04T02:37:00Z,68293,36B261D7-9F4F-41A9-BC28-02E7AF2A1313,26,73.0,,0.00 jaarabonnement,"[{'ID': 95207, 'ConnectionTypeID': 25, 'LevelID': 2, 'PowerKW': 11, 'CurrentTypeID': 10}, {'ID': 95208, 'ConnectionTypeID': 25, 'LevelID': 2, 'PowerKW': 11, 'CurrentTypeID': 10}]",1.0,50,2016-06-04T02:37:00Z,3,2016-06-04T02:37:00Z,100,68639,Bloksleat,Bloksleat,De Fryske Marren,,8512 AA,159,52.99305,5.75287,,http://www.ev-box.nl,0,,91463,,,,EV-Box EVB-P1416097,,95207.0,25.0,,2.0,11.0,10.0,,,,,
671,False,2016-06-04T02:37:00Z,68292,2C2F0552-E3A1-4BD8-99F8-D1E15E1EFB40,26,,,0.00 jaarabonnement,"[{'ID': 95204, 'ConnectionTypeID': 25, 'LevelID': 2, 'PowerKW': 11, 'CurrentTypeID': 10}, {'ID': 95205, 'ConnectionTypeID': 25, 'LevelID': 2, 'PowerKW': 11, 'CurrentTypeID': 10}, {'ID': 95206, 'ConnectionTypeID': 25, 'LevelID': 2, 'PowerKW': 11, 'CurrentTypeID': 10}]",1.0,50,2016-06-04T02:37:00Z,3,2016-06-04T02:37:00Z,100,68638,Stadsbroek,Stadsbroek,Assen,,9405 BM,159,52.98438,6.541,06-53505381,http://www.nlmab.nl,0,,91605,,,,Alfen NLMAB_0681,,95204.0,25.0,,2.0,11.0,10.0,,,,,
672,False,2016-06-04T02:37:00Z,68291,06B66137-C204-4ED9-A4F0-386E92EB0751,26,73.0,,0.00 jaarabonnement,"[{'ID': 95203, 'ConnectionTypeID': 25, 'LevelID': 2, 'PowerKW': 5, 'CurrentTypeID': 10}]",1.0,50,2016-06-04T02:37:00Z,3,2016-06-04T02:37:00Z,100,68637,Hoogveen 13,Hoogveen 13,Stadskanaal,,9501 XK,159,52.98055,6.96532,,http://www.ev-box.nl,0,,92830,,,,EV-Box EVB-P1430322,,95203.0,25.0,,2.0,5.0,10.0,,,,,
673,False,2016-06-04T02:37:00Z,68290,B2A24A6F-CDD7-4392-8C90-5FF5F1F23BB7,26,73.0,,0.00 jaarabonnement,"[{'ID': 95201, 'ConnectionTypeID': 25, 'LevelID': 2, 'PowerKW': 5, 'CurrentTypeID': 10}, {'ID': 95202, 'ConnectionTypeID': 25, 'LevelID': 2, 'PowerKW': 5, 'CurrentTypeID': 10}]",1.0,50,2016-06-04T02:37:00Z,3,2016-06-04T02:37:00Z,100,68636,K R Poststraat 91-1,K R Poststraat 91-1,Heerenveen,,8441 EN,159,52.96386,5.92772,,http://www.ev-box.nl,0,,93369,,,,EV-Box EVB-P1416003,,95201.0,25.0,,2.0,5.0,10.0,,,,,
674,False,2016-06-04T02:37:00Z,68289,C4DBE616-9559-41F9-9DBB-759B90850553,26,157.0,,0.00 jaarabonnement,"[{'ID': 95200, 'ConnectionTypeID': 25, 'LevelID': 2, 'PowerKW': 11, 'CurrentTypeID': 10}]",1.0,50,2016-06-04T02:37:00Z,3,2016-06-04T02:37:00Z,100,68635,Markehof 4,Markehof 4,Steenwijkerland,,8334 SB,159,52.7987156,6.089696,088 0109500,http://thenewmotion.nl/,0,,93178,,,,NewMotion 03006966,,95200.0,25.0,,2.0,11.0,10.0,,,,,
675,False,2016-06-04T02:37:00Z,68288,3F14DE18-8C9D-420E-8866-6E96110E2342,26,73.0,,0.00 jaarabonnement,"[{'ID': 95198, 'ConnectionTypeID': 25, 'LevelID': 2, 'PowerKW': 11, 'CurrentTypeID': 10}, {'ID': 95199, 'ConnectionTypeID': 25, 'LevelID': 2, 'PowerKW': 11, 'CurrentTypeID': 10}]",1.0,50,2016-06-04T02:37:00Z,3,2016-06-04T02:37:00Z,100,68634,Marktplein 15,Marktplein 15,Emmen,,7811 AM,159,52.78446,6.89151,,http://www.ev-box.nl,0,,85163,,,,EV-Box EVB-P1345290,,95198.0,25.0,,2.0,11.0,10.0,,,,,
676,False,2016-06-04T02:37:00Z,68287,07EBADD1-A742-4219-86F7-F8987E0DFA88,26,73.0,,0.00 jaarabonnement,"[{'ID': 95197, 'ConnectionTypeID': 25, 'LevelID': 2, 'PowerKW': 5, 'CurrentTypeID': 10}]",1.0,50,2016-06-04T02:37:00Z,3,2016-06-04T02:37:00Z,100,68633,Ruigeweg 49,Ruigeweg 49,Schagen,,1752 HC,159,52.7801,4.71061,,http://www.ev-box.nl,0,,93713,,,,EV-Box EVB-P1424070,,95197.0,25.0,,2.0,5.0,10.0,,,,,
677,False,2016-06-04T02:37:00Z,68286,AAE77472-25F0-4EC7-B1B6-5E3C761945B8,26,103.0,,0.00 jaarabonnement,"[{'ID': 95195, 'ConnectionTypeID': 25, 'LevelID': 2, 'PowerKW': 11, 'CurrentTypeID': 10}, {'ID': 95196, 'ConnectionTypeID': 25, 'LevelID': 2, 'PowerKW': 11, 'CurrentTypeID': 10}]",1.0,50,2016-06-04T02:37:00Z,3,2016-06-04T02:37:00Z,100,68632,Achterom 24,Achterom 24,Medemblik,,1671 CG,159,52.77156482,5.10563085,0800-3745337,http://www.allego.eu/,0,,91649,,,,Allego NLALLEGO0009962,,95195.0,25.0,,2.0,11.0,10.0,,,,,
678,False,2016-06-04T02:37:00Z,68285,429383DF-C383-413E-8949-3738EA00D398,26,73.0,,0.00 jaarabonnement,"[{'ID': 95194, 'ConnectionTypeID': 25, 'LevelID': 2, 'PowerKW': 5, 'CurrentTypeID': 10}]",1.0,50,2016-06-04T02:37:00Z,3,2016-06-04T02:37:00Z,100,68631,Chromiumweg 7,Chromiumweg 7,Amersfoort,,3812 NL,159,52.7707,6.89964,,http://www.ev-box.nl,0,,93092,,,,EV-Box EVB-P1536482,,95194.0,25.0,,2.0,5.0,10.0,,,,,
679,False,2016-06-04T02:37:00Z,68284,57082B0A-5217-4722-A64A-A65E3871EE0C,26,73.0,,0.00 jaarabonnement,"[{'ID': 95193, 'ConnectionTypeID': 25, 'LevelID': 2, 'PowerKW': 11, 'CurrentTypeID': 10}]",1.0,50,2016-06-04T02:37:00Z,3,2016-06-04T02:37:00Z,100,68630,Weereweg 15,Weereweg 15,Hollands Kroon,,1732 LJ,159,52.76749,4.88552,,http://www.ev-box.nl,0,,91482,,,,EV-Box EVB-P1426210,,95193.0,25.0,,2.0,11.0,10.0,,,,,
680,False,2016-06-04T02:37:00Z,68283,C0ACD500-BC5B-4B6D-9104-D5D35426B975,26,73.0,,0.00 jaarabonnement,"[{'ID': 95192, 'ConnectionTypeID': 25, 'LevelID': 2, 'PowerKW': 5, 'CurrentTypeID': 10}]",1.0,50,2016-06-04T02:37:00Z,3,2016-06-04T02:37:00Z,100,68629,Leliestraat 2,Leliestraat 2,Noordoostpolder,,8311 AG,159,52.72654,5.64235,,http://www.ev-box.nl,0,,93225,,,,EV-Box EVB-P1449051,,95192.0,25.0,,2.0,5.0,10.0,,,,,
681,False,2016-06-04T02:37:00Z,68282,E3FDF8D8-4B07-4D61-9F7A-B05EE3E38394,26,177.0,,0.00 jaarabonnement,"[{'ID': 95190, 'ConnectionTypeID': 25, 'LevelID': 2, 'PowerKW': 11, 'CurrentTypeID': 10}, {'ID': 95191, 'ConnectionTypeID': 25, 'LevelID': 2, 'PowerKW': 11, 'CurrentTypeID': 10}]",1.0,50,2016-06-04T02:37:00Z,3,2016-06-04T02:37:00Z,100,68628,Heereweg 305,Heereweg 305,Bergen (NH),,1873 GC,159,52.722056,4.663813,,http://www.nuon.nl/ev,0,,90589,,,,Nuon EVB-P1521086,,95190.0,25.0,,2.0,11.0,10.0,,,,,
682,False,2016-06-04T02:37:00Z,68281,5DB970EB-CAD8-4E4B-BD31-F9EC1AA6A453,26,73.0,,0.00 jaarabonnement,"[{'ID': 95189, 'ConnectionTypeID': 25, 'LevelID': 2, 'PowerKW': 5, 'CurrentTypeID': 10}]",1.0,50,2016-06-04T02:37:00Z,3,2016-06-04T02:37:00Z,100,68627,Geerling 37,Geerling 37,Stede Broec,,1613 PG,159,52.71104,5.21789,,http://www.ev-box.nl,0,,92038,,,,EV-Box EVB-P1417190,,95189.0,25.0,,2.0,5.0,10.0,,,,,
683,False,2016-06-04T02:37:00Z,68280,12D15860-8481-456C-A671-A0EFECABA2BA,26,177.0,,0.00 jaarabonnement,"[{'ID': 95187, 'ConnectionTypeID': 25, 'LevelID': 2, 'PowerKW': 11, 'CurrentTypeID': 10}, {'ID': 95188, 'ConnectionTypeID': 25, 'LevelID': 2, 'PowerKW': 11, 'CurrentTypeID': 10}]",1.0,50,2016-06-04T02:37:00Z,3,2016-06-04T02:37:00Z,100,68626,Klaproos 1,Klaproos 1,Opmeer,,1716 VS,159,52.706318,4.94458,,http://www.nuon.nl/ev,0,,89836,,,,Nuon EVB-P1516023,,95187.0,25.0,,2.0,11.0,10.0,,,,,
684,False,2016-06-04T02:37:00Z,68279,82CA423B-443C-4D88-88C0-AEB67B2A176B,26,177.0,,0.00 jaarabonnement,"[{'ID': 95185, 'ConnectionTypeID': 25, 'LevelID': 2, 'PowerKW': 11, 'CurrentTypeID': 10}, {'ID': 95186, 'ConnectionTypeID': 25, 'LevelID': 2, 'PowerKW': 11, 'CurrentTypeID': 10}]",1.0,50,2016-06-04T02:37:00Z,3,2016-06-04T02:37:00Z,100,68625,Sportlaan 1,Sportlaan 1,Bergen (NH),,1871 EP,159,52.704105,4.693015,,http://www.nuon.nl/ev,0,,90259,,,,Nuon EVB-P1523044,,95185.0,25.0,,2.0,11.0,10.0,,,,,
685,False,2016-06-04T02:37:00Z,68278,60F344C1-8DB8-4491-A5C9-7E0D36627638,26,73.0,,0.00 jaarabonnement,"[{'ID': 95183, 'ConnectionTypeID': 25, 'LevelID': 2, 'PowerKW': 11, 'CurrentTypeID': 10}, {'ID': 95184, 'ConnectionTypeID': 25, 'LevelID': 2, 'PowerKW': 11, 'CurrentTypeID': 10}]",1.0,50,2016-06-04T02:37:00Z,3,2016-06-04T02:37:00Z,100,68624,Jan Tooroplaan 2,Jan Tooroplaan 2,Meppel,,7944 JL,159,52.69096,6.17831,,http://www.ev-box.nl,0,,91938,,,,EV-Box EVB-P1416083,,95183.0,25.0,,2.0,11.0,10.0,,,,,
686,False,2016-06-04T02:37:00Z,68277,0596E255-8AC7-4FC6-8845-F4FA75467DD8,26,73.0,,0.00 jaarabonnement,"[{'ID': 95182, 'ConnectionTypeID': 25, 'LevelID': 2, 'PowerKW': 5, 'CurrentTypeID': 10}]",1.0,50,2016-06-04T02:37:00Z,3,2016-06-04T02:37:00Z,100,68623,Jan Steenstraat 22,Jan Steenstraat 22,Meppel,,7944 TS,159,52.68307,6.18068,,http://www.ev-box.nl,0,,91492,,,,EV-Box EVB-P1449062,,95182.0,25.0,,2.0,5.0,10.0,,,,,
687,False,2016-06-04T02:37:00Z,68276,5D95DF00-877D-4552-8923-1C097A46A486,26,177.0,,0.00 jaarabonnement,"[{'ID': 95180, 'ConnectionTypeID': 25, 'LevelID': 2, 'PowerKW': 11, 'CurrentTypeID': 10}, {'ID': 95181, 'ConnectionTypeID': 25, 'LevelID': 2, 'PowerKW': 11, 'CurrentTypeID': 10}]",1.0,50,2016-06-04T02:37:00Z,3,2016-06-04T02:37:00Z,100,68622,Zakedijkje 38C,Zakedijkje 38C,Bergen (NH),,1862 HB,159,52.668726,4.719739,,http://www.nuon.nl/ev,0,,90273,,,,Nuon EVB-P1521049,,95180.0,25.0,,2.0,11.0,10.0,,,,,
688,False,2016-06-04T02:37:00Z,68275,921186C9-185B-433C-9923-6988ECF67BB5,26,157.0,,0.00 jaarabonnement,"[{'ID': 95179, 'ConnectionTypeID': 25, 'LevelID': 2, 'PowerKW': 11, 'CurrentTypeID': 10}]",1.0,50,2016-06-04T02:37:00Z,3,2016-06-04T02:37:00Z,100,68621,Sint Antoniusstraat 45,Sint Antoniusstraat 45,Bergen (NH),,1861 LD,159,52.6655688,4.7031462,088 0109500,http://thenewmotion.nl/,0,,91580,,,,NewMotion 03006536,,95179.0,25.0,,2.0,11.0,10.0,,,,,
689,False,2016-06-04T02:37:00Z,68274,2E6B7B62-238C-4B2B-B134-12E3C746769A,26,73.0,,0.00 jaarabonnement,"[{'ID': 95178, 'ConnectionTypeID': 25, 'LevelID': 2, 'PowerKW': 11, 'CurrentTypeID': 10}]",1.0,50,2016-06-04T02:37:00Z,3,2016-06-04T02:37:00Z,100,68620,Benonilaan 30,Benonilaan 30,Hoorn,,1695 HC,159,52.66267,5.08291,,http://www.ev-box.nl,0,,92898,,,,EV-Box EVB-P1426026,,95178.0,25.0,,2.0,11.0,10.0,,,,,
690,False,2016-06-04T02:37:00Z,68273,9E29EA7F-7568-4F05-9D37-3DBD293B27EA,26,177.0,,0.00 jaarabonnement,"[{'ID': 95176, 'ConnectionTypeID': 25, 'LevelID': 2, 'PowerKW': 11, 'CurrentTypeID': 10}, {'ID': 95177, 'ConnectionTypeID': 25, 'LevelID': 2, 'PowerKW': 11, 'CurrentTypeID': 10}]",1.0,50,2016-06-04T02:37:00Z,3,2016-06-04T02:37:00Z,100,68619,Zeeweg 42,Zeeweg 42,Bergen (NH),,1865 AC,159,52.660409,4.630658,,http://www.nuon.nl/ev,0,,90261,,,,Nuon EVB-P1523045,,95176.0,25.0,,2.0,11.0,10.0,,,,,
691,False,2016-06-04T02:37:00Z,68272,E58139C1-A86B-4447-83FE-57224C6592E6,26,179.0,,0.00 afhankelijk van pas,"[{'ID': 95175, 'ConnectionTypeID': 25, 'LevelID': 2, 'PowerKW': 22, 'CurrentTypeID': 10}]",2.0,50,2016-06-04T02:37:00Z,3,2016-06-04T02:37:00Z,100,68618,H.G. Zwerusstraat 3,H.G. Zwerusstraat 3,Staphorst,,7951 CZ,159,52.64354,6.220173,,http://www.ecotap.nl,0,,92722,,,,Ecotap 1702144,,95175.0,25.0,,2.0,22.0,10.0,,,,,
692,False,2016-06-04T02:37:00Z,68271,620625BF-7EAE-4DD0-A1EF-9B3161C4F918,26,179.0,,0.00 afhankelijk van pas,"[{'ID': 95174, 'ConnectionTypeID': 25, 'LevelID': 2, 'PowerKW': 22, 'CurrentTypeID': 10}]",2.0,50,2016-06-04T02:37:00Z,3,2016-06-04T02:37:00Z,100,68617,Wethouder Wassebaliestraat 6,Wethouder Wassebaliestraat 6,Staphorst,,7951 SN,159,52.627415,6.208203,,http://www.ecotap.nl,0,,92721,,,,Ecotap 1702143,,95174.0,25.0,,2.0,22.0,10.0,,,,,
693,False,2016-06-04T02:37:00Z,68270,CB8F7826-7F66-4B0D-8C4D-22B088AC473C,26,177.0,,0.00 jaarabonnement,"[{'ID': 95172, 'ConnectionTypeID': 25, 'LevelID': 2, 'PowerKW': 11, 'CurrentTypeID': 10}, {'ID': 95173, 'ConnectionTypeID': 25, 'LevelID': 2, 'PowerKW': 11, 'CurrentTypeID': 10}]",1.0,50,2016-06-04T02:37:00Z,3,2016-06-04T02:37:00Z,100,68616,Prinses Beatrixlaan 55,Prinses Beatrixlaan 55,Bergen (NH),,1934 GG,159,52.624336,4.657131,,http://www.nuon.nl/ev,0,,90605,,,,Nuon EVB-P1521048,,95172.0,25.0,,2.0,11.0,10.0,,,,,
694,False,2016-06-04T02:37:00Z,68269,DC937E89-14C4-443E-81C0-7E970FBB0BCC,26,103.0,,0.00 jaarabonnement,"[{'ID': 95170, 'ConnectionTypeID': 25, 'LevelID': 2, 'PowerKW': 11, 'CurrentTypeID': 10}, {'ID': 95171, 'ConnectionTypeID': 25, 'LevelID': 2, 'PowerKW': 11, 'CurrentTypeID': 10}]",1.0,50,2016-06-04T02:37:00Z,3,2016-06-04T02:37:00Z,100,68615,Lamoraalweg 55,Lamoraalweg 55,Bergen (NH),,1934 CC,159,52.6202,4.65629,0800-3745337,http://www.allego.eu/,0,,91860,,,,Allego NLALLEGO0006132,,95170.0,25.0,,2.0,11.0,10.0,,,,,
695,False,2016-06-04T02:37:00Z,68267,E83AC037-7DF8-4584-97AE-D68412251295,26,73.0,,0.00 jaarabonnement,"[{'ID': 95168, 'ConnectionTypeID': 25, 'LevelID': 2, 'PowerKW': 5, 'CurrentTypeID': 10}]",1.0,50,2016-06-04T02:37:00Z,3,2016-06-04T02:37:00Z,100,68613,Noordervaart 46,Noordervaart 46,Alkmaar,,1841 HA,159,52.60693,4.83998,,http://www.ev-box.nl,0,,92838,,,,EV-Box EVB-P1541512,,95168.0,25.0,,2.0,5.0,10.0,,,,,
696,False,2017-06-12T10:58:00Z,68266,0F5C9C78-952E-4A13-8F57-87184C2C383A,26,177.0,,0.00 jaarabonnement,"[{'ID': 95166, 'ConnectionTypeID': 25, 'LevelID': 2, 'PowerKW': 11, 'CurrentTypeID': 10}, {'ID': 95167, 'ConnectionTypeID': 25, 'LevelID': 2, 'PowerKW': 11, 'CurrentTypeID': 10}]",1.0,50,2017-06-12T10:58:00Z,3,2016-06-04T02:37:00Z,100,68612,Kerkplein 3,Kerkplein 3,Bergen (NH),,1935 EW,159,52.594534,4.654664,,http://www.nuon.nl/ev,0,,90022,,,,Nuon EVB-P1523008,,95166.0,25.0,,2.0,11.0,10.0,,,,,
697,False,2016-06-04T02:37:00Z,68265,2A1B4AF7-D130-460A-9CF1-162821F96F12,26,157.0,,0.00 jaarabonnement,"[{'ID': 95164, 'ConnectionTypeID': 25, 'LevelID': 2, 'PowerKW': 11, 'CurrentTypeID': 10}, {'ID': 95165, 'ConnectionTypeID': 25, 'LevelID': 2, 'PowerKW': 11, 'CurrentTypeID': 10}]",1.0,50,2016-06-04T02:37:00Z,3,2016-06-04T02:37:00Z,100,68611,Raiffeisenstraat 2,Raiffeisenstraat 2,Dalfsen,,7711 JH,159,52.5879213,6.283228,088 0109500,http://thenewmotion.nl/,0,,93740,,,,NewMotion 03006956,,95164.0,25.0,,2.0,11.0,10.0,,,,,
698,False,2016-06-04T02:37:00Z,68264,249BFB69-34CB-4627-9CC1-FCC68BE1E5EF,26,73.0,,0.00 jaarabonnement,"[{'ID': 95162, 'ConnectionTypeID': 25, 'LevelID': 2, 'PowerKW': 11, 'CurrentTypeID': 10}, {'ID': 95163, 'ConnectionTypeID': 25, 'LevelID': 2, 'PowerKW': 11, 'CurrentTypeID': 10}]",1.0,50,2016-06-04T02:37:00Z,3,2016-06-04T02:37:00Z,100,68610,Het Kamp,Het Kamp,Dronten,,8251 GK,159,52.53309,5.72442,,http://www.ev-box.nl,0,,92907,,,,EV-Box EVB-P1548322,,95162.0,25.0,,2.0,11.0,10.0,,,,,
699,False,2016-06-04T02:37:00Z,68263,FFD8EFA1-9071-45F2-AF78-32B9BD5C64AE,26,73.0,,0.00 jaarabonnement,"[{'ID': 95161, 'ConnectionTypeID': 25, 'LevelID': 2, 'PowerKW': 5, 'CurrentTypeID': 10}]",1.0,50,2016-06-04T02:37:00Z,3,2016-06-04T02:37:00Z,100,68609,Flevostraat,Flevostraat,Purmerend,,1442 PZ,159,52.51833,4.97342,,http://www.ev-box.nl,0,,92977,,,,EV-Box EVB-P1409022,,95161.0,25.0,,2.0,5.0,10.0,,,,,
700,False,2016-06-04T02:37:00Z,68262,6161CA15-6D44-4DEF-9B37-826257E18E76,26,177.0,,0.00 jaarabonnement,"[{'ID': 95159, 'ConnectionTypeID': 25, 'LevelID': 2, 'PowerKW': 11, 'CurrentTypeID': 10}, {'ID': 95160, 'ConnectionTypeID': 25, 'LevelID': 2, 'PowerKW': 11, 'CurrentTypeID': 10}]",1.0,50,2016-06-04T02:37:00Z,3,2016-06-04T02:37:00Z,100,68608,Wieringenlaan 34,Wieringenlaan 34,Edam-Volendam,,1132 MB,159,52.510125,5.075247,,http://www.nuon.nl/ev,0,,90032,,,,Nuon EVB-P1521011,,95159.0,25.0,,2.0,11.0,10.0,,,,,
701,False,2016-06-04T02:37:00Z,68260,BDA3937F-36B9-44F9-B2A2-4309E9344282,26,157.0,,0.00 jaarabonnement,"[{'ID': 95157, 'ConnectionTypeID': 25, 'LevelID': 2, 'PowerKW': 11, 'CurrentTypeID': 10}]",1.0,50,2016-06-04T02:37:00Z,3,2016-06-04T02:37:00Z,100,68606,Hendric Dirckszstraat 3,Hendric Dirckszstraat 3,Edam-Volendam,,1135 HK,159,52.50552,5.04802489999997,088 0109500,http://thenewmotion.nl/,0,,91599,,,,NewMotion 03006161,,95157.0,25.0,,2.0,11.0,10.0,,,,,
702,False,2016-06-04T02:37:00Z,68259,7183B933-7DE8-422C-A146-235E4185B2A2,26,73.0,,0.00 jaarabonnement,"[{'ID': 95156, 'ConnectionTypeID': 25, 'LevelID': 2, 'PowerKW': 5, 'CurrentTypeID': 10}]",1.0,50,2016-06-04T02:37:00Z,3,2016-06-04T02:37:00Z,100,68605,Fien de la Marlaan 17,Fien de la Marlaan 17,Beverwijk,,1948 AB,159,52.48446,4.67931,,http://www.ev-box.nl,0,,92817,,,,EV-Box EVB-P1409027,,95156.0,25.0,,2.0,5.0,10.0,,,,,
703,False,2016-06-04T02:37:00Z,68258,8DEB5A76-5157-4E66-8208-B25F71772439,26,103.0,,0.00 jaarabonnement,"[{'ID': 95154, 'ConnectionTypeID': 25, 'LevelID': 2, 'PowerKW': 11, 'CurrentTypeID': 10}, {'ID': 95155, 'ConnectionTypeID': 25, 'LevelID': 2, 'PowerKW': 11, 'CurrentTypeID': 10}]",1.0,50,2016-06-04T02:37:00Z,3,2016-06-04T02:37:00Z,100,68604,De Wildeman,De Wildeman,Zaanstad,,1541 TM,159,52.4607,4.79448,0800-3745337,http://www.allego.eu/,0,,91623,,,,Allego NLALLEGO0009881,,95154.0,25.0,,2.0,11.0,10.0,,,,,
704,False,2016-06-04T02:37:00Z,68257,302D508E-012A-4ADD-9A22-B9FC69368E9F,26,103.0,,0.00 jaarabonnement,"[{'ID': 95152, 'ConnectionTypeID': 25, 'LevelID': 2, 'PowerKW': 11, 'CurrentTypeID': 10}, {'ID': 95153, 'ConnectionTypeID': 25, 'LevelID': 2, 'PowerKW': 11, 'CurrentTypeID': 10}]",1.0,50,2016-06-04T02:37:00Z,3,2016-06-04T02:37:00Z,100,68603,Kopermolenstraat 61A,Kopermolenstraat 61A,Zaanstad,,1502 DJ,159,52.449483,4.826615,0800-3745337,http://www.allego.eu/,0,,93422,,,,Allego NLALLEGO0009871,,95152.0,25.0,,2.0,11.0,10.0,,,,,
705,False,2016-06-04T02:37:00Z,68256,AD62FDD9-0E5D-4FF8-8009-BA05A7461222,26,157.0,,0.00 jaarabonnement,"[{'ID': 95151, 'ConnectionTypeID': 25, 'LevelID': 2, 'PowerKW': 11, 'CurrentTypeID': 10}]",2.0,50,2016-06-04T02:37:00Z,3,2016-06-04T02:37:00Z,100,68602,Zuiderzeestraatweg 107,Zuiderzeestraatweg 107,Oldebroek,,8096 BE,159,52.4464434415651,5.89521244841001,088 0109500,http://thenewmotion.nl/,0,,91567,,,,NewMotion ICUEVE900133,,95151.0,25.0,,2.0,11.0,10.0,,,,,
706,False,2016-06-04T02:37:00Z,68255,A985EA2A-3F18-4DF0-85D1-9E409168C22F,26,103.0,,0.00 jaarabonnement,"[{'ID': 95149, 'ConnectionTypeID': 25, 'LevelID': 2, 'PowerKW': 11, 'CurrentTypeID': 10}, {'ID': 95150, 'ConnectionTypeID': 25, 'LevelID': 2, 'PowerKW': 11, 'CurrentTypeID': 10}]",1.0,50,2016-06-04T02:37:00Z,3,2016-06-04T02:37:00Z,100,68601,Pieter Lakplantsoen 29,Pieter Lakplantsoen 29,Zaanstad,,1502 WP,159,52.44476,4.83113,0800-3745337,http://www.allego.eu/,0,,91622,,,,Allego NLALLEGO0009851,,95149.0,25.0,,2.0,11.0,10.0,,,,,
707,False,2016-06-04T02:37:00Z,68254,A2848EA0-E66F-4C72-8B8C-154CF92B27CB,26,177.0,,0.00 jaarabonnement,"[{'ID': 95147, 'ConnectionTypeID': 25, 'LevelID': 2, 'PowerKW': 11, 'CurrentTypeID': 10}, {'ID': 95148, 'ConnectionTypeID': 25, 'LevelID': 2, 'PowerKW': 11, 'CurrentTypeID': 10}]",1.0,50,2016-06-04T02:37:00Z,3,2016-06-04T02:37:00Z,100,68600,Caro van Eyckstraat,Caro van Eyckstraat,Zaanstad,,1507 SC,159,52.444598,4.800292,,http://www.nuon.nl/ev,0,,90469,,,,Nuon EVB-P1541124,,95147.0,25.0,,2.0,11.0,10.0,,,,,
708,False,2016-06-04T02:37:00Z,68253,634D9CBD-0C12-4A86-A210-DBFA593F639D,26,103.0,,0.00 jaarabonnement,"[{'ID': 95145, 'ConnectionTypeID': 25, 'LevelID': 2, 'PowerKW': 11, 'CurrentTypeID': 10}, {'ID': 95146, 'ConnectionTypeID': 25, 'LevelID': 2, 'PowerKW': 11, 'CurrentTypeID': 10}]",1.0,50,2016-06-04T02:37:00Z,3,2016-06-04T02:37:00Z,100,68599,Westzanerdijk,Westzanerdijk,Zaanstad,,1507 BE,159,52.4344855,4.8107194,0800-3745337,http://www.allego.eu/,0,,91625,,,,Allego NLALLEGO0009902,,95145.0,25.0,,2.0,11.0,10.0,,,,,
709,False,2016-06-04T02:37:00Z,68252,86B0888E-CEE1-4E52-9240-C94D7A72E9EF,26,73.0,,0.00 jaarabonnement,"[{'ID': 95144, 'ConnectionTypeID': 25, 'LevelID': 2, 'PowerKW': 11, 'CurrentTypeID': 10}]",1.0,50,2016-06-04T02:37:00Z,3,2016-06-04T02:37:00Z,100,68598,Dinkgrevelaan,Dinkgrevelaan,Velsen,,2071 AN,159,52.43025,4.64143,,http://www.ev-box.nl,0,,93272,,,,EV-Box EVB-P1419124,,95144.0,25.0,,2.0,11.0,10.0,,,,,
710,False,2016-06-04T02:37:00Z,68251,86259CA8-E9CC-411C-98BE-F5E5D2752875,26,73.0,,0.00 jaarabonnement,"[{'ID': 95140, 'ConnectionTypeID': 25, 'LevelID': 2, 'PowerKW': 11, 'CurrentTypeID': 10}, {'ID': 95141, 'ConnectionTypeID': 25, 'LevelID': 2, 'PowerKW': 11, 'CurrentTypeID': 10}, {'ID': 95142, 'ConnectionTypeID': 25, 'LevelID': 2, 'PowerKW': 11, 'CurrentTypeID': 10}, {'ID': 95143, 'ConnectionTypeID': 25, 'LevelID': 2, 'PowerKW': 11, 'CurrentTypeID': 10}]",1.0,50,2016-06-04T02:37:00Z,3,2016-06-04T02:37:00Z,100,68597,Rijshoutweg 25,Rijshoutweg 25,Zaanstad,,1505 HL,159,52.42285,4.84843,,http://www.ev-box.nl,0,,93529,,,,EV-Box EVB-P1412208,,95140.0,25.0,,2.0,11.0,10.0,,,,,
711,False,2016-06-04T02:37:00Z,68250,7800B07F-E5DB-4067-8E25-5EFED5CED7CA,26,177.0,,0.00 jaarabonnement,"[{'ID': 95138, 'ConnectionTypeID': 25, 'LevelID': 2, 'PowerKW': 11, 'CurrentTypeID': 10}, {'ID': 95139, 'ConnectionTypeID': 25, 'LevelID': 2, 'PowerKW': 11, 'CurrentTypeID': 10}]",1.0,50,2016-06-04T02:37:00Z,3,2016-06-04T02:37:00Z,100,68596,Oostzanerdijk 22,Oostzanerdijk 22,Amsterdam,,1035 RD,159,52.416255,4.897347,,http://www.nuon.nl/ev,0,,90359,,,,Nuon EVB-P1541171,,95138.0,25.0,,2.0,11.0,10.0,,,,,
712,False,2016-06-04T02:37:00Z,68249,D8098858-080F-433C-BFCF-BF7C90C3A340,26,177.0,,0.00 jaarabonnement,"[{'ID': 95136, 'ConnectionTypeID': 25, 'LevelID': 2, 'PowerKW': 11, 'CurrentTypeID': 10}, {'ID': 95137, 'ConnectionTypeID': 25, 'LevelID': 2, 'PowerKW': 11, 'CurrentTypeID': 10}]",1.0,50,2016-06-04T02:37:00Z,3,2016-06-04T02:37:00Z,100,68595,Kadoelenweg 169H,Kadoelenweg 169H,Amsterdam,,1035 NE,159,52.414955,4.907609,,http://www.nuon.nl/ev,0,,90098,,,,Nuon EVB-P1541056,,95136.0,25.0,,2.0,11.0,10.0,,,,,
713,False,2016-06-04T02:37:00Z,68248,B81CD010-A2B7-4F30-9281-2023B77BAE6D,26,73.0,,0.00 jaarabonnement,"[{'ID': 95135, 'ConnectionTypeID': 25, 'LevelID': 2, 'PowerKW': 11, 'CurrentTypeID': 10}]",1.0,50,2016-06-04T02:37:00Z,3,2016-06-04T02:37:00Z,100,68594,Westhavenweg 45,Westhavenweg 45,Amsterdam,,1042 AL,159,52.40491,4.83475,,http://www.ev-box.nl,0,,92990,,,,EV-Box EVB-P1541123,,95135.0,25.0,,2.0,11.0,10.0,,,,,
714,False,2016-06-04T02:37:00Z,68247,7F07A6EA-0791-4C51-8ED2-3B5F82767AEC,26,157.0,,0.00 jaarabonnement,"[{'ID': 95134, 'ConnectionTypeID': 25, 'LevelID': 2, 'PowerKW': 11, 'CurrentTypeID': 10}]",1.0,50,2016-06-04T02:37:00Z,3,2016-06-04T02:37:00Z,100,68593,Pegasusstraat 61,Pegasusstraat 61,Haarlem,,2024 VN,159,52.4039789,4.64154619999999,088 0109500,http://thenewmotion.nl/,0,,93742,,,,NewMotion 03006746,,95134.0,25.0,,2.0,11.0,10.0,,,,,
715,False,2016-06-04T02:37:00Z,68246,5C032B51-5303-4F2D-8308-10110E05CA9F,26,177.0,,0.00 jaarabonnement,"[{'ID': 95132, 'ConnectionTypeID': 25, 'LevelID': 2, 'PowerKW': 11, 'CurrentTypeID': 10}, {'ID': 95133, 'ConnectionTypeID': 25, 'LevelID': 2, 'PowerKW': 11, 'CurrentTypeID': 10}]",1.0,50,2016-06-04T02:37:00Z,3,2016-06-04T02:37:00Z,100,68592,H. Cleyndertweg 447,H. Cleyndertweg 447,Amsterdam,,1025 DT,159,52.403583,4.938367,,http://www.nuon.nl/ev,0,,90363,,,,Nuon EVB-P1541173,,95132.0,25.0,,2.0,11.0,10.0,,,,,
716,False,2016-06-04T02:37:00Z,68245,7D7C7F30-A5D1-4B60-B17C-8C67D0EDFB1B,26,73.0,,0.00 jaarabonnement,"[{'ID': 95128, 'ConnectionTypeID': 25, 'LevelID': 2, 'PowerKW': 11, 'CurrentTypeID': 10}, {'ID': 95129, 'ConnectionTypeID': 25, 'LevelID': 2, 'PowerKW': 11, 'CurrentTypeID': 10}, {'ID': 95130, 'ConnectionTypeID': 25, 'LevelID': 2, 'PowerKW': 11, 'CurrentTypeID': 10}, {'ID': 95131, 'ConnectionTypeID': 25, 'LevelID': 2, 'PowerKW': 11, 'CurrentTypeID': 10}]",1.0,50,2016-06-04T02:37:00Z,3,2016-06-04T02:37:00Z,100,68591,Galwin,Galwin,Amsterdam,,1046 AW,159,52.39684,4.79959,,http://www.ev-box.nl,0,,91914,,,,EV-Box EVB-P1551100,,95128.0,25.0,,2.0,11.0,10.0,,,,,
717,False,2016-06-04T02:37:00Z,68244,12980D7C-C26C-4B9D-9EA4-3DF941178D45,26,73.0,,0.00 jaarabonnement,"[{'ID': 95124, 'ConnectionTypeID': 25, 'LevelID': 2, 'PowerKW': 11, 'CurrentTypeID': 10}, {'ID': 95125, 'ConnectionTypeID': 25, 'LevelID': 2, 'PowerKW': 11, 'CurrentTypeID': 10}, {'ID': 95126, 'ConnectionTypeID': 25, 'LevelID': 2, 'PowerKW': 11, 'CurrentTypeID': 10}, {'ID': 95127, 'ConnectionTypeID': 25, 'LevelID': 2, 'PowerKW': 11, 'CurrentTypeID': 10}]",1.0,50,2016-06-04T02:37:00Z,3,2016-06-04T02:37:00Z,100,68590,Zekeringstraat 7B,Zekeringstraat 7B,Amsterdam,,1014 BM,159,52.39602,4.85336,,http://www.ev-box.nl,0,,92063,,,,EV-Box EVB-P1551073,,95124.0,25.0,,2.0,11.0,10.0,,,,,
718,False,2016-06-04T02:37:00Z,68243,6DA9F7E8-741B-47D1-90BA-5FCEF3E87245,26,177.0,,0.00 jaarabonnement,"[{'ID': 95122, 'ConnectionTypeID': 25, 'LevelID': 2, 'PowerKW': 11, 'CurrentTypeID': 10}, {'ID': 95123, 'ConnectionTypeID': 25, 'LevelID': 2, 'PowerKW': 11, 'CurrentTypeID': 10}]",1.0,50,2016-06-04T02:37:00Z,3,2016-06-04T02:37:00Z,100,68589,Kabelweg 51,Kabelweg 51,Amsterdam,,1014 BA,159,52.394112,4.846907,,http://www.nuon.nl/ev,0,,90193,,,,Nuon EVB-P1541084,,95122.0,25.0,,2.0,11.0,10.0,,,,,
719,False,2016-06-04T02:37:00Z,68242,7D458321-050C-4C6D-AE07-B82E3DE4B7D6,26,73.0,,0.00 jaarabonnement,"[{'ID': 95121, 'ConnectionTypeID': 25, 'LevelID': 2, 'PowerKW': 5, 'CurrentTypeID': 10}]",1.0,50,2016-06-04T02:37:00Z,3,2016-06-04T02:37:00Z,100,68588,Asterweg 103,Asterweg 103,Amsterdam,,1031 HM,159,52.39294,4.90185,,http://www.ev-box.nl,0,,64711,,,,EV-Box EVB-P1408026,,95121.0,25.0,,2.0,5.0,10.0,,,,,
720,False,2016-06-04T02:37:00Z,68241,D2E34619-5179-43DF-B61C-C344B58D4EA8,26,177.0,,0.00 jaarabonnement,"[{'ID': 95119, 'ConnectionTypeID': 25, 'LevelID': 2, 'PowerKW': 11, 'CurrentTypeID': 10}, {'ID': 95120, 'ConnectionTypeID': 25, 'LevelID': 2, 'PowerKW': 11, 'CurrentTypeID': 10}]",1.0,50,2016-06-04T02:37:00Z,3,2016-06-04T02:37:00Z,100,68587,Basisweg 35,Basisweg 35,Amsterdam,,1043 AN,159,52.391262,4.830831,,http://www.nuon.nl/ev,0,,90479,,,,Nuon EVB-P1541128,,95119.0,25.0,,2.0,11.0,10.0,,,,,
721,False,2016-06-04T02:37:00Z,68240,8395F485-764F-47F1-8D1A-022DDE02EC29,26,177.0,,0.00 jaarabonnement,"[{'ID': 95117, 'ConnectionTypeID': 25, 'LevelID': 2, 'PowerKW': 11, 'CurrentTypeID': 10}, {'ID': 95118, 'ConnectionTypeID': 25, 'LevelID': 2, 'PowerKW': 11, 'CurrentTypeID': 10}]",1.0,50,2016-06-04T02:37:00Z,3,2016-06-04T02:37:00Z,100,68586,Nieuwendammerkade 28A-14,Nieuwendammerkade 28A-14,Amsterdam,,1022 AB,159,52.390449,4.935603,,http://www.nuon.nl/ev,0,,90951,,,,Nuon EVB-P1552488,,95117.0,25.0,,2.0,11.0,10.0,,,,,
722,False,2016-06-04T02:37:00Z,68239,D1C2969D-DD3B-4EC0-8217-861F419DA7A7,26,177.0,,0.00 jaarabonnement,"[{'ID': 95115, 'ConnectionTypeID': 25, 'LevelID': 2, 'PowerKW': 11, 'CurrentTypeID': 10}, {'ID': 95116, 'ConnectionTypeID': 25, 'LevelID': 2, 'PowerKW': 11, 'CurrentTypeID': 10}]",1.0,50,2016-06-04T02:37:00Z,3,2016-06-04T02:37:00Z,100,68585,Werengouw 55,Werengouw 55,Amsterdam,,1024 NM,159,52.390378,4.954974,,http://www.nuon.nl/ev,0,,90401,,,,Nuon EVB-P1541095,,95115.0,25.0,,2.0,11.0,10.0,,,,,
723,False,2016-06-04T02:37:00Z,68238,A14065A4-7228-4F77-87B9-081DC15523C9,26,177.0,,0.00 jaarabonnement,"[{'ID': 95113, 'ConnectionTypeID': 25, 'LevelID': 2, 'PowerKW': 11, 'CurrentTypeID': 10}, {'ID': 95114, 'ConnectionTypeID': 25, 'LevelID': 2, 'PowerKW': 11, 'CurrentTypeID': 10}]",1.0,50,2016-06-04T02:37:00Z,3,2016-06-04T02:37:00Z,100,68584,Rhôneweg 34,Rhôneweg 34,Amsterdam,,1043 AH,159,52.390196,4.826021,,http://www.nuon.nl/ev,0,,90885,,,,Nuon EVB-P1552310,,95113.0,25.0,,2.0,11.0,10.0,,,,,
724,False,2016-06-04T02:37:00Z,68237,8AA735C9-A185-44BA-B425-88B083357FFD,26,103.0,,0.00 jaarabonnement,"[{'ID': 95111, 'ConnectionTypeID': 25, 'LevelID': 2, 'PowerKW': 11, 'CurrentTypeID': 10}, {'ID': 95112, 'ConnectionTypeID': 25, 'LevelID': 2, 'PowerKW': 11, 'CurrentTypeID': 10}]",1.0,50,2016-06-04T02:37:00Z,3,2016-06-04T02:37:00Z,100,68583,Frans Halsweg 4,Frans Halsweg 4,Almere,,1318 HX,159,52.385723,5.25358,0800-3745337,http://www.allego.eu/,0,,92066,,,,Allego NLALLEGO0011991,,95111.0,25.0,,2.0,11.0,10.0,,,,,
725,False,2016-06-04T02:37:00Z,68236,7C2BEB21-DC04-4D81-9229-E951B948DDBC,26,73.0,,0.00 jaarabonnement,"[{'ID': 95110, 'ConnectionTypeID': 25, 'LevelID': 2, 'PowerKW': 5, 'CurrentTypeID': 10}]",1.0,50,2016-06-04T02:37:00Z,3,2016-06-04T02:37:00Z,100,68582,Edelhertweg 67,Edelhertweg 67,Almere,,1338 KB,159,52.38526,5.2751,,http://www.ev-box.nl,0,,91478,,,,EV-Box EVB-P1424061,,95110.0,25.0,,2.0,5.0,10.0,,,,,
726,False,2016-06-04T02:37:00Z,68235,A567D484-150E-4EDE-9C73-D8D694BE9090,26,177.0,,0.00 jaarabonnement,"[{'ID': 95108, 'ConnectionTypeID': 25, 'LevelID': 2, 'PowerKW': 11, 'CurrentTypeID': 10}, {'ID': 95109, 'ConnectionTypeID': 25, 'LevelID': 2, 'PowerKW': 11, 'CurrentTypeID': 10}]",1.0,50,2016-06-04T02:37:00Z,3,2016-06-04T02:37:00Z,100,68581,Bickersgracht 1,Bickersgracht 1,Amsterdam,,1013 LE,159,52.384362,4.888415,,http://www.nuon.nl/ev,0,,90551,,,,Nuon EVB-P1520031,,95108.0,25.0,,2.0,11.0,10.0,,,,,
727,False,2016-06-04T02:37:00Z,68234,6178B0ED-1C1B-4BA6-BC4C-957CA9FE4C65,26,103.0,,0.00 jaarabonnement,"[{'ID': 95106, 'ConnectionTypeID': 25, 'LevelID': 2, 'PowerKW': 11, 'CurrentTypeID': 10}, {'ID': 95107, 'ConnectionTypeID': 25, 'LevelID': 2, 'PowerKW': 11, 'CurrentTypeID': 10}]",1.0,50,2016-06-04T02:37:00Z,3,2016-06-04T02:37:00Z,100,68580,Jacob van Ruysdaelstraat 120,Jacob van Ruysdaelstraat 120,Almere,,1318 NS,159,52.38379177,5.25664071,0800-3745337,http://www.allego.eu/,0,,93483,,,,Allego NLALLEGO0005051,,95106.0,25.0,,2.0,11.0,10.0,,,,,
728,False,2016-06-04T02:37:00Z,68233,BF5F85AC-352F-4CC3-AAE7-3C0E37298635,26,177.0,,0.00 jaarabonnement,"[{'ID': 95104, 'ConnectionTypeID': 25, 'LevelID': 2, 'PowerKW': 11, 'CurrentTypeID': 10}, {'ID': 95105, 'ConnectionTypeID': 25, 'LevelID': 2, 'PowerKW': 11, 'CurrentTypeID': 10}]",1.0,50,2016-06-04T02:37:00Z,3,2016-06-04T02:37:00Z,100,68579,De Wittenkade 91-3,De Wittenkade 91-3,Amsterdam,,1052 AE,159,52.383271,4.877731,,http://www.nuon.nl/ev,0,,91344,,,,Nuon EVB-P1552122,,95104.0,25.0,,2.0,11.0,10.0,,,,,
729,False,2016-06-04T02:37:00Z,68232,0A6ADD05-3061-4CAD-A621-C23A5FE1D5D4,26,73.0,,0.00 jaarabonnement,"[{'ID': 95103, 'ConnectionTypeID': 25, 'LevelID': 2, 'PowerKW': 5, 'CurrentTypeID': 10}]",1.0,50,2016-06-04T02:37:00Z,3,2016-06-04T02:37:00Z,100,68578,Kerkekampstraat 12,Kerkekampstraat 12,Hellendoorn,,7447 HW,159,52.38314,6.44927,,http://www.ev-box.nl,0,,93806,,,,EV-Box EVB-P1415277,,95103.0,25.0,,2.0,5.0,10.0,,,,,
730,False,2016-06-04T02:37:00Z,68231,9851E0AA-B091-46D0-8A29-414BA03817F0,26,177.0,,0.00 jaarabonnement,"[{'ID': 95101, 'ConnectionTypeID': 25, 'LevelID': 2, 'PowerKW': 11, 'CurrentTypeID': 10}, {'ID': 95102, 'ConnectionTypeID': 25, 'LevelID': 2, 'PowerKW': 11, 'CurrentTypeID': 10}]",1.0,50,2016-06-04T02:37:00Z,3,2016-06-04T02:37:00Z,100,68577,Marga Klompélaan 50,Marga Klompélaan 50,Amsterdam,,1067 TZ,159,52.379596,4.791596,,http://www.nuon.nl/ev,0,,93118,,,,Nuon EVB-P1552252,,95101.0,25.0,,2.0,11.0,10.0,,,,,
731,False,2016-06-04T02:37:00Z,68230,274AB08D-9986-45E3-9CA9-FAD81E391411,26,177.0,,0.00 jaarabonnement,"[{'ID': 95099, 'ConnectionTypeID': 25, 'LevelID': 2, 'PowerKW': 11, 'CurrentTypeID': 10}, {'ID': 95100, 'ConnectionTypeID': 25, 'LevelID': 2, 'PowerKW': 11, 'CurrentTypeID': 10}]",1.0,50,2016-06-04T02:37:00Z,3,2016-06-04T02:37:00Z,100,68576,Dennenlaan 14,Dennenlaan 14,Haarlemmermeer,,1161 CR,159,52.379488,4.751577,,http://www.nuon.nl/ev,0,,90034,,,,Nuon EVB-P1521075,,95099.0,25.0,,2.0,11.0,10.0,,,,,
732,False,2016-06-04T02:37:00Z,68229,7F1736BC-E12A-42D4-9884-94ED5D4A5B4C,26,177.0,,0.00 jaarabonnement,"[{'ID': 95097, 'ConnectionTypeID': 25, 'LevelID': 2, 'PowerKW': 11, 'CurrentTypeID': 10}, {'ID': 95098, 'ConnectionTypeID': 25, 'LevelID': 2, 'PowerKW': 11, 'CurrentTypeID': 10}]",1.0,50,2016-06-04T02:37:00Z,3,2016-06-04T02:37:00Z,100,68575,Midswaard 52,Midswaard 52,Haarlemmermeer,,1161 BH,159,52.377643,4.731651,,http://www.nuon.nl/ev,0,,90607,,,,Nuon EVB-P1521071,,95097.0,25.0,,2.0,11.0,10.0,,,,,
733,False,2016-06-04T02:37:00Z,68228,5AD3FBB3-2FB3-4DFF-9D73-3CD45501FE7E,26,177.0,,0.00 jaarabonnement,"[{'ID': 95095, 'ConnectionTypeID': 25, 'LevelID': 2, 'PowerKW': 11, 'CurrentTypeID': 10}, {'ID': 95096, 'ConnectionTypeID': 25, 'LevelID': 2, 'PowerKW': 11, 'CurrentTypeID': 10}]",1.0,50,2016-06-04T02:37:00Z,3,2016-06-04T02:37:00Z,100,68574,Blancefloorstraat 2-1,Blancefloorstraat 2-1,Amsterdam,,1055 TA,159,52.377095,4.855724,,http://www.nuon.nl/ev,0,,90629,,,,Nuon EVB-P1525070,,95095.0,25.0,,2.0,11.0,10.0,,,,,
734,False,2016-06-04T02:37:00Z,68227,B3EEDF0E-03EE-49E2-8020-B0D6EE11DA05,26,157.0,,0.00 jaarabonnement,"[{'ID': 95094, 'ConnectionTypeID': 25, 'LevelID': 2, 'PowerKW': 11, 'CurrentTypeID': 10}]",1.0,50,2016-06-04T02:37:00Z,3,2016-06-04T02:37:00Z,100,68573,Bakhuijs Roozeboomlaan 26,Bakhuijs Roozeboomlaan 26,Almelo,,7603 MC,159,52.3763216,6.6982289,088 0109500,http://thenewmotion.nl/,0,,93567,,,,NewMotion 03006806,,95094.0,25.0,,2.0,11.0,10.0,,,,,
735,False,2016-06-04T02:37:00Z,68226,59557B6C-A2D0-40A8-A934-BAC5E9DEA85C,26,177.0,,0.00 jaarabonnement,"[{'ID': 95092, 'ConnectionTypeID': 25, 'LevelID': 2, 'PowerKW': 11, 'CurrentTypeID': 10}, {'ID': 95093, 'ConnectionTypeID': 25, 'LevelID': 2, 'PowerKW': 11, 'CurrentTypeID': 10}]",1.0,50,2016-06-04T02:37:00Z,3,2016-06-04T02:37:00Z,100,68572,Marcantilaan 489,Marcantilaan 489,Amsterdam,,1051 MJ,159,52.374609,4.866976,,http://www.nuon.nl/ev,0,,91342,,,,Nuon EVB-P1552123,,95092.0,25.0,,2.0,11.0,10.0,,,,,
736,False,2016-06-04T02:37:00Z,68225,95F3D8A5-6ADE-4378-BAC4-3BCBD87134B7,26,177.0,,0.00 jaarabonnement,"[{'ID': 95090, 'ConnectionTypeID': 25, 'LevelID': 2, 'PowerKW': 11, 'CurrentTypeID': 10}, {'ID': 95091, 'ConnectionTypeID': 25, 'LevelID': 2, 'PowerKW': 11, 'CurrentTypeID': 10}]",1.0,50,2016-06-04T02:37:00Z,3,2016-06-04T02:37:00Z,100,68571,Geuzenkade 58-1,Geuzenkade 58-1,Amsterdam,,1056 KN,159,52.373535,4.86464,,http://www.nuon.nl/ev,0,,90733,,,,Nuon EVB-P1531047,,95090.0,25.0,,2.0,11.0,10.0,,,,,
737,False,2016-06-04T02:37:00Z,68224,3DB92D9A-65F4-416F-B05E-B4484124502B,26,177.0,,0.00 jaarabonnement,"[{'ID': 95088, 'ConnectionTypeID': 25, 'LevelID': 2, 'PowerKW': 11, 'CurrentTypeID': 10}, {'ID': 95089, 'ConnectionTypeID': 25, 'LevelID': 2, 'PowerKW': 11, 'CurrentTypeID': 10}]",1.0,50,2016-06-04T02:37:00Z,3,2016-06-04T02:37:00Z,100,68570,Senecastraat 21,Senecastraat 21,Amsterdam,,1064 ZJ,159,52.3734,4.813206,,http://www.nuon.nl/ev,0,,93606,,,,Nuon EVB-P1607175,,95088.0,25.0,,2.0,11.0,10.0,,,,,
738,False,2016-06-04T02:37:00Z,68223,2400F6C3-D34A-4287-A1E6-89C4A7087C63,26,177.0,,0.00 jaarabonnement,"[{'ID': 95086, 'ConnectionTypeID': 25, 'LevelID': 2, 'PowerKW': 11, 'CurrentTypeID': 10}, {'ID': 95087, 'ConnectionTypeID': 25, 'LevelID': 2, 'PowerKW': 11, 'CurrentTypeID': 10}]",1.0,50,2016-06-04T02:37:00Z,3,2016-06-04T02:37:00Z,100,68569,Admiraal de Ruijterweg 123-1,Admiraal de Ruijterweg 123-1,Amsterdam,,1056 EW,159,52.373046,4.858978,,http://www.nuon.nl/ev,0,,90377,,,,Nuon EVB-P1541168,,95086.0,25.0,,2.0,11.0,10.0,,,,,
739,False,2016-06-04T02:37:00Z,68222,16702E7C-47D9-419E-9E8A-55E9CD4E6A8F,26,177.0,,0.00 jaarabonnement,"[{'ID': 95084, 'ConnectionTypeID': 25, 'LevelID': 2, 'PowerKW': 11, 'CurrentTypeID': 10}, {'ID': 95085, 'ConnectionTypeID': 25, 'LevelID': 2, 'PowerKW': 11, 'CurrentTypeID': 10}]",1.0,50,2016-06-04T02:37:00Z,3,2016-06-04T02:37:00Z,100,68568,John Franklinstraat 76-3,John Franklinstraat 76-3,Amsterdam,,1056 TG,159,52.372803,4.853719,,http://www.nuon.nl/ev,0,,90785,,,,Nuon EVB-P1548456,,95084.0,25.0,,2.0,11.0,10.0,,,,,
740,False,2016-06-04T02:37:00Z,68221,9B098E0C-90D2-4FB1-939B-6F79BECAA28C,26,177.0,,0.00 jaarabonnement,"[{'ID': 95082, 'ConnectionTypeID': 25, 'LevelID': 2, 'PowerKW': 11, 'CurrentTypeID': 10}, {'ID': 95083, 'ConnectionTypeID': 25, 'LevelID': 2, 'PowerKW': 11, 'CurrentTypeID': 10}]",1.0,50,2016-06-04T02:37:00Z,3,2016-06-04T02:37:00Z,100,68567,Faas Wilkesstraat 102,Faas Wilkesstraat 102,Amsterdam,,1095 MD,159,52.372503,4.969192,,http://www.nuon.nl/ev,0,,90845,,,,Nuon EVB-P1552303,,95082.0,25.0,,2.0,11.0,10.0,,,,,
741,False,2016-06-04T02:37:00Z,68220,9F3C59AB-A80A-49EA-A44C-C8F8EB2931C9,26,103.0,,0.00 jaarabonnement,"[{'ID': 95080, 'ConnectionTypeID': 25, 'LevelID': 2, 'PowerKW': 11, 'CurrentTypeID': 10}, {'ID': 95081, 'ConnectionTypeID': 25, 'LevelID': 2, 'PowerKW': 11, 'CurrentTypeID': 10}]",1.0,50,2016-06-04T02:37:00Z,3,2016-06-04T02:37:00Z,100,68566,Klarinetstraat 68,Klarinetstraat 68,Almere,,1312 NK,159,52.37154876,5.18623192,0800-3745337,http://www.allego.eu/,0,,92423,,,,Allego NLALLEGO0012012,,95080.0,25.0,,2.0,11.0,10.0,,,,,
742,False,2016-06-04T02:37:00Z,68219,B7FC1921-726C-4F9E-9933-560A73AC7AA1,26,157.0,,0.00 jaarabonnement,"[{'ID': 95079, 'ConnectionTypeID': 25, 'LevelID': 2, 'PowerKW': 11, 'CurrentTypeID': 10}]",1.0,50,2016-06-04T02:37:00Z,3,2016-06-04T02:37:00Z,100,68565,Dorpsbleek 28,Dorpsbleek 28,Wierden,,7641 LL,159,52.3708844,6.6024597,088 0109500,http://thenewmotion.nl/,0,,93817,,,,NewMotion 03006897,,95079.0,25.0,,2.0,11.0,10.0,,,,,
743,False,2016-06-04T02:37:00Z,68218,08130B49-0C0F-4C79-9E85-CDF35165A3BF,26,103.0,,0.00 jaarabonnement,"[{'ID': 95077, 'ConnectionTypeID': 25, 'LevelID': 2, 'PowerKW': 11, 'CurrentTypeID': 10}, {'ID': 95078, 'ConnectionTypeID': 25, 'LevelID': 2, 'PowerKW': 11, 'CurrentTypeID': 10}]",1.0,50,2016-06-04T02:37:00Z,3,2016-06-04T02:37:00Z,100,68564,Wim Kanplein 1,Wim Kanplein 1,Almere,,1311 LH,159,52.370361,5.17969978,0800-3745337,http://www.allego.eu/,0,,92427,,,,Allego NLALLEGO0012032,,95077.0,25.0,,2.0,11.0,10.0,,,,,
744,False,2016-06-04T02:37:00Z,68217,78A45292-CA9C-468E-833E-8F819611D528,26,177.0,,0.00 jaarabonnement,"[{'ID': 95075, 'ConnectionTypeID': 25, 'LevelID': 2, 'PowerKW': 11, 'CurrentTypeID': 10}, {'ID': 95076, 'ConnectionTypeID': 25, 'LevelID': 2, 'PowerKW': 11, 'CurrentTypeID': 10}]",1.0,50,2016-06-04T02:37:00Z,3,2016-06-04T02:37:00Z,100,68563,Van Spilbergenstraat 160-1,Van Spilbergenstraat 160-1,Amsterdam,,1057 RP,159,52.368713,4.85088,,http://www.nuon.nl/ev,0,,92295,,,,Nuon EVB-P1548443,,95075.0,25.0,,2.0,11.0,10.0,,,,,
745,False,2016-06-04T02:37:00Z,68216,EAA07C68-0FB6-4E58-8FD2-2E3A4D3D7F5A,26,157.0,,0.00 jaarabonnement,"[{'ID': 95074, 'ConnectionTypeID': 25, 'LevelID': 2, 'PowerKW': 3.7, 'CurrentTypeID': 10}]",1.0,50,2016-06-04T02:37:00Z,3,2016-06-04T02:37:00Z,100,68562,Prins Mauritsstraat 8,Prins Mauritsstraat 8,Hellendoorn,,7443 ZH,159,52.3671211,6.45892670000001,088 0109500,http://thenewmotion.nl/,0,,91921,,,,NewMotion 01000133,,95074.0,25.0,,2.0,3.7,10.0,,,,,
746,False,2016-06-04T02:37:00Z,68215,D10DD6F2-D27D-4C87-9DF9-A676A3C6F96A,26,177.0,,0.00 jaarabonnement,"[{'ID': 95072, 'ConnectionTypeID': 25, 'LevelID': 2, 'PowerKW': 11, 'CurrentTypeID': 10}, {'ID': 95073, 'ConnectionTypeID': 25, 'LevelID': 2, 'PowerKW': 11, 'CurrentTypeID': 10}]",1.0,50,2016-06-04T02:37:00Z,3,2016-06-04T02:37:00Z,100,68561,Hemsterhuisstraat 44,Hemsterhuisstraat 44,Amsterdam,,1065 KB,159,52.361399,4.822978,,http://www.nuon.nl/ev,0,,91374,,,,Nuon EVB-P1607290,,95072.0,25.0,,2.0,11.0,10.0,,,,,
747,False,2016-06-04T02:37:00Z,68214,6BC59956-594C-48D0-ABA5-938FE30E586E,26,177.0,,0.00 jaarabonnement,"[{'ID': 95070, 'ConnectionTypeID': 25, 'LevelID': 2, 'PowerKW': 11, 'CurrentTypeID': 10}, {'ID': 95071, 'ConnectionTypeID': 25, 'LevelID': 2, 'PowerKW': 11, 'CurrentTypeID': 10}]",1.0,50,2016-06-04T02:37:00Z,3,2016-06-04T02:37:00Z,100,68560,James Bradleystraat 21,James Bradleystraat 21,Amsterdam,,1086 ZM,159,52.359908,4.98025,,http://www.nuon.nl/ev,0,,92318,,,,Nuon EVB-P1607236,,95070.0,25.0,,2.0,11.0,10.0,,,,,
748,False,2016-06-04T02:37:00Z,68213,A27183E6-F73E-4CC8-8300-A66310FF7B1F,26,177.0,,0.00 jaarabonnement,"[{'ID': 95068, 'ConnectionTypeID': 25, 'LevelID': 2, 'PowerKW': 11, 'CurrentTypeID': 10}, {'ID': 95069, 'ConnectionTypeID': 25, 'LevelID': 2, 'PowerKW': 11, 'CurrentTypeID': 10}]",1.0,50,2016-06-04T02:37:00Z,3,2016-06-04T02:37:00Z,100,68559,Bonistraat 14,Bonistraat 14,Amsterdam,,1094 SJ,159,52.359053,4.935425,,http://www.nuon.nl/ev,0,,91376,,,,Nuon EVB-P1607289,,95068.0,25.0,,2.0,11.0,10.0,,,,,
749,False,2016-06-04T02:37:00Z,68212,A1EADC16-2983-4C6A-9636-D2909FF9D6E3,26,177.0,,0.00 jaarabonnement,"[{'ID': 95066, 'ConnectionTypeID': 25, 'LevelID': 2, 'PowerKW': 11, 'CurrentTypeID': 10}, {'ID': 95067, 'ConnectionTypeID': 25, 'LevelID': 2, 'PowerKW': 11, 'CurrentTypeID': 10}]",1.0,50,2016-06-04T02:37:00Z,3,2016-06-04T02:37:00Z,100,68558,Erich Salomonstraat 64,Erich Salomonstraat 64,Amsterdam,,1087 DB,159,52.35889,4.993291,,http://www.nuon.nl/ev,0,,92316,,,,Nuon EVB-P1552217,,95066.0,25.0,,2.0,11.0,10.0,,,,,
750,False,2016-06-04T02:37:00Z,68211,3E794149-8BD9-48D9-8438-2E94B01416EE,26,177.0,,0.00 jaarabonnement,"[{'ID': 95064, 'ConnectionTypeID': 25, 'LevelID': 2, 'PowerKW': 11, 'CurrentTypeID': 10}, {'ID': 95065, 'ConnectionTypeID': 25, 'LevelID': 2, 'PowerKW': 11, 'CurrentTypeID': 10}]",1.0,50,2016-06-04T02:37:00Z,3,2016-06-04T02:37:00Z,100,68557,Van Mourik Broekmanstraat 103,Van Mourik Broekmanstraat 103,Amsterdam,,1065 EV,159,52.357198,4.821633,,http://www.nuon.nl/ev,0,,89922,,,,Nuon EVB-P1521035,,95064.0,25.0,,2.0,11.0,10.0,,,,,
751,False,2016-06-04T02:37:00Z,68210,D4332E13-4F5D-45B0-8B77-E7F05D2877CE,26,177.0,,0.00 jaarabonnement,"[{'ID': 95062, 'ConnectionTypeID': 25, 'LevelID': 2, 'PowerKW': 11, 'CurrentTypeID': 10}, {'ID': 95063, 'ConnectionTypeID': 25, 'LevelID': 2, 'PowerKW': 11, 'CurrentTypeID': 10}]",1.0,50,2016-06-04T02:37:00Z,3,2016-06-04T02:37:00Z,100,68556,Vennepluimstraat 6,Vennepluimstraat 6,Amsterdam,,1087 CG,159,52.356689,4.989679,,http://www.nuon.nl/ev,0,,91368,,,,Nuon EVB-P1607213,,95062.0,25.0,,2.0,11.0,10.0,,,,,
752,False,2016-06-04T02:37:00Z,68209,1C8DFF9A-EA31-4D3F-8FA3-CCC7C05F0F9D,26,177.0,,0.00 jaarabonnement,"[{'ID': 95060, 'ConnectionTypeID': 25, 'LevelID': 2, 'PowerKW': 11, 'CurrentTypeID': 10}, {'ID': 95061, 'ConnectionTypeID': 25, 'LevelID': 2, 'PowerKW': 11, 'CurrentTypeID': 10}]",1.0,50,2016-06-04T02:37:00Z,3,2016-06-04T02:37:00Z,100,68555,Tourniairestraat 1,Tourniairestraat 1,Amsterdam,,1065 KK,159,52.355798,4.824988,,http://www.nuon.nl/ev,0,,91150,,,,Nuon EVB-P1542135,,95060.0,25.0,,2.0,11.0,10.0,,,,,
753,False,2016-06-04T02:37:00Z,68208,52C63A2B-3E22-4AFE-A3CE-1834F60C9C49,26,,,0.00 jaarabonnement,"[{'ID': 95057, 'ConnectionTypeID': 25, 'LevelID': 2, 'PowerKW': 11, 'CurrentTypeID': 10}, {'ID': 95058, 'ConnectionTypeID': 25, 'LevelID': 2, 'PowerKW': 11, 'CurrentTypeID': 10}, {'ID': 95059, 'ConnectionTypeID': 25, 'LevelID': 2, 'PowerKW': 11, 'CurrentTypeID': 10}]",1.0,50,2016-06-04T02:37:00Z,3,2016-06-04T02:37:00Z,100,68554,Herenweg 117,Herenweg 117,Heemstede,,2105 MG,159,52.35578,4.61319,06-53505381,http://www.nlmab.nl,0,,92280,,,,Alfen NLMAB_0711,,95057.0,25.0,,2.0,11.0,10.0,,,,,
754,False,2016-06-04T02:37:00Z,68207,4A74C374-2927-408F-AAC1-BCC5436454E5,26,177.0,,0.00 jaarabonnement,"[{'ID': 95055, 'ConnectionTypeID': 25, 'LevelID': 2, 'PowerKW': 11, 'CurrentTypeID': 10}, {'ID': 95056, 'ConnectionTypeID': 25, 'LevelID': 2, 'PowerKW': 11, 'CurrentTypeID': 10}]",1.0,50,2016-06-04T02:37:00Z,3,2016-06-04T02:37:00Z,100,68553,Langswater 268,Langswater 268,Amsterdam,,1069 EC,159,52.355501,4.789584,,http://www.nuon.nl/ev,0,,90849,,,,Nuon EVB-P1552301,,95055.0,25.0,,2.0,11.0,10.0,,,,,
755,False,2016-06-04T02:37:00Z,68206,43B3B5E9-3AE6-4603-95FA-4600AE59591A,26,103.0,,0.00 jaarabonnement,"[{'ID': 95053, 'ConnectionTypeID': 25, 'LevelID': 2, 'PowerKW': 11, 'CurrentTypeID': 10}, {'ID': 95054, 'ConnectionTypeID': 25, 'LevelID': 2, 'PowerKW': 11, 'CurrentTypeID': 10}]",1.0,50,2016-06-04T02:37:00Z,3,2016-06-04T02:37:00Z,100,68552,Iskurstraat 12,Iskurstraat 12,Almere,,1363 RC,159,52.35497275,5.1611408,0800-3745337,http://www.allego.eu/,0,,92425,,,,Allego NLALLEGO0012002,,95053.0,25.0,,2.0,11.0,10.0,,,,,
756,False,2019-05-30T14:38:00Z,68205,11B28A90-B6D3-4B0C-947A-4E154EBEB037,26,177.0,,0.00 jaarabonnement,"[{'ID': 95051, 'ConnectionTypeID': 25, 'LevelID': 2, 'PowerKW': 11, 'CurrentTypeID': 10}, {'ID': 95052, 'ConnectionTypeID': 25, 'LevelID': 2, 'PowerKW': 11, 'CurrentTypeID': 10}]",1.0,50,2019-05-30T14:38:00Z,3,2016-06-04T02:37:00Z,100,68551,Lumièrestraat 93,Lumièrestraat 93,Amsterdam,,1087 JA,159,52.354814,5.002253,,http://www.nuon.nl/ev,0,,90038,,,,Nuon EVB-P1521037,,95051.0,25.0,,2.0,11.0,10.0,,,,,
757,False,2016-06-04T02:37:00Z,68204,A1DB40AA-0199-45F8-B426-D329D677B7AD,26,177.0,,0.00 jaarabonnement,"[{'ID': 95049, 'ConnectionTypeID': 25, 'LevelID': 2, 'PowerKW': 11, 'CurrentTypeID': 10}, {'ID': 95050, 'ConnectionTypeID': 25, 'LevelID': 2, 'PowerKW': 11, 'CurrentTypeID': 10}]",1.0,50,2016-06-04T02:37:00Z,3,2016-06-04T02:37:00Z,100,68550,President Brandstraat 110,President Brandstraat 110,Amsterdam,,1091 WT,159,52.354247,4.917177,,http://www.nuon.nl/ev,0,,91256,,,,Nuon EVB-P1542225,,95049.0,25.0,,2.0,11.0,10.0,,,,,
758,False,2016-06-04T02:37:00Z,68203,88A820DB-7E83-4F3A-834D-206E69320827,26,177.0,,0.00 jaarabonnement,"[{'ID': 95047, 'ConnectionTypeID': 25, 'LevelID': 2, 'PowerKW': 11, 'CurrentTypeID': 10}, {'ID': 95048, 'ConnectionTypeID': 25, 'LevelID': 2, 'PowerKW': 11, 'CurrentTypeID': 10}]",1.0,50,2016-06-04T02:37:00Z,3,2016-06-04T02:37:00Z,100,68549,M. Gandhilaan 113,M. Gandhilaan 113,Amsterdam,,1069 NC,159,52.354151,4.779016,,http://www.nuon.nl/ev,0,,93108,,,,Nuon EVB-P1607118,,95047.0,25.0,,2.0,11.0,10.0,,,,,
759,False,2016-06-04T02:37:00Z,68202,E7ACD9BC-6C0A-473B-99CB-62E28F014DDF,26,177.0,,0.00 jaarabonnement,"[{'ID': 95045, 'ConnectionTypeID': 25, 'LevelID': 2, 'PowerKW': 11, 'CurrentTypeID': 10}, {'ID': 95046, 'ConnectionTypeID': 25, 'LevelID': 2, 'PowerKW': 11, 'CurrentTypeID': 10}]",1.0,50,2016-06-04T02:37:00Z,3,2016-06-04T02:37:00Z,100,68548,Zwanebloemlaan 308,Zwanebloemlaan 308,Amsterdam,,1087 KE,159,52.351999,4.998771,,http://www.nuon.nl/ev,0,,91266,,,,Nuon EVB-P1552012,,95045.0,25.0,,2.0,11.0,10.0,,,,,
760,False,2016-06-04T02:37:00Z,68201,E4B68913-D0F9-4CDB-8E8B-3ED2FD171E7A,26,177.0,,0.00 jaarabonnement,"[{'ID': 95043, 'ConnectionTypeID': 25, 'LevelID': 2, 'PowerKW': 11, 'CurrentTypeID': 10}, {'ID': 95044, 'ConnectionTypeID': 25, 'LevelID': 2, 'PowerKW': 11, 'CurrentTypeID': 10}]",1.0,50,2016-06-04T02:37:00Z,3,2016-06-04T02:37:00Z,100,68547,Willem Bartjenshof 7,Willem Bartjenshof 7,Amsterdam,,1068 VT,159,52.351926,4.805209,,http://www.nuon.nl/ev,0,,93610,,,,Nuon EVB-P1607228,,95043.0,25.0,,2.0,11.0,10.0,,,,,
761,False,2016-06-04T02:37:00Z,68200,465D7277-24D6-4C99-81D9-CD108943BE6D,26,177.0,,0.00 jaarabonnement,"[{'ID': 95041, 'ConnectionTypeID': 25, 'LevelID': 2, 'PowerKW': 11, 'CurrentTypeID': 10}, {'ID': 95042, 'ConnectionTypeID': 25, 'LevelID': 2, 'PowerKW': 11, 'CurrentTypeID': 10}]",1.0,50,2016-06-04T02:37:00Z,3,2016-06-04T02:37:00Z,100,68546,Eduard Hellendoornstraat,Eduard Hellendoornstraat,Amsterdam,,1069 PW,159,52.35166,4.784584,,http://www.nuon.nl/ev,0,,89938,,,,Nuon EVB-P1521055,,95041.0,25.0,,2.0,11.0,10.0,,,,,
762,False,2016-06-04T02:37:00Z,68199,760CA1C3-4894-48A7-B1CE-75E02BF3FA71,26,177.0,,0.00 jaarabonnement,"[{'ID': 95039, 'ConnectionTypeID': 25, 'LevelID': 2, 'PowerKW': 11, 'CurrentTypeID': 10}, {'ID': 95040, 'ConnectionTypeID': 25, 'LevelID': 2, 'PowerKW': 11, 'CurrentTypeID': 10}]",1.0,50,2016-06-04T02:37:00Z,3,2016-06-04T02:37:00Z,100,68545,Nobelweg 2,Nobelweg 2,Amsterdam,,1097 AR,159,52.35068,4.923835,,http://www.nuon.nl/ev,0,,90072,,,,Nuon EVB-P1427069,,95039.0,25.0,,2.0,11.0,10.0,,,,,
763,False,2016-06-04T02:37:00Z,68198,8F50A472-3968-4752-B320-A0F60801D576,26,177.0,,0.00 jaarabonnement,"[{'ID': 95037, 'ConnectionTypeID': 25, 'LevelID': 2, 'PowerKW': 11, 'CurrentTypeID': 10}, {'ID': 95038, 'ConnectionTypeID': 25, 'LevelID': 2, 'PowerKW': 11, 'CurrentTypeID': 10}]",1.0,50,2016-06-04T02:37:00Z,3,2016-06-04T02:37:00Z,100,68544,Ottho Heldringstraat 37A,Ottho Heldringstraat 37A,Amsterdam,,1066 XT,159,52.34837,4.832403,,http://www.nuon.nl/ev,0,,92873,,,,Nuon EVB-P1607214,,95037.0,25.0,,2.0,11.0,10.0,,,,,
764,False,2016-06-04T02:37:00Z,68197,E67031A2-4A43-450A-AAB7-563AC2DD1C42,26,177.0,,0.00 jaarabonnement,"[{'ID': 95035, 'ConnectionTypeID': 25, 'LevelID': 2, 'PowerKW': 11, 'CurrentTypeID': 10}, {'ID': 95036, 'ConnectionTypeID': 25, 'LevelID': 2, 'PowerKW': 11, 'CurrentTypeID': 10}]",1.0,50,2016-06-04T02:37:00Z,3,2016-06-04T02:37:00Z,100,68543,Eva Besnyöstraat 372,Eva Besnyöstraat 372,Amsterdam,,1087 LM,159,52.347996,5.011488,,http://www.nuon.nl/ev,0,,92867,,,,Nuon EVB-P1552172,,95035.0,25.0,,2.0,11.0,10.0,,,,,
765,False,2016-06-04T02:37:00Z,68196,815098AE-E262-438D-949D-28A708CE951E,26,73.0,,0.00 jaarabonnement,"[{'ID': 95033, 'ConnectionTypeID': 25, 'LevelID': 2, 'PowerKW': 11, 'CurrentTypeID': 10}, {'ID': 95034, 'ConnectionTypeID': 25, 'LevelID': 2, 'PowerKW': 11, 'CurrentTypeID': 10}]",1.0,50,2016-06-04T02:37:00Z,3,2016-06-04T02:37:00Z,100,68542,Einsteinweg,Einsteinweg,Amsterdam,,1059 GG,159,52.34751,4.84037,,http://www.ev-box.nl,0,,93635,,,,EV-Box EVB-P1536479,,95033.0,25.0,,2.0,11.0,10.0,,,,,
766,False,2016-06-04T02:37:00Z,68195,79D8678E-98BC-409E-9016-7E530CEEA729,26,177.0,,0.00 jaarabonnement,"[{'ID': 95031, 'ConnectionTypeID': 25, 'LevelID': 2, 'PowerKW': 11, 'CurrentTypeID': 10}, {'ID': 95032, 'ConnectionTypeID': 25, 'LevelID': 2, 'PowerKW': 11, 'CurrentTypeID': 10}]",1.0,50,2016-06-04T02:37:00Z,3,2016-06-04T02:37:00Z,100,68541,Berlaarstraat 387,Berlaarstraat 387,Amsterdam,,1066 SL,159,52.34538,4.800753,,http://www.nuon.nl/ev,0,,92310,,,,Nuon EVB-P1607177,,95031.0,25.0,,2.0,11.0,10.0,,,,,
767,False,2016-06-04T02:37:00Z,68194,49626345-A4F4-4100-9659-D218D8D6B0E8,26,177.0,,0.00 jaarabonnement,"[{'ID': 95029, 'ConnectionTypeID': 25, 'LevelID': 2, 'PowerKW': 11, 'CurrentTypeID': 10}, {'ID': 95030, 'ConnectionTypeID': 25, 'LevelID': 2, 'PowerKW': 11, 'CurrentTypeID': 10}]",1.0,50,2016-06-04T02:37:00Z,3,2016-06-04T02:37:00Z,100,68540,Lekstraat 5-1,Lekstraat 5-1,Amsterdam,,1079 EK,159,52.345324,4.908478,,http://www.nuon.nl/ev,0,,91218,,,,Nuon EVB-P1542183,,95029.0,25.0,,2.0,11.0,10.0,,,,,
768,False,2016-06-04T02:37:00Z,68193,3DC4E3BA-BE6E-4037-8E5D-2993D9D4F692,26,177.0,,0.00 jaarabonnement,"[{'ID': 95027, 'ConnectionTypeID': 25, 'LevelID': 2, 'PowerKW': 11, 'CurrentTypeID': 10}, {'ID': 95028, 'ConnectionTypeID': 25, 'LevelID': 2, 'PowerKW': 11, 'CurrentTypeID': 10}]",1.0,50,2016-06-04T02:37:00Z,3,2016-06-04T02:37:00Z,100,68539,President Kennedylaan 218B,President Kennedylaan 218B,Amsterdam,,1079 NR,159,52.340974,4.898141,,http://www.nuon.nl/ev,0,,91386,,,,Nuon EVB-P1552263,,95027.0,25.0,,2.0,11.0,10.0,,,,,
769,False,2016-06-04T02:37:00Z,68192,C2B5485E-B006-4B52-88CC-B65B43B609C1,26,177.0,,0.00 jaarabonnement,"[{'ID': 95025, 'ConnectionTypeID': 25, 'LevelID': 2, 'PowerKW': 11, 'CurrentTypeID': 10}, {'ID': 95026, 'ConnectionTypeID': 25, 'LevelID': 2, 'PowerKW': 11, 'CurrentTypeID': 10}]",1.0,50,2016-06-04T02:37:00Z,3,2016-06-04T02:37:00Z,100,68538,President Kennedylaan 190,President Kennedylaan 190,Amsterdam,,1079 NP,159,52.340611,4.903745,,http://www.nuon.nl/ev,0,,90403,,,,Nuon EVB-P1541094,,95025.0,25.0,,2.0,11.0,10.0,,,,,
770,False,2016-06-04T02:37:00Z,68191,48C064F1-B43E-4531-B722-8A205497289E,26,177.0,,0.00 jaarabonnement,"[{'ID': 95023, 'ConnectionTypeID': 25, 'LevelID': 2, 'PowerKW': 11, 'CurrentTypeID': 10}, {'ID': 95024, 'ConnectionTypeID': 25, 'LevelID': 2, 'PowerKW': 11, 'CurrentTypeID': 10}]",1.0,50,2016-06-04T02:37:00Z,3,2016-06-04T02:37:00Z,100,68537,Toevluchtstraat 51,Toevluchtstraat 51,Haarlemmermeer,,1171 GG,159,52.339178,4.78849,,http://www.nuon.nl/ev,0,,90609,,,,Nuon EVB-P1521073,,95023.0,25.0,,2.0,11.0,10.0,,,,,
771,False,2016-06-04T02:37:00Z,68190,A2C585A7-391D-4A21-AA3E-6E569AD3CD65,26,177.0,,0.00 jaarabonnement,"[{'ID': 95021, 'ConnectionTypeID': 25, 'LevelID': 2, 'PowerKW': 11, 'CurrentTypeID': 10}, {'ID': 95022, 'ConnectionTypeID': 25, 'LevelID': 2, 'PowerKW': 11, 'CurrentTypeID': 10}]",1.0,50,2016-06-04T02:37:00Z,3,2016-06-04T02:37:00Z,100,68536,Holy 2,Holy 2,Amsterdam,,1083 JK,159,52.332832,4.882153,,http://www.nuon.nl/ev,0,,90433,,,,Nuon EVB-P1539155,,95021.0,25.0,,2.0,11.0,10.0,,,,,
772,False,2016-06-04T02:37:00Z,68189,B706DAC3-DB28-4F36-A461-7A7263CD0A20,26,177.0,,0.00 jaarabonnement,"[{'ID': 95019, 'ConnectionTypeID': 25, 'LevelID': 2, 'PowerKW': 11, 'CurrentTypeID': 10}, {'ID': 95020, 'ConnectionTypeID': 25, 'LevelID': 2, 'PowerKW': 11, 'CurrentTypeID': 10}]",1.0,50,2016-06-04T02:37:00Z,3,2016-06-04T02:37:00Z,100,68535,Doddendaal 90,Doddendaal 90,Amsterdam,,1082 XW,159,52.332382,4.874845,,http://www.nuon.nl/ev,0,,92871,,,,Nuon EVB-P1607178,,95019.0,25.0,,2.0,11.0,10.0,,,,,
773,False,2016-06-04T02:37:00Z,68188,93059ED8-D0A9-4B37-A9DF-3343FD775595,26,177.0,,0.00 jaarabonnement,"[{'ID': 95017, 'ConnectionTypeID': 25, 'LevelID': 2, 'PowerKW': 11, 'CurrentTypeID': 10}, {'ID': 95018, 'ConnectionTypeID': 25, 'LevelID': 2, 'PowerKW': 11, 'CurrentTypeID': 10}]",1.0,50,2016-06-04T02:37:00Z,3,2016-06-04T02:37:00Z,100,68534,Waddenland 25,Waddenland 25,Duivendrecht,,1115 XC,159,52.332205,4.938159,,http://www.nuon.nl/ev,0,,93106,,,,Nuon EVB-P1607054,,95017.0,25.0,,2.0,11.0,10.0,,,,,
774,False,2016-06-04T02:37:00Z,68187,188B3AC3-2224-445F-8529-B430630D4761,26,177.0,,0.00 jaarabonnement,"[{'ID': 95015, 'ConnectionTypeID': 25, 'LevelID': 2, 'PowerKW': 11, 'CurrentTypeID': 10}, {'ID': 95016, 'ConnectionTypeID': 25, 'LevelID': 2, 'PowerKW': 11, 'CurrentTypeID': 10}]",1.0,50,2016-06-04T02:37:00Z,3,2016-06-04T02:37:00Z,100,68533,Fokkerstraat 20,Fokkerstraat 20,Haarlemmermeer,,1171 EX,159,52.331893,4.78126,,http://www.nuon.nl/ev,0,,90158,,,,Nuon EVB-P1541109,,95015.0,25.0,,2.0,11.0,10.0,,,,,
775,False,2016-06-04T02:37:00Z,68186,D9AD370E-C3CB-4A98-8117-04EF990EDA27,26,177.0,,0.00 jaarabonnement,"[{'ID': 95011, 'ConnectionTypeID': 25, 'LevelID': 2, 'PowerKW': 11, 'CurrentTypeID': 10}, {'ID': 95012, 'ConnectionTypeID': 25, 'LevelID': 2, 'PowerKW': 11, 'CurrentTypeID': 10}, {'ID': 95013, 'ConnectionTypeID': 25, 'LevelID': 2, 'PowerKW': 11, 'CurrentTypeID': 10}, {'ID': 95014, 'ConnectionTypeID': 25, 'LevelID': 2, 'PowerKW': 11, 'CurrentTypeID': 10}]",1.0,50,2016-06-04T02:37:00Z,3,2016-06-04T02:37:00Z,100,68532,Stammerkamp 9,Stammerkamp 9,Diemen,,1112 VE,159,52.3304904,4.9857368,,http://www.nuon.nl/ev,0,,90911,,,,Nuon EVB-P1542028,,95011.0,25.0,,2.0,11.0,10.0,,,,,
776,False,2016-06-04T02:37:00Z,68185,D565879F-1F14-4425-B826-339DDE5364CC,26,73.0,,0.00 jaarabonnement,"[{'ID': 95009, 'ConnectionTypeID': 25, 'LevelID': 2, 'PowerKW': 11, 'CurrentTypeID': 10}, {'ID': 95010, 'ConnectionTypeID': 25, 'LevelID': 2, 'PowerKW': 11, 'CurrentTypeID': 10}]",1.0,50,2016-06-04T02:37:00Z,3,2016-06-04T02:37:00Z,100,68531,Broekerheide,Broekerheide,Almelo,,7609 TG,159,52.32924,6.64915,,http://www.ev-box.nl,0,,93732,,,,EV-Box EVB-P1551168,,95009.0,25.0,,2.0,11.0,10.0,,,,,
777,False,2016-06-04T02:37:00Z,68184,16280C3A-CE4E-4AE7-985D-A316F93FD3D0,26,177.0,,0.00 jaarabonnement,"[{'ID': 95007, 'ConnectionTypeID': 25, 'LevelID': 2, 'PowerKW': 11, 'CurrentTypeID': 10}, {'ID': 95008, 'ConnectionTypeID': 25, 'LevelID': 2, 'PowerKW': 11, 'CurrentTypeID': 10}]",1.0,50,2016-06-04T02:37:00Z,3,2016-06-04T02:37:00Z,100,68530,Van Nijenrodeweg 432,Van Nijenrodeweg 432,Amsterdam,,1082 HJ,159,52.327739,4.877177,,http://www.nuon.nl/ev,0,,90671,,,,Nuon EVB-P1539186,,95007.0,25.0,,2.0,11.0,10.0,,,,,
778,False,2016-06-04T02:37:00Z,68183,5FE7941E-0453-414F-B10A-FE8A0B3C2770,26,177.0,,0.00 jaarabonnement,"[{'ID': 95005, 'ConnectionTypeID': 25, 'LevelID': 2, 'PowerKW': 11, 'CurrentTypeID': 10}, {'ID': 95006, 'ConnectionTypeID': 25, 'LevelID': 2, 'PowerKW': 11, 'CurrentTypeID': 10}]",1.0,50,2016-06-04T02:37:00Z,3,2016-06-04T02:37:00Z,100,68529,Charlotte Brontéstraat 46,Charlotte Brontéstraat 46,Amsterdam,,1102 XE,159,52.324284,4.945047,,http://www.nuon.nl/ev,0,,91220,,,,Nuon EVB-P1542184,,95005.0,25.0,,2.0,11.0,10.0,,,,,
779,False,2016-06-04T02:37:00Z,68182,54882CE0-598D-49FE-AF7C-F369652A490D,26,73.0,,0.00 jaarabonnement,"[{'ID': 95004, 'ConnectionTypeID': 25, 'LevelID': 2, 'PowerKW': 11, 'CurrentTypeID': 10}]",1.0,50,2016-06-04T02:37:00Z,3,2016-06-04T02:37:00Z,100,68528,Schipholweg,Schipholweg,Haarlemmermeer,,1171 PR,159,52.32409,4.78924,,http://www.ev-box.nl,0,,91523,,,,EV-Box EVB-P1552098,,95004.0,25.0,,2.0,11.0,10.0,,,,,
780,False,2016-06-04T02:37:00Z,68181,DD479221-4E62-4B77-A96E-88CBECF27F6D,26,177.0,,0.00 jaarabonnement,"[{'ID': 95002, 'ConnectionTypeID': 25, 'LevelID': 2, 'PowerKW': 11, 'CurrentTypeID': 10}, {'ID': 95003, 'ConnectionTypeID': 25, 'LevelID': 2, 'PowerKW': 11, 'CurrentTypeID': 10}]",1.0,50,2016-06-04T02:37:00Z,3,2016-06-04T02:37:00Z,100,68527,Simonszand 52,Simonszand 52,Haarlemmermeer,,2134 ZZ,159,52.323178,4.650442,,http://www.nuon.nl/ev,0,,89910,,,,Nuon EVB-P1521069,,95002.0,25.0,,2.0,11.0,10.0,,,,,
781,False,2016-06-04T02:37:00Z,68180,4ADF2868-6B4F-49D2-B78B-84E81E8485C2,26,73.0,,0.00 jaarabonnement,"[{'ID': 95001, 'ConnectionTypeID': 25, 'LevelID': 2, 'PowerKW': 5, 'CurrentTypeID': 10}]",1.0,50,2016-06-04T02:37:00Z,3,2016-06-04T02:37:00Z,100,68526,Edith Magnusstraat 31,Edith Magnusstraat 31,Amsterdam,,1103 DA,159,52.32135,4.96083,,http://www.ev-box.nl,0,,91466,,,,EV-Box EVB-P1417176,,95001.0,25.0,,2.0,5.0,10.0,,,,,
782,False,2016-06-04T02:37:00Z,68179,AA83911A-16B8-4CA9-A955-0E6698A0F1EF,26,73.0,,0.00 jaarabonnement,"[{'ID': 95000, 'ConnectionTypeID': 25, 'LevelID': 2, 'PowerKW': 11, 'CurrentTypeID': 10}]",1.0,50,2016-06-04T02:37:00Z,3,2016-06-04T02:37:00Z,100,68525,Noordermorssingel,Noordermorssingel,Rijssen-Holten,,7461 JP,159,52.3195,6.51206,,http://www.ev-box.nl,0,,92992,,,,EV-Box EVB-P1542245,,95000.0,25.0,,2.0,11.0,10.0,,,,,
783,False,2016-06-04T02:37:00Z,68178,3843A89F-7FEC-44B1-93D7-E07041B0B4C3,26,73.0,,0.00 jaarabonnement,"[{'ID': 94998, 'ConnectionTypeID': 25, 'LevelID': 2, 'PowerKW': 5, 'CurrentTypeID': 10}, {'ID': 94999, 'ConnectionTypeID': 25, 'LevelID': 2, 'PowerKW': 5, 'CurrentTypeID': 10}]",1.0,50,2016-06-04T02:37:00Z,3,2016-06-04T02:37:00Z,100,68524,Nijverdalseweg 141,Nijverdalseweg 141,Rijssen-Holten,,7461 AG,159,52.31948,6.50111,,http://www.ev-box.nl,0,,91906,,,,EV-Box EVB-P1536483,,94998.0,25.0,,2.0,5.0,10.0,,,,,
784,False,2016-06-04T02:37:00Z,68177,758534F7-1D57-47AD-8339-26D6127F8767,26,73.0,,0.00 jaarabonnement,"[{'ID': 94997, 'ConnectionTypeID': 25, 'LevelID': 2, 'PowerKW': 11, 'CurrentTypeID': 10}]",1.0,50,2016-06-04T02:37:00Z,3,2016-06-04T02:37:00Z,100,68523,Zuidtangent,Zuidtangent,Haarlemmermeer,,1118 EN,159,52.31846,4.77419,,http://www.ev-box.nl,0,,93863,,,,EV-Box EVB-P1409095,,94997.0,25.0,,2.0,11.0,10.0,,,,,
785,False,2016-06-04T02:37:00Z,68176,551E9E63-D52A-4A73-8907-2BF115CD35DE,26,73.0,,0.00 jaarabonnement,"[{'ID': 94996, 'ConnectionTypeID': 25, 'LevelID': 2, 'PowerKW': 5, 'CurrentTypeID': 10}]",1.0,50,2016-06-04T02:37:00Z,3,2016-06-04T02:37:00Z,100,68522,Hogelandstraat 8,Hogelandstraat 8,Oldenzaal,,7573 CK,159,52.31652,6.93952,,http://www.ev-box.nl,0,,91416,,,,EV-Box EVB-P1409016,,94996.0,25.0,,2.0,5.0,10.0,,,,,
786,False,2016-06-04T02:37:00Z,68175,30908BD9-8C51-4A8C-B7CD-DCF533C5E390,26,177.0,,0.00 jaarabonnement,"[{'ID': 94994, 'ConnectionTypeID': 25, 'LevelID': 2, 'PowerKW': 11, 'CurrentTypeID': 10}, {'ID': 94995, 'ConnectionTypeID': 25, 'LevelID': 2, 'PowerKW': 11, 'CurrentTypeID': 10}]",1.0,50,2016-06-04T02:37:00Z,3,2016-06-04T02:37:00Z,100,68521,Oksholm 155,Oksholm 155,Haarlemmermeer,,2133 KS,159,52.31399,4.666153,,http://www.nuon.nl/ev,0,,89912,,,,Nuon EVB-P1521039,,94994.0,25.0,,2.0,11.0,10.0,,,,,
787,False,2016-06-04T02:37:00Z,68174,00F556BB-1692-453C-8A43-14AA0CEC6621,26,177.0,,0.00 jaarabonnement,"[{'ID': 94992, 'ConnectionTypeID': 25, 'LevelID': 2, 'PowerKW': 11, 'CurrentTypeID': 10}, {'ID': 94993, 'ConnectionTypeID': 25, 'LevelID': 2, 'PowerKW': 11, 'CurrentTypeID': 10}]",1.0,50,2016-06-04T02:37:00Z,3,2016-06-04T02:37:00Z,100,68520,Krombekstraat 65,Krombekstraat 65,Amsterdam,,1104 KK,159,52.312498,4.97909,,http://www.nuon.nl/ev,0,,90128,,,,Nuon EVB-P1541070,,94992.0,25.0,,2.0,11.0,10.0,,,,,
788,False,2016-06-04T02:37:00Z,68173,F3F55EF7-73A4-481C-AA07-4748A6190EEF,26,177.0,,0.00 jaarabonnement,"[{'ID': 94990, 'ConnectionTypeID': 25, 'LevelID': 2, 'PowerKW': 11, 'CurrentTypeID': 10}, {'ID': 94991, 'ConnectionTypeID': 25, 'LevelID': 2, 'PowerKW': 11, 'CurrentTypeID': 10}]",1.0,50,2016-06-04T02:37:00Z,3,2016-06-04T02:37:00Z,100,68519,Zandbos 159,Zandbos 159,Haarlemmermeer,,2134 DD,159,52.312248,4.649853,,http://www.nuon.nl/ev,0,,90197,,,,Nuon EVB-P1541082,,94990.0,25.0,,2.0,11.0,10.0,,,,,
789,False,2016-06-04T02:37:00Z,68172,61D373E4-30A4-4C84-AAAD-518C18E2793C,26,103.0,,0.00 jaarabonnement,"[{'ID': 94988, 'ConnectionTypeID': 25, 'LevelID': 2, 'PowerKW': 11, 'CurrentTypeID': 10}, {'ID': 94989, 'ConnectionTypeID': 25, 'LevelID': 2, 'PowerKW': 11, 'CurrentTypeID': 10}]",1.0,50,2016-06-04T02:37:00Z,3,2016-06-04T02:37:00Z,100,68518,Van der Hoochlaan 23,Van der Hoochlaan 23,Amstelveen,,1181 PL,159,52.3122288,4.8546713,0800-3745337,http://www.allego.eu/,0,,93664,,,,Allego NLALLEGO0011951,,94988.0,25.0,,2.0,11.0,10.0,,,,,
790,False,2016-06-04T02:37:00Z,68171,4BD638AC-2B5B-46CD-8BDF-D9393678A0F1,26,103.0,,0.00 jaarabonnement,"[{'ID': 94986, 'ConnectionTypeID': 25, 'LevelID': 2, 'PowerKW': 11, 'CurrentTypeID': 10}, {'ID': 94987, 'ConnectionTypeID': 25, 'LevelID': 2, 'PowerKW': 11, 'CurrentTypeID': 10}]",1.0,50,2016-06-04T02:37:00Z,3,2016-06-04T02:37:00Z,100,68517,De Giezen 26,De Giezen 26,Rijssen-Holten,,7461 BB,159,52.30930472,6.5220937,0800-3745337,http://www.allego.eu/,0,,91618,,,,Allego NLALLEGO0009432,,94986.0,25.0,,2.0,11.0,10.0,,,,,
791,False,2016-06-04T02:37:00Z,68170,B8A36E7F-BD2C-4078-8E58-4983688B6270,26,103.0,,0.00 jaarabonnement,"[{'ID': 94984, 'ConnectionTypeID': 25, 'LevelID': 2, 'PowerKW': 11, 'CurrentTypeID': 10}, {'ID': 94985, 'ConnectionTypeID': 25, 'LevelID': 2, 'PowerKW': 11, 'CurrentTypeID': 10}]",1.0,50,2016-06-04T02:37:00Z,3,2016-06-04T02:37:00Z,100,68516,Fanny Blankers-Koenlaan 56,Fanny Blankers-Koenlaan 56,Amstelveen,,1183 WS,159,52.30872224,4.881888,0800-3745337,http://www.allego.eu/,0,,93821,,,,Allego NLALLEGO0011811,,94984.0,25.0,,2.0,11.0,10.0,,,,,
792,False,2016-06-04T02:37:00Z,68169,44A35EBC-3917-4834-ABDE-C39BF0EAB07E,26,73.0,,0.00 jaarabonnement,"[{'ID': 94983, 'ConnectionTypeID': 25, 'LevelID': 2, 'PowerKW': 11, 'CurrentTypeID': 10}]",1.0,50,2016-06-04T02:37:00Z,3,2016-06-04T02:37:00Z,100,68515,Hogehilweg 4,Hogehilweg 4,Amsterdam,,1101 CC,159,52.30781,4.94633,,http://www.ev-box.nl,0,,93589,,,,EV-Box EVB-P1536578,,94983.0,25.0,,2.0,11.0,10.0,,,,,
793,False,2016-06-04T02:37:00Z,68168,E256A71A-C8BC-43CB-A30E-45089AD6AE33,26,177.0,,0.00 jaarabonnement,"[{'ID': 94981, 'ConnectionTypeID': 25, 'LevelID': 2, 'PowerKW': 11, 'CurrentTypeID': 10}, {'ID': 94982, 'ConnectionTypeID': 25, 'LevelID': 2, 'PowerKW': 11, 'CurrentTypeID': 10}]",1.0,50,2016-06-04T02:37:00Z,3,2016-06-04T02:37:00Z,100,68514,Wijtvliet 12,Wijtvliet 12,Haarlemmermeer,,2134 WD,159,52.307592,4.632512,,http://www.nuon.nl/ev,0,,90199,,,,Nuon EVB-P1541081,,94981.0,25.0,,2.0,11.0,10.0,,,,,
794,False,2016-06-04T02:37:00Z,68167,7F0843B7-9ADE-4D46-8AC1-AD58E500CAA0,26,177.0,,0.00 jaarabonnement,"[{'ID': 94979, 'ConnectionTypeID': 25, 'LevelID': 2, 'PowerKW': 11, 'CurrentTypeID': 10}, {'ID': 94980, 'ConnectionTypeID': 25, 'LevelID': 2, 'PowerKW': 11, 'CurrentTypeID': 10}]",1.0,50,2016-06-04T02:37:00Z,3,2016-06-04T02:37:00Z,100,68513,Dussenstraat 42,Dussenstraat 42,Haarlemmermeer,,2134 DL,159,52.305543,4.639028,,http://www.nuon.nl/ev,0,,90601,,,,Nuon EVB-P1521013,,94979.0,25.0,,2.0,11.0,10.0,,,,,
795,False,2016-06-04T02:37:00Z,68166,7B1229CB-ED16-4F01-8218-ADE38497A686,26,177.0,,0.00 jaarabonnement,"[{'ID': 94977, 'ConnectionTypeID': 25, 'LevelID': 2, 'PowerKW': 11, 'CurrentTypeID': 10}, {'ID': 94978, 'ConnectionTypeID': 25, 'LevelID': 2, 'PowerKW': 11, 'CurrentTypeID': 10}]",1.0,50,2016-06-04T02:37:00Z,3,2016-06-04T02:37:00Z,100,68512,Wilsonstraat 217,Wilsonstraat 217,Haarlemmermeer,,2131 PR,159,52.30502,4.680945,,http://www.nuon.nl/ev,0,,90030,,,,Nuon EVB-P1521084,,94977.0,25.0,,2.0,11.0,10.0,,,,,
796,False,2016-06-04T02:37:00Z,68165,1E011CFA-2667-4DA3-8DB5-8F2CF7F96786,26,177.0,,0.00 jaarabonnement,"[{'ID': 94975, 'ConnectionTypeID': 25, 'LevelID': 2, 'PowerKW': 11, 'CurrentTypeID': 10}, {'ID': 94976, 'ConnectionTypeID': 25, 'LevelID': 2, 'PowerKW': 11, 'CurrentTypeID': 10}]",1.0,50,2016-06-04T02:37:00Z,3,2016-06-04T02:37:00Z,100,68511,Fanny Blankers-Koenlaan 352,Fanny Blankers-Koenlaan 352,Haarlemmermeer,,2134 CH,159,52.304541,4.645874,,http://www.nuon.nl/ev,0,,90625,,,,Nuon EVB-P1521062,,94975.0,25.0,,2.0,11.0,10.0,,,,,
797,False,2016-06-04T02:37:00Z,68164,721F2879-6F35-4C04-94A6-8DF6F881EBB0,26,177.0,,0.00 jaarabonnement,"[{'ID': 94973, 'ConnectionTypeID': 25, 'LevelID': 2, 'PowerKW': 11, 'CurrentTypeID': 10}, {'ID': 94974, 'ConnectionTypeID': 25, 'LevelID': 2, 'PowerKW': 11, 'CurrentTypeID': 10}]",1.0,50,2016-06-04T02:37:00Z,3,2016-06-04T02:37:00Z,100,68510,Schoutenhof 43,Schoutenhof 43,Haarlemmermeer,,2134 LW,159,52.302751,4.634193,,http://www.nuon.nl/ev,0,,89920,,,,Nuon EVB-P1521066,,94973.0,25.0,,2.0,11.0,10.0,,,,,
798,False,2016-06-04T02:37:00Z,68163,EC72BFC3-8ED6-4627-AA13-A96BD955F225,26,177.0,,0.00 jaarabonnement,"[{'ID': 94971, 'ConnectionTypeID': 25, 'LevelID': 2, 'PowerKW': 11, 'CurrentTypeID': 10}, {'ID': 94972, 'ConnectionTypeID': 25, 'LevelID': 2, 'PowerKW': 11, 'CurrentTypeID': 10}]",1.0,50,2016-06-04T02:37:00Z,3,2016-06-04T02:37:00Z,100,68509,Wamelstraat 3,Wamelstraat 3,Amsterdam,,1106 DL,159,52.301109,4.986798,,http://www.nuon.nl/ev,0,,90357,,,,Nuon EVB-P1541170,,94971.0,25.0,,2.0,11.0,10.0,,,,,
799,False,2016-06-04T02:37:00Z,68162,7F7BED5E-9F03-4901-9F87-D64F461AE53D,26,177.0,,0.00 jaarabonnement,"[{'ID': 94969, 'ConnectionTypeID': 25, 'LevelID': 2, 'PowerKW': 11, 'CurrentTypeID': 10}, {'ID': 94970, 'ConnectionTypeID': 25, 'LevelID': 2, 'PowerKW': 11, 'CurrentTypeID': 10}]",1.0,50,2016-06-04T02:37:00Z,3,2016-06-04T02:37:00Z,100,68508,Rigestanplein 49,Rigestanplein 49,Haarlemmermeer,,2134 AD,159,52.300344,4.638397,,http://www.nuon.nl/ev,0,,89906,,,,Nuon EVB-P1521085,,94969.0,25.0,,2.0,11.0,10.0,,,,,
800,False,2016-06-04T02:37:00Z,68161,0072CB82-BC4D-48F2-A301-03419E010FA2,26,103.0,,0.00 jaarabonnement,"[{'ID': 94967, 'ConnectionTypeID': 25, 'LevelID': 2, 'PowerKW': 11, 'CurrentTypeID': 10}, {'ID': 94968, 'ConnectionTypeID': 25, 'LevelID': 2, 'PowerKW': 11, 'CurrentTypeID': 10}]",1.0,50,2016-06-04T02:37:00Z,3,2016-06-04T02:37:00Z,100,68507,Markt,Markt,Ermelo,,3851 NT,159,52.30021,5.618086,0800-3745337,http://www.allego.eu/,0,,92955,,,,Allego NLALLEGO0014571,,94967.0,25.0,,2.0,11.0,10.0,,,,,
801,False,2016-06-04T02:37:00Z,68160,9AA024FB-D2D7-4457-A23B-53DC2045CE58,26,177.0,,0.00 jaarabonnement,"[{'ID': 94965, 'ConnectionTypeID': 25, 'LevelID': 2, 'PowerKW': 11, 'CurrentTypeID': 10}, {'ID': 94966, 'ConnectionTypeID': 25, 'LevelID': 2, 'PowerKW': 11, 'CurrentTypeID': 10}]",1.0,50,2016-06-04T02:37:00Z,3,2016-06-04T02:37:00Z,100,68506,Rondenburglaan,Rondenburglaan,Haarlemmermeer,,2135 KN,159,52.299889,4.658184,,http://www.nuon.nl/ev,0,,90463,,,,Nuon EVB-P1541121,,94965.0,25.0,,2.0,11.0,10.0,,,,,
802,False,2016-06-04T02:37:00Z,68159,3C0400CC-F22D-4A04-A15A-49C5704183CB,26,103.0,,0.00 jaarabonnement,"[{'ID': 94963, 'ConnectionTypeID': 25, 'LevelID': 2, 'PowerKW': 11, 'CurrentTypeID': 10}, {'ID': 94964, 'ConnectionTypeID': 25, 'LevelID': 2, 'PowerKW': 11, 'CurrentTypeID': 10}]",1.0,50,2016-06-04T02:37:00Z,3,2016-06-04T02:37:00Z,100,68505,Oberonstraat 21,Oberonstraat 21,Amstelveen,,1183 PC,159,52.29984856,4.8772051,0800-3745337,http://www.allego.eu/,0,,93662,,,,Allego NLALLEGO0011892,,94963.0,25.0,,2.0,11.0,10.0,,,,,
803,False,2016-06-04T02:37:00Z,68158,F5CCB29C-C415-4B8D-BF60-92A59E4E6A01,26,177.0,,0.00 jaarabonnement,"[{'ID': 94961, 'ConnectionTypeID': 25, 'LevelID': 2, 'PowerKW': 11, 'CurrentTypeID': 10}, {'ID': 94962, 'ConnectionTypeID': 25, 'LevelID': 2, 'PowerKW': 11, 'CurrentTypeID': 10}]",1.0,50,2016-06-04T02:37:00Z,3,2016-06-04T02:37:00Z,100,68504,Hendrik Hosstraat 48,Hendrik Hosstraat 48,Amsterdam,,1106 ZN,159,52.29955,4.997398,,http://www.nuon.nl/ev,0,,89924,,,,Nuon EVB-P1521036,,94961.0,25.0,,2.0,11.0,10.0,,,,,
804,False,2016-06-04T02:37:00Z,68157,2B95CA36-AD59-4DB9-9F21-0CEB6D4500FA,26,177.0,,0.00 jaarabonnement,"[{'ID': 94959, 'ConnectionTypeID': 25, 'LevelID': 2, 'PowerKW': 11, 'CurrentTypeID': 10}, {'ID': 94960, 'ConnectionTypeID': 25, 'LevelID': 2, 'PowerKW': 11, 'CurrentTypeID': 10}]",1.0,50,2016-06-04T02:37:00Z,3,2016-06-04T02:37:00Z,100,68503,Abraham Rademakerstraat 13,Abraham Rademakerstraat 13,Ouder-Amstel,,1191 EJ,159,52.299258,4.914441,,http://www.nuon.nl/ev,0,,90271,,,,Nuon EVB-P1521050,,94959.0,25.0,,2.0,11.0,10.0,,,,,
805,False,2016-06-04T02:37:00Z,68156,70A09994-8924-4639-9A69-E2BFFEC9C0B2,26,177.0,,0.00 jaarabonnement,"[{'ID': 94957, 'ConnectionTypeID': 25, 'LevelID': 2, 'PowerKW': 11, 'CurrentTypeID': 10}, {'ID': 94958, 'ConnectionTypeID': 25, 'LevelID': 2, 'PowerKW': 11, 'CurrentTypeID': 10}]",1.0,50,2016-06-04T02:37:00Z,3,2016-06-04T02:37:00Z,100,68502,Maria Rutgerslaan 137,Maria Rutgerslaan 137,Haarlemmermeer,,2135 PD,159,52.298084,4.662193,,http://www.nuon.nl/ev,0,,91128,,,,Nuon EVB-P1542143,,94957.0,25.0,,2.0,11.0,10.0,,,,,
806,False,2016-06-04T02:37:00Z,68155,7EBB202F-F85E-47D3-8DA0-C4CAC54F6DC8,26,177.0,,0.00 jaarabonnement,"[{'ID': 94955, 'ConnectionTypeID': 25, 'LevelID': 2, 'PowerKW': 11, 'CurrentTypeID': 10}, {'ID': 94956, 'ConnectionTypeID': 25, 'LevelID': 2, 'PowerKW': 11, 'CurrentTypeID': 10}]",1.0,50,2016-06-04T02:37:00Z,3,2016-06-04T02:37:00Z,100,68501,Reijgershof 49,Reijgershof 49,Ouder-Amstel,,1191 CR,159,52.297479,4.912034,,http://www.nuon.nl/ev,0,,90026,,,,Nuon EVB-P1521004,,94955.0,25.0,,2.0,11.0,10.0,,,,,
807,False,2016-06-04T02:37:00Z,68154,D62E9B47-8303-41A5-93C2-88FF1F56AB81,26,177.0,,0.00 jaarabonnement,"[{'ID': 94953, 'ConnectionTypeID': 25, 'LevelID': 2, 'PowerKW': 11, 'CurrentTypeID': 10}, {'ID': 94954, 'ConnectionTypeID': 25, 'LevelID': 2, 'PowerKW': 11, 'CurrentTypeID': 10}]",1.0,50,2016-06-04T02:37:00Z,3,2016-06-04T02:37:00Z,100,68500,Vestingwerken 1I-1,Vestingwerken 1I-1,Gooise Meren,,1411 PC,159,52.296719,5.160079,,http://www.nuon.nl/ev,0,,90024,,,,Nuon EVB-P1521002,,94953.0,25.0,,2.0,11.0,10.0,,,,,
808,False,2016-06-04T02:37:00Z,68153,55324F9B-796C-4552-8636-E65246D952FC,26,73.0,,0.00 jaarabonnement,"[{'ID': 94950, 'ConnectionTypeID': 25, 'LevelID': 2, 'PowerKW': 11, 'CurrentTypeID': 10}, {'ID': 94951, 'ConnectionTypeID': 25, 'LevelID': 2, 'PowerKW': 5, 'CurrentTypeID': 10}, {'ID': 94952, 'ConnectionTypeID': 25, 'LevelID': 2, 'PowerKW': 11, 'CurrentTypeID': 10}]",1.0,50,2016-06-04T02:37:00Z,3,2016-06-04T02:37:00Z,100,68499,Twickelerblokweg 10a,Twickelerblokweg 10a,Borne,,7621 BK,159,52.29552,6.73515,,http://www.ev-box.nl,0,,93851,,,,EV-Box EVB-P1339232,,94950.0,25.0,,2.0,11.0,10.0,,,,,
809,False,2016-06-04T02:37:00Z,68152,9A32F8FA-029D-40A0-B867-811B447EE0AE,26,73.0,,0.00 jaarabonnement,"[{'ID': 94949, 'ConnectionTypeID': 25, 'LevelID': 2, 'PowerKW': 11, 'CurrentTypeID': 10}]",1.0,50,2016-06-04T02:37:00Z,3,2016-06-04T02:37:00Z,100,68498,Wilhelminalaan 91,Wilhelminalaan 91,Hillegom,,2182 CC,159,52.29543,4.56624,,http://www.ev-box.nl,0,,93295,,,,EV-Box EVB-P1611895,,94949.0,25.0,,2.0,11.0,10.0,,,,,
810,False,2016-06-04T02:37:00Z,68151,669CCA9D-75B3-49D4-AB7E-77F89E3C74A4,26,103.0,,0.00 jaarabonnement,"[{'ID': 94947, 'ConnectionTypeID': 25, 'LevelID': 2, 'PowerKW': 11, 'CurrentTypeID': 10}, {'ID': 94948, 'ConnectionTypeID': 25, 'LevelID': 2, 'PowerKW': 11, 'CurrentTypeID': 10}]",1.0,50,2016-06-04T02:37:00Z,3,2016-06-04T02:37:00Z,100,68497,Adriaan Dortsmanplein,Adriaan Dortsmanplein,Gooise Meren,,1411 RH,159,52.294933,5.1643752,0800-3745337,http://www.allego.eu/,0,,91615,,,,Allego NLALLEGO0006172,,94947.0,25.0,,2.0,11.0,10.0,,,,,
811,False,2016-06-04T02:37:00Z,68150,AD34155E-3097-4942-B047-015C11284F2D,26,177.0,,0.00 jaarabonnement,"[{'ID': 94945, 'ConnectionTypeID': 25, 'LevelID': 2, 'PowerKW': 11, 'CurrentTypeID': 10}, {'ID': 94946, 'ConnectionTypeID': 25, 'LevelID': 2, 'PowerKW': 11, 'CurrentTypeID': 10}]",1.0,50,2016-06-04T02:37:00Z,3,2016-06-04T02:37:00Z,100,68496,Bierdijk,Bierdijk,Hollands Kroon,,1777 NJ,159,52.293526,4.993384,,http://www.nuon.nl/ev,0,,93124,,,,Nuon EVB-P1552276,,94945.0,25.0,,2.0,11.0,10.0,,,,,
812,False,2016-06-04T02:37:00Z,68149,F02FD07F-6BFE-4E18-9040-0E1685A796E2,26,103.0,,0.00 jaarabonnement,"[{'ID': 94943, 'ConnectionTypeID': 25, 'LevelID': 2, 'PowerKW': 11, 'CurrentTypeID': 10}, {'ID': 94944, 'ConnectionTypeID': 25, 'LevelID': 2, 'PowerKW': 11, 'CurrentTypeID': 10}]",1.0,50,2016-06-04T02:37:00Z,3,2016-06-04T02:37:00Z,100,68495,Maarten Lutherweg 142,Maarten Lutherweg 142,Amstelveen,,1185 AS,159,52.2930857,4.8631728,0800-3745337,http://www.allego.eu/,0,,93827,,,,Allego NLALLEGO0011942,,94943.0,25.0,,2.0,11.0,10.0,,,,,
813,False,2016-06-04T02:37:00Z,68148,F2E3B628-89F9-48D1-9032-E767A54B123F,26,103.0,,0.00 jaarabonnement,"[{'ID': 94941, 'ConnectionTypeID': 25, 'LevelID': 2, 'PowerKW': 11, 'CurrentTypeID': 10}, {'ID': 94942, 'ConnectionTypeID': 25, 'LevelID': 2, 'PowerKW': 11, 'CurrentTypeID': 10}]",1.0,50,2016-06-04T02:37:00Z,3,2016-06-04T02:37:00Z,100,68494,Klaproos 39,Klaproos 39,Ouder-Amstel,,1191 TP,159,52.29290141,4.90485987,0800-3745337,http://www.allego.eu/,0,,93013,,,,Allego NLALLEGO0010022,,94941.0,25.0,,2.0,11.0,10.0,,,,,
814,False,2016-06-04T02:37:00Z,68147,8422213B-F795-4860-9FEB-1D60CDC97D95,26,177.0,,0.00 jaarabonnement,"[{'ID': 94939, 'ConnectionTypeID': 25, 'LevelID': 2, 'PowerKW': 11, 'CurrentTypeID': 10}, {'ID': 94940, 'ConnectionTypeID': 25, 'LevelID': 2, 'PowerKW': 11, 'CurrentTypeID': 10}]",1.0,50,2016-06-04T02:37:00Z,3,2016-06-04T02:37:00Z,100,68493,Graan voor Visch 15801,Graan voor Visch 15801,Haarlemmermeer,,2132 EV,159,52.292759,4.691445,,http://www.nuon.nl/ev,0,,90267,,,,Nuon EVB-P1521012,,94939.0,25.0,,2.0,11.0,10.0,,,,,
815,False,2016-06-04T02:37:00Z,68146,3485AB0C-386B-4068-9CB6-0A3DC8965268,26,177.0,,0.00 jaarabonnement,"[{'ID': 94937, 'ConnectionTypeID': 25, 'LevelID': 2, 'PowerKW': 11, 'CurrentTypeID': 10}, {'ID': 94938, 'ConnectionTypeID': 25, 'LevelID': 2, 'PowerKW': 11, 'CurrentTypeID': 10}]",1.0,50,2016-06-04T02:37:00Z,3,2016-06-04T02:37:00Z,100,68492,Wethouder Ramstraat 24,Wethouder Ramstraat 24,Amsterdam,,1107 CN,159,52.292598,4.990334,,http://www.nuon.nl/ev,0,,92313,,,,Nuon EVB-P1607176,,94937.0,25.0,,2.0,11.0,10.0,,,,,
816,False,2016-06-04T02:37:00Z,68145,A037F21E-79C0-429F-9ED0-05D3F8079891,26,177.0,,0.00 jaarabonnement,"[{'ID': 94935, 'ConnectionTypeID': 25, 'LevelID': 2, 'PowerKW': 11, 'CurrentTypeID': 10}, {'ID': 94936, 'ConnectionTypeID': 25, 'LevelID': 2, 'PowerKW': 11, 'CurrentTypeID': 10}]",1.0,50,2016-06-04T02:37:00Z,3,2016-06-04T02:37:00Z,100,68491,Wethouder Driessenstraat 116,Wethouder Driessenstraat 116,Amsterdam,,1107 XM,159,52.291346,4.985423,,http://www.nuon.nl/ev,0,,91055,,,,Nuon EVB-P1541026,,94935.0,25.0,,2.0,11.0,10.0,,,,,
817,False,2016-06-04T02:37:00Z,68144,36EB5BC5-1AB0-4881-9727-3A0DCF809196,26,103.0,,0.00 jaarabonnement,"[{'ID': 94933, 'ConnectionTypeID': 25, 'LevelID': 2, 'PowerKW': 11, 'CurrentTypeID': 10}, {'ID': 94934, 'ConnectionTypeID': 25, 'LevelID': 2, 'PowerKW': 11, 'CurrentTypeID': 10}]",1.0,50,2016-06-04T02:37:00Z,3,2016-06-04T02:37:00Z,100,68490,Aagje Dekenlaan 51,Aagje Dekenlaan 51,Amstelveen,,1187 BK,159,52.290793,4.83358,0800-3745337,http://www.allego.eu/,0,,93825,,,,Allego NLALLEGO0011911,,94933.0,25.0,,2.0,11.0,10.0,,,,,
818,False,2016-06-04T02:37:00Z,68143,D859F166-91E5-42DA-A713-F05F7D1707FE,26,103.0,,0.00 jaarabonnement,"[{'ID': 94931, 'ConnectionTypeID': 25, 'LevelID': 2, 'PowerKW': 11, 'CurrentTypeID': 10}, {'ID': 94932, 'ConnectionTypeID': 25, 'LevelID': 2, 'PowerKW': 11, 'CurrentTypeID': 10}]",1.0,50,2016-06-04T02:37:00Z,3,2016-06-04T02:37:00Z,100,68489,Groenendaal 29,Groenendaal 29,Amstelveen,,1187 GX,159,52.2868631,4.826893,0800-3745337,http://www.allego.eu/,0,,93823,,,,Allego NLALLEGO0011861,,94931.0,25.0,,2.0,11.0,10.0,,,,,
819,False,2016-06-04T02:37:00Z,68142,A1932274-72EC-4B7E-92A6-7584ED264BB7,26,73.0,,0.00 jaarabonnement,"[{'ID': 94930, 'ConnectionTypeID': 25, 'LevelID': 2, 'PowerKW': 5, 'CurrentTypeID': 10}]",1.0,50,2016-06-04T02:37:00Z,3,2016-06-04T02:37:00Z,100,68488,Demmersweg 3-13,Demmersweg 3-13,Hengelo,,7556 BN,159,52.28265,6.77986,,http://www.ev-box.nl,0,,93224,,,,EV-Box EVB-P1430350,,94930.0,25.0,,2.0,5.0,10.0,,,,,
820,False,2016-06-04T02:37:00Z,68141,7265E289-78B4-468A-B6F1-A95E5A3ACD74,26,,,0.00 afhankelijk van pas,"[{'ID': 94929, 'ConnectionTypeID': 25, 'LevelID': 2, 'PowerKW': 11, 'CurrentTypeID': 10}]",2.0,50,2016-06-04T02:37:00Z,3,2016-06-04T02:37:00Z,100,68487,Pletterij 2,Pletterij 2,Amstelveen,,1185 ZK,159,52.282128,4.838218,,http://www.evcompany.eu/,0,,91922,,,,EV Company 1000000087,,94929.0,25.0,,2.0,11.0,10.0,,,,,
821,False,2016-06-04T02:37:00Z,68140,DEFAE771-83C4-46D6-9825-5A0B6E6D0115,26,103.0,,0.00 jaarabonnement,"[{'ID': 94927, 'ConnectionTypeID': 25, 'LevelID': 2, 'PowerKW': 11, 'CurrentTypeID': 10}, {'ID': 94928, 'ConnectionTypeID': 25, 'LevelID': 2, 'PowerKW': 11, 'CurrentTypeID': 10}]",1.0,50,2016-06-04T02:37:00Z,3,2016-06-04T02:37:00Z,100,68486,Turfschip 90B,Turfschip 90B,Amstelveen,,1186 XN,159,52.28088458,4.866983,0800-3745337,http://www.allego.eu/,0,,93307,,,,Allego NLALLEGO0011782,,94927.0,25.0,,2.0,11.0,10.0,,,,,
822,False,2016-06-04T02:37:00Z,68139,FECC02B7-2718-45BA-9616-F68ABFD899CD,26,73.0,,0.00 jaarabonnement,"[{'ID': 94923, 'ConnectionTypeID': 25, 'LevelID': 2, 'PowerKW': 11, 'CurrentTypeID': 10}, {'ID': 94924, 'ConnectionTypeID': 25, 'LevelID': 2, 'PowerKW': 11, 'CurrentTypeID': 10}, {'ID': 94925, 'ConnectionTypeID': 25, 'LevelID': 2, 'PowerKW': 11, 'CurrentTypeID': 10}, {'ID': 94926, 'ConnectionTypeID': 25, 'LevelID': 2, 'PowerKW': 11, 'CurrentTypeID': 10}]",1.0,50,2016-06-04T02:37:00Z,3,2016-06-04T02:37:00Z,100,68485,Tupolevlaan,Tupolevlaan,Schiphol-Rijk,,1119,159,52.28037,4.75436,,http://www.ev-box.nl,0,,93462,,,,EV-Box EVB-P1426011,,94923.0,25.0,,2.0,11.0,10.0,,,,,
823,False,2016-06-04T02:37:00Z,68138,A44B0B0C-4AAD-4022-854B-9EFD0C31498E,26,73.0,,0.00 jaarabonnement,"[{'ID': 94922, 'ConnectionTypeID': 25, 'LevelID': 2, 'PowerKW': 5, 'CurrentTypeID': 10}]",1.0,50,2016-06-04T02:37:00Z,3,2016-06-04T02:37:00Z,100,68484,Zwarteweg 55,Zwarteweg 55,Gooise Meren,,1405 AD,159,52.279,5.14948,,http://www.ev-box.nl,0,,91516,,,,EV-Box EVB-P1548440,,94922.0,25.0,,2.0,5.0,10.0,,,,,
824,False,2016-06-04T02:37:00Z,68137,E6A1E28E-37F7-4A10-A5C0-9B8C96313203,26,103.0,,0.00 jaarabonnement,"[{'ID': 94920, 'ConnectionTypeID': 25, 'LevelID': 2, 'PowerKW': 11, 'CurrentTypeID': 10}, {'ID': 94921, 'ConnectionTypeID': 25, 'LevelID': 2, 'PowerKW': 11, 'CurrentTypeID': 10}]",1.0,50,2016-06-04T02:37:00Z,3,2016-06-04T02:37:00Z,100,68483,Schoener 110,Schoener 110,Amstelveen,,1186 VL,159,52.2770304,4.855932,0800-3745337,http://www.allego.eu/,0,,93434,,,,Allego NLALLEGO0011771,,94920.0,25.0,,2.0,11.0,10.0,,,,,
825,False,2016-06-04T02:37:00Z,68136,B9FA38E4-18B4-42F6-9DB5-7763CB60A7FE,26,103.0,,0.00 jaarabonnement,"[{'ID': 94918, 'ConnectionTypeID': 25, 'LevelID': 2, 'PowerKW': 11, 'CurrentTypeID': 10}, {'ID': 94919, 'ConnectionTypeID': 25, 'LevelID': 2, 'PowerKW': 11, 'CurrentTypeID': 10}]",1.0,50,2016-06-04T02:37:00Z,3,2016-06-04T02:37:00Z,100,68482,Stuwdam 13,Stuwdam 13,Amstelveen,,1186 ZL,159,52.2766699,4.866314,0800-3745337,http://www.allego.eu/,0,,93660,,,,Allego NLALLEGO0011752,,94918.0,25.0,,2.0,11.0,10.0,,,,,
826,False,2016-06-04T02:37:00Z,68135,E2980CD4-28BA-46A4-A5CA-09CFB7C61AE9,26,177.0,,0.00 jaarabonnement,"[{'ID': 94916, 'ConnectionTypeID': 25, 'LevelID': 2, 'PowerKW': 11, 'CurrentTypeID': 10}, {'ID': 94917, 'ConnectionTypeID': 25, 'LevelID': 2, 'PowerKW': 11, 'CurrentTypeID': 10}]",1.0,50,2016-06-04T02:37:00Z,3,2016-06-04T02:37:00Z,100,68481,Heideveld 13,Heideveld 13,Haarlemmermeer,,2151 LT,159,52.264935,4.609637,,http://www.nuon.nl/ev,0,,90162,,,,Nuon EVB-P1541111,,94916.0,25.0,,2.0,11.0,10.0,,,,,
827,False,2016-06-04T02:37:00Z,68134,8C8692C0-9E11-44B6-9371-A1BDEFAC54C1,26,177.0,,0.00 jaarabonnement,"[{'ID': 94914, 'ConnectionTypeID': 25, 'LevelID': 2, 'PowerKW': 11, 'CurrentTypeID': 10}, {'ID': 94915, 'ConnectionTypeID': 25, 'LevelID': 2, 'PowerKW': 11, 'CurrentTypeID': 10}]",1.0,50,2016-06-04T02:37:00Z,3,2016-06-04T02:37:00Z,100,68480,Andellaan 5,Andellaan 5,Noordwijkerhout,,2211 JV,159,52.257138,4.489682,,http://www.nuon.nl/ev,0,,91103,,,,Nuon EVB-P1542126,,94914.0,25.0,,2.0,11.0,10.0,,,,,
828,False,2016-06-04T02:37:00Z,68133,2E96855C-1293-4550-A8B2-748048B468B5,26,73.0,,0.00 jaarabonnement,"[{'ID': 94912, 'ConnectionTypeID': 25, 'LevelID': 2, 'PowerKW': 11, 'CurrentTypeID': 10}, {'ID': 94913, 'ConnectionTypeID': 25, 'LevelID': 2, 'PowerKW': 11, 'CurrentTypeID': 10}]",1.0,50,2016-06-04T02:37:00Z,3,2016-06-04T02:37:00Z,100,68479,Cotoneaster,Cotoneaster,Uithoorn,,1424 LB,159,52.25554,4.78842,,http://www.ev-box.nl,0,,92383,,,,EV-Box EVB-P1536683,,94912.0,25.0,,2.0,11.0,10.0,,,,,
829,False,2016-06-04T02:37:00Z,68132,BDDE062C-2972-4114-A875-C7BB603C8A9B,26,179.0,,0.00 afhankelijk van pas,"[{'ID': 94909, 'ConnectionTypeID': 25, 'LevelID': 2, 'PowerKW': 11, 'CurrentTypeID': 10}, {'ID': 94910, 'ConnectionTypeID': 25, 'LevelID': 2, 'PowerKW': 11, 'CurrentTypeID': 10}, {'ID': 94911, 'ConnectionTypeID': 25, 'LevelID': 2, 'PowerKW': 11, 'CurrentTypeID': 10}]",2.0,50,2016-06-04T02:37:00Z,3,2016-06-04T02:37:00Z,100,68478,Grote Kerkhof 1,Grote Kerkhof 1,Deventer,,7411 KT,159,52.251776,6.156034,,http://www.ecotap.nl,0,,93325,,,,Ecotap 1601216,,94909.0,25.0,,2.0,11.0,10.0,,,,,
830,False,2016-06-04T02:37:00Z,68131,2E4C0F98-6FA3-46DB-A9E4-4634C5CB6251,26,73.0,,0.00 jaarabonnement,"[{'ID': 94905, 'ConnectionTypeID': 25, 'LevelID': 2, 'PowerKW': 11, 'CurrentTypeID': 10}, {'ID': 94906, 'ConnectionTypeID': 25, 'LevelID': 2, 'PowerKW': 11, 'CurrentTypeID': 10}, {'ID': 94907, 'ConnectionTypeID': 25, 'LevelID': 2, 'PowerKW': 11, 'CurrentTypeID': 10}, {'ID': 94908, 'ConnectionTypeID': 25, 'LevelID': 2, 'PowerKW': 11, 'CurrentTypeID': 10}]",1.0,50,2016-06-04T02:37:00Z,3,2016-06-04T02:37:00Z,100,68477,Diamantstraat 3,Diamantstraat 3,Hengelo,,7554 TA,159,52.24271,6.76719,,http://www.ev-box.nl,0,,84825,,,,EV-Box EVB-P1416045,,94905.0,25.0,,2.0,11.0,10.0,,,,,
831,False,2016-06-04T02:37:00Z,68130,10192D9D-00F8-46BD-BC95-C98D52A5C04B,26,73.0,,0.00 jaarabonnement,"[{'ID': 94903, 'ConnectionTypeID': 25, 'LevelID': 2, 'PowerKW': 11, 'CurrentTypeID': 10}, {'ID': 94904, 'ConnectionTypeID': 25, 'LevelID': 2, 'PowerKW': 11, 'CurrentTypeID': 10}]",1.0,50,2016-06-04T02:37:00Z,3,2016-06-04T02:37:00Z,100,68476,Koningin Astrid Boulevard 5,Koningin Astrid Boulevard 5,Noordwijk,,2202 BK,159,52.24127,4.42792,,http://www.ev-box.nl,0,,92578,,,,EV-Box EVB-P1536554,,94903.0,25.0,,2.0,11.0,10.0,,,,,
832,False,2016-06-04T02:37:00Z,68129,9456C938-2668-4183-87C8-4A5437144A3C,26,73.0,,0.00 jaarabonnement,"[{'ID': 94897, 'ConnectionTypeID': 25, 'LevelID': 2, 'PowerKW': 11, 'CurrentTypeID': 10}, {'ID': 94898, 'ConnectionTypeID': 25, 'LevelID': 2, 'PowerKW': 11, 'CurrentTypeID': 10}, {'ID': 94899, 'ConnectionTypeID': 25, 'LevelID': 2, 'PowerKW': 11, 'CurrentTypeID': 10}, {'ID': 94900, 'ConnectionTypeID': 25, 'LevelID': 2, 'PowerKW': 11, 'CurrentTypeID': 10}, {'ID': 94901, 'ConnectionTypeID': 25, 'LevelID': 2, 'PowerKW': 11, 'CurrentTypeID': 10}, {'ID': 94902, 'ConnectionTypeID': 25, 'LevelID': 2, 'PowerKW': 11, 'CurrentTypeID': 10}]",1.0,50,2016-06-04T02:37:00Z,3,2016-06-04T02:37:00Z,100,68475,Steenbokstraat,Steenbokstraat,Apeldoorn,,7324 AZ,159,52.23807,5.97914,,http://www.ev-box.nl,0,,92740,,,,EV-Box EVB-P1414290,,94897.0,25.0,,2.0,11.0,10.0,,,,,
833,False,2016-06-04T02:37:00Z,68128,138E5A74-9B23-4984-B197-887D6CAF93AE,26,103.0,,0.00 jaarabonnement,"[{'ID': 94895, 'ConnectionTypeID': 25, 'LevelID': 2, 'PowerKW': 11, 'CurrentTypeID': 10}, {'ID': 94896, 'ConnectionTypeID': 25, 'LevelID': 2, 'PowerKW': 11, 'CurrentTypeID': 10}]",1.0,50,2016-06-04T02:37:00Z,3,2016-06-04T02:37:00Z,100,68474,Korfstraat 110,Korfstraat 110,Aalsmeer,,1433 DD,159,52.2362735,4.7612441,0800-3745337,http://www.allego.eu/,0,,93829,,,,Allego NLALLEGO0012361,,94895.0,25.0,,2.0,11.0,10.0,,,,,
834,False,2016-06-04T02:37:00Z,68127,4AA1DAE4-7995-46F0-978D-B2A2D72FD544,26,73.0,,0.00 jaarabonnement,"[{'ID': 94893, 'ConnectionTypeID': 25, 'LevelID': 2, 'PowerKW': 11, 'CurrentTypeID': 10}, {'ID': 94894, 'ConnectionTypeID': 25, 'LevelID': 2, 'PowerKW': 11, 'CurrentTypeID': 10}]",1.0,50,2016-06-04T02:37:00Z,3,2016-06-04T02:37:00Z,100,68473,Kamerlingh Onnesstraat 52,Kamerlingh Onnesstraat 52,Apeldoorn,,7316 LT,159,52.23427,5.96962,,http://www.ev-box.nl,0,,92841,,,,EV-Box EVB-P1607111,,94893.0,25.0,,2.0,11.0,10.0,,,,,
835,False,2016-06-04T02:37:00Z,68126,4375F790-8E63-42CF-AA21-0E26B567E378,26,103.0,,0.00 jaarabonnement,"[{'ID': 94891, 'ConnectionTypeID': 25, 'LevelID': 2, 'PowerKW': 11, 'CurrentTypeID': 10}, {'ID': 94892, 'ConnectionTypeID': 25, 'LevelID': 2, 'PowerKW': 11, 'CurrentTypeID': 10}]",1.0,50,2016-06-04T02:37:00Z,3,2016-06-04T02:37:00Z,100,68472,Herenweg 206,Herenweg 206,De Ronde Venen,,3645 DV,159,52.21991866,4.9328517,0800-3745337,http://www.allego.eu/,0,,92518,,,,Allego NLALLEGO0008142,,94891.0,25.0,,2.0,11.0,10.0,,,,,
836,False,2016-06-04T02:37:00Z,68125,60475FED-5F0D-457E-8661-CD38535BF586,26,73.0,,0.00 jaarabonnement,"[{'ID': 94889, 'ConnectionTypeID': 25, 'LevelID': 2, 'PowerKW': 11, 'CurrentTypeID': 10}, {'ID': 94890, 'ConnectionTypeID': 25, 'LevelID': 2, 'PowerKW': 11, 'CurrentTypeID': 10}]",1.0,50,2016-06-04T02:37:00Z,3,2016-06-04T02:37:00Z,100,68471,Westkreek 35,Westkreek 35,Apeldoorn,,7325 NB,159,52.21593,6.00916,,http://www.ev-box.nl,0,,91527,,,,EV-Box EVB-P1552155,,94889.0,25.0,,2.0,11.0,10.0,,,,,
837,False,2016-06-04T02:37:00Z,68124,3F1B5BD3-D487-43D3-8CAE-6FF4E0F55BEA,26,103.0,,0.00 jaarabonnement,"[{'ID': 94887, 'ConnectionTypeID': 25, 'LevelID': 2, 'PowerKW': 11, 'CurrentTypeID': 10}, {'ID': 94888, 'ConnectionTypeID': 25, 'LevelID': 2, 'PowerKW': 11, 'CurrentTypeID': 10}]",1.0,50,2016-06-04T02:37:00Z,3,2016-06-04T02:37:00Z,100,68470,Dodaarslaan 67,Dodaarslaan 67,De Ronde Venen,,3645 JB,159,52.215437,4.92196631,0800-3745337,http://www.allego.eu/,0,,92848,,,,Allego NLALLEGO0007942,,94887.0,25.0,,2.0,11.0,10.0,,,,,
838,False,2016-06-04T02:37:00Z,68123,BC21959E-EFB6-407B-9B32-054762492FCA,26,73.0,,0.00 jaarabonnement,"[{'ID': 94886, 'ConnectionTypeID': 25, 'LevelID': 2, 'PowerKW': 5, 'CurrentTypeID': 10}]",1.0,50,2016-06-04T02:37:00Z,3,2016-06-04T02:37:00Z,100,68469,Brinkzicht 12,Brinkzicht 12,Baarn,,3743 EX,159,52.21326,5.29158,,http://www.ev-box.nl,0,,86791,,,,EV-Box EVB-P1417048,,94886.0,25.0,,2.0,5.0,10.0,,,,,
839,False,2016-06-04T02:37:00Z,68122,A8DB4667-DA5C-40EE-844C-41EC7FDE11A5,26,73.0,,0.00 jaarabonnement,"[{'ID': 94885, 'ConnectionTypeID': 25, 'LevelID': 2, 'PowerKW': 5, 'CurrentTypeID': 10}]",1.0,50,2016-06-04T02:37:00Z,3,2016-06-04T02:37:00Z,100,68468,Tenderlaan 48,Tenderlaan 48,Apeldoorn,,7331 AJ,159,52.20853,5.96131,,http://www.ev-box.nl,0,,85912,,,,EV-Box EVB-P1409097,,94885.0,25.0,,2.0,5.0,10.0,,,,,
840,False,2016-06-04T02:37:00Z,68121,E7D9F2CF-EAF9-4BCA-8F5D-C468BD7AFCF5,26,103.0,,0.00 jaarabonnement,"[{'ID': 94883, 'ConnectionTypeID': 25, 'LevelID': 2, 'PowerKW': 11, 'CurrentTypeID': 10}, {'ID': 94884, 'ConnectionTypeID': 25, 'LevelID': 2, 'PowerKW': 11, 'CurrentTypeID': 10}]",1.0,50,2016-06-04T02:37:00Z,3,2016-06-04T02:37:00Z,100,68467,Korenbloem 82,Korenbloem 82,De Ronde Venen,,3641 VR,159,52.20717702,4.85186473,0800-3745337,http://www.allego.eu/,0,,92521,,,,Allego NLALLEGO0009712,,94883.0,25.0,,2.0,11.0,10.0,,,,,
841,False,2016-06-04T02:37:00Z,68120,C9751611-6262-4068-A97E-077299DA1B83,26,103.0,,0.00 jaarabonnement,"[{'ID': 94881, 'ConnectionTypeID': 25, 'LevelID': 2, 'PowerKW': 11, 'CurrentTypeID': 10}, {'ID': 94882, 'ConnectionTypeID': 25, 'LevelID': 2, 'PowerKW': 11, 'CurrentTypeID': 10}]",1.0,50,2016-06-04T02:37:00Z,3,2016-06-04T02:37:00Z,100,68466,Markestraat 60,Markestraat 60,De Ronde Venen,,3641 JR,159,52.20672,4.85636,0800-3745337,http://www.allego.eu/,0,,91862,,,,Allego NLALLEGO0007902,,94881.0,25.0,,2.0,11.0,10.0,,,,,
842,False,2016-06-04T02:37:00Z,68119,14D75717-3D19-4F94-A310-A58D5404436A,26,73.0,,0.00 jaarabonnement,"[{'ID': 94877, 'ConnectionTypeID': 25, 'LevelID': 2, 'PowerKW': 11, 'CurrentTypeID': 10}, {'ID': 94878, 'ConnectionTypeID': 25, 'LevelID': 2, 'PowerKW': 11, 'CurrentTypeID': 10}, {'ID': 94879, 'ConnectionTypeID': 25, 'LevelID': 2, 'PowerKW': 11, 'CurrentTypeID': 10}, {'ID': 94880, 'ConnectionTypeID': 25, 'LevelID': 2, 'PowerKW': 11, 'CurrentTypeID': 10}]",1.0,50,2016-06-04T02:37:00Z,3,2016-06-04T02:37:00Z,100,68465,Christiaan Geurtsweg 6,Christiaan Geurtsweg 6,Apeldoorn,,7335 JV,159,52.20583,5.95696,,http://www.ev-box.nl,0,,93855,,,,EV-Box EVB-P1345142,,94877.0,25.0,,2.0,11.0,10.0,,,,,
843,False,2016-06-04T02:37:00Z,68118,60690C6F-2986-4993-88E8-C478EA9DA58C,26,73.0,,0.00 jaarabonnement,"[{'ID': 94876, 'ConnectionTypeID': 25, 'LevelID': 2, 'PowerKW': 11, 'CurrentTypeID': 10}]",1.0,50,2016-06-04T02:37:00Z,3,2016-06-04T02:37:00Z,100,68464,Nijverheidsweg 25,Nijverheidsweg 25,De Ronde Venen,,3641 RP,159,52.20492,4.87573,,http://www.ev-box.nl,0,,93816,,,,EV-Box EVB-P1541061,,94876.0,25.0,,2.0,11.0,10.0,,,,,
844,False,2016-06-04T02:37:00Z,68117,CCAA6689-1148-4790-AAF0-2034CFE50F6B,26,73.0,,0.00 jaarabonnement,"[{'ID': 94875, 'ConnectionTypeID': 25, 'LevelID': 2, 'PowerKW': 11, 'CurrentTypeID': 10}]",1.0,50,2016-06-04T02:37:00Z,3,2016-06-04T02:37:00Z,100,68463,Nijverheidsweg 1,Nijverheidsweg 1,De Ronde Venen,,3641 RP,159,52.2046,4.87193,,http://www.ev-box.nl,0,,78321,,,,EV-Box EVB-P1536665,,94875.0,25.0,,2.0,11.0,10.0,,,,,
845,False,2016-06-04T02:37:00Z,68116,8B58411A-141A-4CDD-983A-4AC506481774,26,73.0,,0.00 jaarabonnement,"[{'ID': 94874, 'ConnectionTypeID': 25, 'LevelID': 2, 'PowerKW': 11, 'CurrentTypeID': 10}]",1.0,50,2016-06-04T02:37:00Z,3,2016-06-04T02:37:00Z,100,68462,Industrieweg 8,Industrieweg 8,Hof van Twente,,7475 NH,159,52.20456,6.52234,,http://www.ev-box.nl,0,,91511,,,,EV-Box EVB-P1541320,,94874.0,25.0,,2.0,11.0,10.0,,,,,
846,False,2016-06-04T02:37:00Z,68115,20242040-C1A7-4207-91CE-B351DA330BA3,26,103.0,,0.00 jaarabonnement,"[{'ID': 94872, 'ConnectionTypeID': 25, 'LevelID': 2, 'PowerKW': 11, 'CurrentTypeID': 10}, {'ID': 94873, 'ConnectionTypeID': 25, 'LevelID': 2, 'PowerKW': 11, 'CurrentTypeID': 10}]",1.0,50,2016-06-04T02:37:00Z,3,2016-06-04T02:37:00Z,100,68461,Synthese 20,Synthese 20,Katwijk,,2224 RD,159,52.20282892,4.41710706,0800-3745337,http://www.allego.eu/,0,,93833,,,,Allego NLALLEGO0013472,,94872.0,25.0,,2.0,11.0,10.0,,,,,
847,False,2016-06-04T02:37:00Z,68114,2EED28BB-91E2-4035-A3E7-7C9DE87B4791,26,73.0,,0.00 jaarabonnement,"[{'ID': 94871, 'ConnectionTypeID': 25, 'LevelID': 2, 'PowerKW': 5, 'CurrentTypeID': 10}]",1.0,50,2016-06-04T02:37:00Z,3,2016-06-04T02:37:00Z,100,68460,Goorseweg,Goorseweg,Hof van Twente,,7478 BL,159,52.20004,6.55928,,http://www.ev-box.nl,0,,91481,,,,EV-Box EVB-P1426186,,94871.0,25.0,,2.0,5.0,10.0,,,,,
848,False,2016-06-04T02:37:00Z,68113,42841400-028C-4C04-B9F9-E408AC16591A,26,103.0,,0.00 jaarabonnement,"[{'ID': 94869, 'ConnectionTypeID': 25, 'LevelID': 2, 'PowerKW': 11, 'CurrentTypeID': 10}, {'ID': 94870, 'ConnectionTypeID': 25, 'LevelID': 2, 'PowerKW': 11, 'CurrentTypeID': 10}]",1.0,50,2016-06-04T02:37:00Z,3,2016-06-04T02:37:00Z,100,68459,Hazeweg 1,Hazeweg 1,Nieuwkoop,,2441 AD,159,52.19539935,4.75214283,0800-3745337,http://www.allego.eu/,0,,92612,,,,Allego NLALLEGO0011091,,94869.0,25.0,,2.0,11.0,10.0,,,,,
849,False,2016-06-04T02:37:00Z,68112,323E5CCE-D1CC-43A6-9ABB-3E7B17F7A33D,26,73.0,,0.00 jaarabonnement,"[{'ID': 94868, 'ConnectionTypeID': 25, 'LevelID': 2, 'PowerKW': 5, 'CurrentTypeID': 10}]",1.0,50,2016-06-04T02:37:00Z,3,2016-06-04T02:37:00Z,100,68458,Heideweg 53A,Heideweg 53A,Amersfoort,,3829 BD,159,52.18874,5.42367,,http://www.ev-box.nl,0,,91503,,,,EV-Box EVB-P1536466,,94868.0,25.0,,2.0,5.0,10.0,,,,,
850,False,2016-06-04T02:37:00Z,68111,317CB7E6-08B9-4700-8796-56D869E393B5,26,103.0,,0.00 jaarabonnement,"[{'ID': 94866, 'ConnectionTypeID': 25, 'LevelID': 2, 'PowerKW': 11, 'CurrentTypeID': 10}, {'ID': 94867, 'ConnectionTypeID': 25, 'LevelID': 2, 'PowerKW': 11, 'CurrentTypeID': 10}]",1.0,50,2016-06-04T02:37:00Z,3,2016-06-04T02:37:00Z,100,68457,Asterstraat 45,Asterstraat 45,Katwijk,,2223 VG,159,52.18609241,4.42328336,0800-3745337,http://www.allego.eu/,0,,93835,,,,Allego NLALLEGO0013461,,94866.0,25.0,,2.0,11.0,10.0,,,,,
851,False,2016-06-04T02:37:00Z,68110,1E0C5997-31D7-4FC1-92BE-C6BEE7834226,26,73.0,,0.00 jaarabonnement,"[{'ID': 94865, 'ConnectionTypeID': 25, 'LevelID': 2, 'PowerKW': 5, 'CurrentTypeID': 10}]",1.0,50,2016-06-04T02:37:00Z,3,2016-06-04T02:37:00Z,100,68456,Triangelstraat 46,Triangelstraat 46,Amersfoort,,3822 DJ,159,52.18449,5.40415,,http://www.ev-box.nl,0,,93853,,,,EV-Box EVB-P1345036,,94865.0,25.0,,2.0,5.0,10.0,,,,,
852,False,2016-06-04T02:37:00Z,68109,651218E5-819C-4502-920A-CCC2B99E1949,26,103.0,,0.00 jaarabonnement,"[{'ID': 94863, 'ConnectionTypeID': 25, 'LevelID': 2, 'PowerKW': 11, 'CurrentTypeID': 10}, {'ID': 94864, 'ConnectionTypeID': 25, 'LevelID': 2, 'PowerKW': 11, 'CurrentTypeID': 10}]",1.0,50,2016-06-04T02:37:00Z,3,2016-06-04T02:37:00Z,100,68455,Cosmeaduin 17,Cosmeaduin 17,Leiden,,2318 XB,159,52.18175864,4.50833837,0800-3745337,http://www.allego.eu/,0,,93414,,,,Allego NLALLEGO0012241,,94863.0,25.0,,2.0,11.0,10.0,,,,,
853,False,2016-06-04T02:37:00Z,68108,F826F042-B752-4C3C-853B-57B41293208A,26,103.0,,0.00 jaarabonnement,"[{'ID': 94861, 'ConnectionTypeID': 25, 'LevelID': 2, 'PowerKW': 11, 'CurrentTypeID': 10}, {'ID': 94862, 'ConnectionTypeID': 25, 'LevelID': 2, 'PowerKW': 11, 'CurrentTypeID': 10}]",1.0,50,2016-06-04T02:37:00Z,3,2016-06-04T02:37:00Z,100,68454,Lijsterbes 23,Lijsterbes 23,Leiden,,2318 AH,159,52.17827558,4.49926233,0800-3745337,http://www.allego.eu/,0,,91637,,,,Allego NLALLEGO0010501,,94861.0,25.0,,2.0,11.0,10.0,,,,,
854,False,2016-06-04T02:37:00Z,68107,6AA1CE0A-ABAD-43C3-B986-05006DEBE324,26,73.0,,0.00 jaarabonnement,"[{'ID': 94860, 'ConnectionTypeID': 25, 'LevelID': 2, 'PowerKW': 5, 'CurrentTypeID': 10}]",1.0,50,2016-06-04T02:37:00Z,3,2016-06-04T02:37:00Z,100,68453,Hoofdstraat 77,Hoofdstraat 77,Katwijk,,2235 CD,159,52.17792,4.43672,,http://www.ev-box.nl,0,,82401,,,,EV-Box EVB-P1430401,,94860.0,25.0,,2.0,5.0,10.0,,,,,
855,False,2016-06-04T02:37:00Z,68106,C932F964-F26D-4111-846A-E4DE2C3C00CF,26,73.0,,0.00 jaarabonnement,"[{'ID': 94859, 'ConnectionTypeID': 25, 'LevelID': 2, 'PowerKW': 11, 'CurrentTypeID': 10}]",1.0,50,2016-06-04T02:37:00Z,3,2016-06-04T02:37:00Z,100,68452,Nijverheidsweg 9,Nijverheidsweg 9,Soest,,3762 EP,159,52.17611,5.28062,,http://www.ev-box.nl,0,,92179,,,,EV-Box EVB-P1420062,,94859.0,25.0,,2.0,11.0,10.0,,,,,
856,False,2016-06-04T02:37:00Z,68105,0CA3E0FE-A6F8-4920-958C-352B5062746A,26,103.0,,0.00 jaarabonnement,"[{'ID': 94857, 'ConnectionTypeID': 25, 'LevelID': 2, 'PowerKW': 11, 'CurrentTypeID': 10}, {'ID': 94858, 'ConnectionTypeID': 25, 'LevelID': 2, 'PowerKW': 11, 'CurrentTypeID': 10}]",1.0,50,2016-06-04T02:37:00Z,3,2016-06-04T02:37:00Z,100,68451,Zijldonk 51,Zijldonk 51,Leiden,,2317 ZA,159,52.17311459,4.51081483,0800-3745337,http://www.allego.eu/,0,,91635,,,,Allego NLALLEGO0010481,,94857.0,25.0,,2.0,11.0,10.0,,,,,
857,False,2016-06-04T02:37:00Z,68104,D43EC53D-BD60-4AF7-91E4-24E8610628E2,26,103.0,,0.00 jaarabonnement,"[{'ID': 94855, 'ConnectionTypeID': 25, 'LevelID': 2, 'PowerKW': 11, 'CurrentTypeID': 10}, {'ID': 94856, 'ConnectionTypeID': 25, 'LevelID': 2, 'PowerKW': 11, 'CurrentTypeID': 10}]",1.0,50,2016-06-04T02:37:00Z,3,2016-06-04T02:37:00Z,100,68450,Verbeekstraat 8,Verbeekstraat 8,Leiden,,2332 CA,159,52.16414042,4.46280717,0800-3745337,http://www.allego.eu/,0,,92205,,,,Allego NLALLEGO0012201,,94855.0,25.0,,2.0,11.0,10.0,,,,,
858,False,2016-06-04T02:37:00Z,68103,19A41465-FB4A-464E-A7D8-5C1A19572869,26,73.0,,0.00 jaarabonnement,"[{'ID': 94853, 'ConnectionTypeID': 25, 'LevelID': 2, 'PowerKW': 11, 'CurrentTypeID': 10}, {'ID': 94854, 'ConnectionTypeID': 25, 'LevelID': 2, 'PowerKW': 11, 'CurrentTypeID': 10}]",1.0,50,2016-06-04T02:37:00Z,3,2016-06-04T02:37:00Z,100,68449,Harselaarseweg 59,Harselaarseweg 59,Barneveld,,3771 MA,159,52.16289,5.58762,,http://www.ev-box.nl,0,,91517,,,,EV-Box EVB-P1551072,,94853.0,25.0,,2.0,11.0,10.0,,,,,
859,False,2016-06-04T02:37:00Z,68102,E48CBEE4-C2E4-45A4-82A5-A784FC4DDA1C,26,73.0,,0.00 jaarabonnement,"[{'ID': 94851, 'ConnectionTypeID': 25, 'LevelID': 2, 'PowerKW': 11, 'CurrentTypeID': 10}, {'ID': 94852, 'ConnectionTypeID': 25, 'LevelID': 2, 'PowerKW': 11, 'CurrentTypeID': 10}]",1.0,50,2016-06-04T02:37:00Z,3,2016-06-04T02:37:00Z,100,68448,Oostzeestraat 1a,Oostzeestraat 1a,Zutphen,,7202 CM,159,52.15914,6.20272,,http://www.ev-box.nl,0,,93205,,,,EV-Box EVB-P1406193,,94851.0,25.0,,2.0,11.0,10.0,,,,,
860,False,2016-06-04T02:37:00Z,68101,774F0EA1-595E-4A18-B463-028620868479,26,103.0,,0.00 jaarabonnement,"[{'ID': 94849, 'ConnectionTypeID': 25, 'LevelID': 2, 'PowerKW': 11, 'CurrentTypeID': 10}, {'ID': 94850, 'ConnectionTypeID': 25, 'LevelID': 2, 'PowerKW': 11, 'CurrentTypeID': 10}]",1.0,50,2016-06-04T02:37:00Z,3,2016-06-04T02:37:00Z,100,68447,De Genestetstraat 73,De Genestetstraat 73,Leiden,,2321 XP,159,52.15666374,4.4763879,0800-3745337,http://www.allego.eu/,0,,92421,,,,Allego NLALLEGO0012221,,94849.0,25.0,,2.0,11.0,10.0,,,,,
861,False,2016-06-04T02:37:00Z,68100,316B61FD-3E2E-4A27-A9C1-44F5F9C6E8BF,26,103.0,,0.00 jaarabonnement,"[{'ID': 94847, 'ConnectionTypeID': 25, 'LevelID': 2, 'PowerKW': 11, 'CurrentTypeID': 10}, {'ID': 94848, 'ConnectionTypeID': 25, 'LevelID': 2, 'PowerKW': 11, 'CurrentTypeID': 10}]",1.0,50,2016-06-04T02:37:00Z,3,2016-06-04T02:37:00Z,100,68446,Stoelmatter 150,Stoelmatter 150,Alphen aan den Rijn,,2401 HG,159,52.1562271,4.6529875,0800-3745337,http://www.allego.eu/,0,,93004,,,,Allego NLALLEGO0007691,,94847.0,25.0,,2.0,11.0,10.0,,,,,
862,False,2016-06-04T02:37:00Z,68099,5B68768E-2858-4588-BB9A-9DD9BFC535E7,26,103.0,,0.00 jaarabonnement,"[{'ID': 94845, 'ConnectionTypeID': 25, 'LevelID': 2, 'PowerKW': 11, 'CurrentTypeID': 10}, {'ID': 94846, 'ConnectionTypeID': 25, 'LevelID': 2, 'PowerKW': 11, 'CurrentTypeID': 10}]",1.0,50,2016-06-04T02:37:00Z,3,2016-06-04T02:37:00Z,100,68445,Rijndijkstraat 1,Rijndijkstraat 1,Leiden,,2313 NG,159,52.15493917,4.51056272,0800-3745337,http://www.allego.eu/,0,,93313,,,,Allego NLALLEGO0012251,,94845.0,25.0,,2.0,11.0,10.0,,,,,
863,False,2016-06-04T02:37:00Z,68098,F4ED1FEF-D067-482A-99C8-90E8AC923744,26,103.0,,0.00 jaarabonnement,"[{'ID': 94843, 'ConnectionTypeID': 25, 'LevelID': 2, 'PowerKW': 11, 'CurrentTypeID': 10}, {'ID': 94844, 'ConnectionTypeID': 25, 'LevelID': 2, 'PowerKW': 11, 'CurrentTypeID': 10}]",1.0,50,2016-06-04T02:37:00Z,3,2016-06-04T02:37:00Z,100,68444,Sint Jacobsgracht 1,Sint Jacobsgracht 1,Leiden,,2311 PS,159,52.15485933,4.48944385,0800-3745337,http://www.allego.eu/,0,,76635,,,,Allego NLALLEGO0004462,,94843.0,25.0,,2.0,11.0,10.0,,,,,
864,False,2016-06-04T02:37:00Z,68097,71306E9E-70AE-4C11-8CEE-2D34ED33CAA5,26,103.0,,0.00 jaarabonnement,"[{'ID': 94841, 'ConnectionTypeID': 25, 'LevelID': 2, 'PowerKW': 11, 'CurrentTypeID': 10}, {'ID': 94842, 'ConnectionTypeID': 25, 'LevelID': 2, 'PowerKW': 11, 'CurrentTypeID': 10}]",1.0,50,2016-06-04T02:37:00Z,3,2016-06-04T02:37:00Z,100,68443,Blaasbalg 41,Blaasbalg 41,Nieuwkoop,,2421 MC,159,52.15228975,4.76768592,0800-3745337,http://www.allego.eu/,0,,93011,,,,Allego NLALLEGO0011312,,94841.0,25.0,,2.0,11.0,10.0,,,,,
865,False,2016-06-04T02:37:00Z,68096,FCBDB47B-6A38-446F-87DA-643EDBA7A9FB,26,103.0,,0.00 jaarabonnement,"[{'ID': 94839, 'ConnectionTypeID': 25, 'LevelID': 2, 'PowerKW': 11, 'CurrentTypeID': 10}, {'ID': 94840, 'ConnectionTypeID': 25, 'LevelID': 2, 'PowerKW': 11, 'CurrentTypeID': 10}]",1.0,50,2016-06-04T02:37:00Z,3,2016-06-04T02:37:00Z,100,68442,Haagweg 243,Haagweg 243,Leiden,,2324 ND,159,52.15157147,4.46527446,0800-3745337,http://www.allego.eu/,0,,93412,,,,Allego NLALLEGO0012212,,94839.0,25.0,,2.0,11.0,10.0,,,,,
866,False,2016-06-04T02:37:00Z,68095,C8790F5E-6984-4A8A-AEA1-E3A65258482A,26,103.0,,0.00 jaarabonnement,"[{'ID': 94837, 'ConnectionTypeID': 25, 'LevelID': 2, 'PowerKW': 11, 'CurrentTypeID': 10}, {'ID': 94838, 'ConnectionTypeID': 25, 'LevelID': 2, 'PowerKW': 11, 'CurrentTypeID': 10}]",1.0,50,2016-06-04T02:37:00Z,3,2016-06-04T02:37:00Z,100,68441,Cornelie van Zantenstraat 1,Cornelie van Zantenstraat 1,Leiden,,2331 LW,159,52.15152789,4.444849,0800-3745337,http://www.allego.eu/,0,,93311,,,,Allego NLALLEGO0012232,,94837.0,25.0,,2.0,11.0,10.0,,,,,
867,False,2016-06-04T02:37:00Z,68094,379BB301-038C-4EDC-8106-A940C12795DA,26,103.0,,0.00 jaarabonnement,"[{'ID': 94835, 'ConnectionTypeID': 25, 'LevelID': 2, 'PowerKW': 11, 'CurrentTypeID': 10}, {'ID': 94836, 'ConnectionTypeID': 25, 'LevelID': 2, 'PowerKW': 11, 'CurrentTypeID': 10}]",1.0,50,2016-06-04T02:37:00Z,3,2016-06-04T02:37:00Z,100,68440,Hoflaan 84,Hoflaan 84,Leiden,,2321 TA,159,52.15018061,4.47988815,0800-3745337,http://www.allego.eu/,0,,93416,,,,Allego NLALLEGO0012161,,94835.0,25.0,,2.0,11.0,10.0,,,,,
868,False,2016-06-04T02:37:00Z,68093,211E40DC-43EF-43D2-8888-BFA456CB7526,26,157.0,,0.00 jaarabonnement,"[{'ID': 94834, 'ConnectionTypeID': 25, 'LevelID': 2, 'PowerKW': 11, 'CurrentTypeID': 10}]",1.0,50,2016-06-04T02:37:00Z,3,2016-06-04T02:37:00Z,100,68439,Regentesselaan 2A,Regentesselaan 2A,Amersfoort,,3818 HJ,159,52.149948,5.3739966,088 0109500,http://thenewmotion.nl/,0,,92591,,,,NewMotion 03006599,,94834.0,25.0,,2.0,11.0,10.0,,,,,
869,False,2016-06-04T02:37:00Z,68092,6FD31FB3-9A7A-4AF9-A491-28485590D9D4,26,73.0,,0.00 jaarabonnement,"[{'ID': 94832, 'ConnectionTypeID': 25, 'LevelID': 2, 'PowerKW': 11, 'CurrentTypeID': 10}, {'ID': 94833, 'ConnectionTypeID': 25, 'LevelID': 2, 'PowerKW': 11, 'CurrentTypeID': 10}]",1.0,50,2016-06-04T02:37:00Z,3,2016-06-04T02:37:00Z,100,68438,Tjaskerstraat 9,Tjaskerstraat 9,Barneveld,,3774 CT,159,52.14988,5.66843,,http://www.ev-box.nl,0,,93876,,,,EV-Box EVB-P1542218,,94832.0,25.0,,2.0,11.0,10.0,,,,,
870,False,2016-06-04T02:37:00Z,68091,7F32FC02-684F-4669-9BA9-7BCC43AC9FCB,26,73.0,,0.00 jaarabonnement,"[{'ID': 94831, 'ConnectionTypeID': 25, 'LevelID': 2, 'PowerKW': 11, 'CurrentTypeID': 10}]",1.0,50,2016-06-04T02:37:00Z,3,2016-06-04T02:37:00Z,100,68437,Hessenweg 151,Hessenweg 151,Leusden,,3791 PE,159,52.14665,5.45547,,http://www.ev-box.nl,0,,92559,,,,EV-Box EVB-P1420231,,94831.0,25.0,,2.0,11.0,10.0,,,,,
871,False,2016-06-04T02:37:00Z,68090,2CA94EEB-67B5-46AF-B7B6-415DA4648225,26,103.0,,0.00 jaarabonnement,"[{'ID': 94829, 'ConnectionTypeID': 25, 'LevelID': 2, 'PowerKW': 11, 'CurrentTypeID': 10}, {'ID': 94830, 'ConnectionTypeID': 25, 'LevelID': 2, 'PowerKW': 11, 'CurrentTypeID': 10}]",1.0,50,2016-06-04T02:37:00Z,3,2016-06-04T02:37:00Z,100,68436,Verdistraat 15,Verdistraat 15,Nieuwkoop,,2421 VA,159,52.14602143,4.77104992,0800-3745337,http://www.allego.eu/,0,,93182,,,,Allego NLALLEGO0012262,,94829.0,25.0,,2.0,11.0,10.0,,,,,
872,False,2016-06-04T02:37:00Z,68089,D8473A02-A472-4C87-8DB6-AB760DA7B2D6,26,73.0,,0.00 jaarabonnement,"[{'ID': 94827, 'ConnectionTypeID': 25, 'LevelID': 2, 'PowerKW': 11, 'CurrentTypeID': 10}, {'ID': 94828, 'ConnectionTypeID': 25, 'LevelID': 2, 'PowerKW': 11, 'CurrentTypeID': 10}]",1.0,50,2016-06-04T02:37:00Z,3,2016-06-04T02:37:00Z,100,68435,Erf 10,Erf 10,Barneveld,,3773 AG,159,52.14061,5.60566,,http://www.ev-box.nl,0,,83669,,,,EV-Box EVB-P1541003,,94827.0,25.0,,2.0,11.0,10.0,,,,,
873,False,2016-06-04T02:37:00Z,68088,B881DD80-1D26-4148-8749-F5E3F965C4B4,26,103.0,,0.00 jaarabonnement,"[{'ID': 94825, 'ConnectionTypeID': 25, 'LevelID': 2, 'PowerKW': 11, 'CurrentTypeID': 10}, {'ID': 94826, 'ConnectionTypeID': 25, 'LevelID': 2, 'PowerKW': 11, 'CurrentTypeID': 10}]",1.0,50,2016-06-04T02:37:00Z,3,2016-06-04T02:37:00Z,100,68434,Juweelstraat 83,Juweelstraat 83,Alphen aan den Rijn,,2403 BK,159,52.14001591,4.67527787,0800-3745337,http://www.allego.eu/,0,,92854,,,,Allego NLALLEGO0011052,,94825.0,25.0,,2.0,11.0,10.0,,,,,
874,False,2016-06-04T02:37:00Z,68087,E88E2D80-EA3C-4DEA-AC80-5875DA68ECC3,26,73.0,,0.00 jaarabonnement,"[{'ID': 94824, 'ConnectionTypeID': 25, 'LevelID': 2, 'PowerKW': 5, 'CurrentTypeID': 10}]",1.0,50,2016-06-04T02:37:00Z,3,2016-06-04T02:37:00Z,100,68433,Prinses Marielaan 10,Prinses Marielaan 10,Wassenaar,,2242 CK,159,52.13926,4.40167,,http://www.ev-box.nl,0,,91844,,,,EV-Box EVB-P1536526,,94824.0,25.0,,2.0,5.0,10.0,,,,,
875,False,2016-06-04T02:37:00Z,68086,6A940B12-579A-4EFD-A132-EC2922F336AB,26,103.0,,0.00 jaarabonnement,"[{'ID': 94822, 'ConnectionTypeID': 25, 'LevelID': 2, 'PowerKW': 11, 'CurrentTypeID': 10}, {'ID': 94823, 'ConnectionTypeID': 25, 'LevelID': 2, 'PowerKW': 11, 'CurrentTypeID': 10}]",1.0,50,2016-06-04T02:37:00Z,3,2016-06-04T02:37:00Z,100,68432,'t Spiker 81,'t Spiker 81,Zutphen,,7231 JN,159,52.1375595,6.22098243,0800-3745337,http://www.allego.eu/,0,,93420,,,,Allego NLALLEGO0009681,,94822.0,25.0,,2.0,11.0,10.0,,,,,
876,False,2016-06-04T02:37:00Z,68085,1AF8DC84-D3C6-4228-A50C-1A14F0906FDC,26,103.0,,0.00 jaarabonnement,"[{'ID': 94820, 'ConnectionTypeID': 25, 'LevelID': 2, 'PowerKW': 11, 'CurrentTypeID': 10}, {'ID': 94821, 'ConnectionTypeID': 25, 'LevelID': 2, 'PowerKW': 11, 'CurrentTypeID': 10}]",1.0,50,2016-06-04T02:37:00Z,3,2016-06-04T02:37:00Z,100,68431,Chopinlaan,Chopinlaan,Alphen aan den Rijn,,2394 GL,159,52.129868,4.59209579,0800-3745337,http://www.allego.eu/,0,,93406,,,,Allego NLALLEGO0010421,,94820.0,25.0,,2.0,11.0,10.0,,,,,
877,False,2016-06-04T02:37:00Z,68084,96B40453-B76D-4601-BCB9-6A5765B738D0,26,103.0,,0.00 jaarabonnement,"[{'ID': 94818, 'ConnectionTypeID': 25, 'LevelID': 2, 'PowerKW': 11, 'CurrentTypeID': 10}, {'ID': 94819, 'ConnectionTypeID': 25, 'LevelID': 2, 'PowerKW': 11, 'CurrentTypeID': 10}]",1.0,50,2016-06-04T02:37:00Z,3,2016-06-04T02:37:00Z,100,68430,Marnixstraat 17,Marnixstraat 17,Alphen aan den Rijn,,2406 VP,159,52.12864,4.672289,0800-3745337,http://www.allego.eu/,0,,92418,,,,Allego NLALLEGO0010342,,94818.0,25.0,,2.0,11.0,10.0,,,,,
878,False,2016-06-04T02:37:00Z,68083,98032129-1883-4544-BE9F-CFAE9AE0F3A5,26,73.0,,0.00 jaarabonnement,"[{'ID': 94816, 'ConnectionTypeID': 25, 'LevelID': 2, 'PowerKW': 11, 'CurrentTypeID': 10}, {'ID': 94817, 'ConnectionTypeID': 25, 'LevelID': 2, 'PowerKW': 11, 'CurrentTypeID': 10}]",1.0,50,2016-06-04T02:37:00Z,3,2016-06-04T02:37:00Z,100,68429,Op Buurenplein 3,Op Buurenplein 3,Stichtse Vecht,,3604 DM,159,52.12646,5.0555,,http://www.ev-box.nl,0,,91895,,,,EV-Box EVB-P1415008,,94816.0,25.0,,2.0,11.0,10.0,,,,,
879,False,2016-06-04T02:37:00Z,68082,3193D6AE-121C-4F99-997C-71435568F623,26,177.0,,0.00 jaarabonnement,"[{'ID': 94814, 'ConnectionTypeID': 25, 'LevelID': 2, 'PowerKW': 11, 'CurrentTypeID': 10}, {'ID': 94815, 'ConnectionTypeID': 25, 'LevelID': 2, 'PowerKW': 11, 'CurrentTypeID': 10}]",1.0,50,2016-06-04T02:37:00Z,3,2016-06-04T02:37:00Z,100,68428,Klopdijk,Klopdijk,Utrecht,,3563 HA,159,52.121582,5.09226,,http://www.nuon.nl/ev,0,,90817,,,,Nuon EVB-P1531127,,94814.0,25.0,,2.0,11.0,10.0,,,,,
880,False,2016-06-04T02:37:00Z,68081,B8210900-5C07-4F40-AE50-728BBDC983F9,26,103.0,,0.00 jaarabonnement,"[{'ID': 94812, 'ConnectionTypeID': 25, 'LevelID': 2, 'PowerKW': 11, 'CurrentTypeID': 10}, {'ID': 94813, 'ConnectionTypeID': 25, 'LevelID': 2, 'PowerKW': 11, 'CurrentTypeID': 10}]",1.0,50,2016-06-04T02:37:00Z,3,2016-06-04T02:37:00Z,100,68427,Evenaar 232,Evenaar 232,Alphen aan den Rijn,,2408 JT,159,52.1214981,4.64989079,0800-3745337,http://www.allego.eu/,0,,93009,,,,Allego NLALLEGO0010302,,94812.0,25.0,,2.0,11.0,10.0,,,,,
881,False,2016-06-04T02:37:00Z,68080,118AB885-92DF-4E2E-9F89-B0A4E1F14C0B,26,73.0,,0.00 jaarabonnement,"[{'ID': 94811, 'ConnectionTypeID': 25, 'LevelID': 2, 'PowerKW': 5, 'CurrentTypeID': 10}]",1.0,50,2016-06-04T02:37:00Z,3,2016-06-04T02:37:00Z,100,68426,Ter Lips 141,Ter Lips 141,Voorschoten,,2251 DN,159,52.11536,4.44188,,http://www.ev-box.nl,0,,92556,,,,EV-Box EVB-P1417056,,94811.0,25.0,,2.0,5.0,10.0,,,,,
882,False,2016-06-04T02:37:00Z,68079,A7A2FDBC-78EA-402C-A386-C9820C6839A9,26,177.0,,0.00 jaarabonnement,"[{'ID': 94809, 'ConnectionTypeID': 25, 'LevelID': 2, 'PowerKW': 11, 'CurrentTypeID': 10}, {'ID': 94810, 'ConnectionTypeID': 25, 'LevelID': 2, 'PowerKW': 11, 'CurrentTypeID': 10}]",1.0,50,2016-06-04T02:37:00Z,3,2016-06-04T02:37:00Z,100,68425,Ariadnedreef 2,Ariadnedreef 2,Utrecht,,3561 BR,159,52.114573,5.131981,,http://www.nuon.nl/ev,0,,93688,,,,Nuon EVB-P1552487,,94809.0,25.0,,2.0,11.0,10.0,,,,,
883,False,2016-06-04T02:37:00Z,68078,0D15EEBA-7132-4B3B-BF7A-D320E91E0B67,26,177.0,,0.00 jaarabonnement,"[{'ID': 94807, 'ConnectionTypeID': 25, 'LevelID': 2, 'PowerKW': 11, 'CurrentTypeID': 10}, {'ID': 94808, 'ConnectionTypeID': 25, 'LevelID': 2, 'PowerKW': 11, 'CurrentTypeID': 10}]",1.0,50,2016-06-04T02:37:00Z,3,2016-06-04T02:37:00Z,100,68424,Rembrandtlaan 70,Rembrandtlaan 70,Utrecht,,3451 JD,159,52.111369,5.015394,,http://www.nuon.nl/ev,0,,90815,,,,Nuon EVB-P1531125,,94807.0,25.0,,2.0,11.0,10.0,,,,,
884,False,2016-06-04T02:37:00Z,68077,020C5DF9-4EAA-491C-8831-DCF38BBC05FB,26,177.0,,0.00 jaarabonnement,"[{'ID': 94805, 'ConnectionTypeID': 25, 'LevelID': 2, 'PowerKW': 11, 'CurrentTypeID': 10}, {'ID': 94806, 'ConnectionTypeID': 25, 'LevelID': 2, 'PowerKW': 11, 'CurrentTypeID': 10}]",1.0,50,2016-06-04T02:37:00Z,3,2016-06-04T02:37:00Z,100,68423,Ananasstraat 32,Ananasstraat 32,Utrecht,,3552 TG,159,52.109341,5.102455,,http://www.nuon.nl/ev,0,,90809,,,,Nuon EVB-P1531130,,94805.0,25.0,,2.0,11.0,10.0,,,,,
885,False,2016-06-04T02:37:00Z,68076,63845552-5E53-4D2D-AB49-2ADA49606683,26,73.0,,0.00 jaarabonnement,"[{'ID': 94803, 'ConnectionTypeID': 25, 'LevelID': 2, 'PowerKW': 11, 'CurrentTypeID': 10}, {'ID': 94804, 'ConnectionTypeID': 25, 'LevelID': 2, 'PowerKW': 11, 'CurrentTypeID': 10}]",1.0,50,2016-06-04T02:37:00Z,3,2016-06-04T02:37:00Z,100,68422,Atoomweg 52,Atoomweg 52,Utrecht,,3542 AB,159,52.10775,5.06958,,http://www.ev-box.nl,0,,85426,,,,EV-Box EVB-P1348057,,94803.0,25.0,,2.0,11.0,10.0,,,,,
886,False,2016-06-04T02:37:00Z,68075,6AC8E369-2784-412F-904C-62062F0CEBF3,26,177.0,,0.00 jaarabonnement,"[{'ID': 94801, 'ConnectionTypeID': 25, 'LevelID': 2, 'PowerKW': 11, 'CurrentTypeID': 10}, {'ID': 94802, 'ConnectionTypeID': 25, 'LevelID': 2, 'PowerKW': 11, 'CurrentTypeID': 10}]",1.0,50,2016-06-04T02:37:00Z,3,2016-06-04T02:37:00Z,100,68421,Adriaen Beyerkade 20,Adriaen Beyerkade 20,Utrecht,,3515 XT,159,52.105315,5.121636,,http://www.nuon.nl/ev,0,,90823,,,,Nuon EVB-P1531123,,94801.0,25.0,,2.0,11.0,10.0,,,,,
887,False,2016-06-04T02:37:00Z,68074,CE5AC367-FDA1-4369-8D96-12671A0B8A47,26,103.0,,0.00 jaarabonnement,"[{'ID': 94799, 'ConnectionTypeID': 25, 'LevelID': 2, 'PowerKW': 11, 'CurrentTypeID': 10}, {'ID': 94800, 'ConnectionTypeID': 25, 'LevelID': 2, 'PowerKW': 11, 'CurrentTypeID': 10}]",1.0,50,2016-06-04T02:37:00Z,3,2016-06-04T02:37:00Z,100,68420,Kerkdwarslaan 21,Kerkdwarslaan 21,De Bilt,,3731 EM,159,52.104795,5.170843,0800-3745337,http://www.allego.eu/,0,,83763,,,,Allego NLALLEGO0004851,,94799.0,25.0,,2.0,11.0,10.0,,,,,
888,False,2016-06-04T02:37:00Z,68073,E957D1F6-ACF6-4694-9FE6-BE3511B6C27D,26,177.0,,0.00 jaarabonnement,"[{'ID': 94797, 'ConnectionTypeID': 25, 'LevelID': 2, 'PowerKW': 11, 'CurrentTypeID': 10}, {'ID': 94798, 'ConnectionTypeID': 25, 'LevelID': 2, 'PowerKW': 11, 'CurrentTypeID': 10}]",1.0,50,2016-06-04T02:37:00Z,3,2016-06-04T02:37:00Z,100,68419,Samuel van Houtenstraat 500,Samuel van Houtenstraat 500,Utrecht,,3515 CV,159,52.104101,5.115798,,http://www.nuon.nl/ev,0,,93677,,,,Nuon EVB-P1552351,,94797.0,25.0,,2.0,11.0,10.0,,,,,
889,False,2016-06-04T02:37:00Z,68072,C9BFAD24-7EF4-40C4-A68B-FB8FF0AD011C,26,103.0,,0.00 jaarabonnement,"[{'ID': 94795, 'ConnectionTypeID': 25, 'LevelID': 2, 'PowerKW': 11, 'CurrentTypeID': 10}, {'ID': 94796, 'ConnectionTypeID': 25, 'LevelID': 2, 'PowerKW': 11, 'CurrentTypeID': 10}]",1.0,50,2016-06-04T02:37:00Z,3,2016-06-04T02:37:00Z,100,68418,Burgemeester Smitsstraat 11,Burgemeester Smitsstraat 11,Berkelland,,7151 BP,159,52.10273,6.64483,0800-3745337,http://www.allego.eu/,0,,91866,,,,Allego NLALLEGO0011482,,94795.0,25.0,,2.0,11.0,10.0,,,,,
890,False,2016-06-04T02:37:00Z,68071,18677E90-B2E5-4138-8F6F-37E51C254996,26,177.0,,0.00 jaarabonnement,"[{'ID': 94793, 'ConnectionTypeID': 25, 'LevelID': 2, 'PowerKW': 11, 'CurrentTypeID': 10}, {'ID': 94794, 'ConnectionTypeID': 25, 'LevelID': 2, 'PowerKW': 11, 'CurrentTypeID': 10}]",1.0,50,2016-06-04T02:37:00Z,3,2016-06-04T02:37:00Z,100,68417,Edmond Audranstraat 74,Edmond Audranstraat 74,Utrecht,,3543 BH,159,52.101844,5.034863,,http://www.nuon.nl/ev,0,,93683,,,,Nuon EVB-P1552377,,94793.0,25.0,,2.0,11.0,10.0,,,,,
891,False,2016-06-04T02:37:00Z,68070,D9B0DF57-571D-44E1-A2C9-DDF54D3D3336,26,177.0,,0.00 jaarabonnement,"[{'ID': 94791, 'ConnectionTypeID': 25, 'LevelID': 2, 'PowerKW': 11, 'CurrentTypeID': 10}, {'ID': 94792, 'ConnectionTypeID': 25, 'LevelID': 2, 'PowerKW': 11, 'CurrentTypeID': 10}]",1.0,50,2016-06-04T02:37:00Z,3,2016-06-04T02:37:00Z,100,68416,Fregatstraat 101,Fregatstraat 101,Utrecht,,3534 RC,159,52.098898,5.081631,,http://www.nuon.nl/ev,0,,93679,,,,Nuon EVB-P1552322,,94791.0,25.0,,2.0,11.0,10.0,,,,,
892,False,2016-06-04T02:37:00Z,68069,E8B1171C-AE14-412D-AB66-91319ECC012A,26,73.0,,0.00 jaarabonnement,"[{'ID': 94790, 'ConnectionTypeID': 25, 'LevelID': 2, 'PowerKW': 5, 'CurrentTypeID': 10}]",1.0,50,2016-06-04T02:37:00Z,3,2016-06-04T02:37:00Z,100,68415,2e Daalsedijk 8V,2e Daalsedijk 8V,Utrecht,,3551 EJ,159,52.09813,5.10029,,http://www.ev-box.nl,0,,91504,,,,EV-Box EVB-P1536475,,94790.0,25.0,,2.0,5.0,10.0,,,,,
893,False,2016-06-04T02:37:00Z,68068,41956579-FADA-4732-B710-04BC33FA8928,26,177.0,,0.00 jaarabonnement,"[{'ID': 94788, 'ConnectionTypeID': 25, 'LevelID': 2, 'PowerKW': 11, 'CurrentTypeID': 10}, {'ID': 94789, 'ConnectionTypeID': 25, 'LevelID': 2, 'PowerKW': 11, 'CurrentTypeID': 10}]",1.0,50,2016-06-04T02:37:00Z,3,2016-06-04T02:37:00Z,100,68414,Van Asch van Wijckskade,Van Asch van Wijckskade,Utrecht,,3512 VC,159,52.096312,5.121199,,http://www.nuon.nl/ev,0,,93676,,,,Nuon EVB-P1552409,,94788.0,25.0,,2.0,11.0,10.0,,,,,
894,False,2016-06-04T02:37:00Z,68067,48986F46-5D34-4216-8986-2607A9B92D3B,26,103.0,,0.00 jaarabonnement,"[{'ID': 94786, 'ConnectionTypeID': 25, 'LevelID': 2, 'PowerKW': 11, 'CurrentTypeID': 10}, {'ID': 94787, 'ConnectionTypeID': 25, 'LevelID': 2, 'PowerKW': 11, 'CurrentTypeID': 10}]",1.0,50,2016-06-04T02:37:00Z,3,2016-06-04T02:37:00Z,100,68413,Carel Fabritiusplantsoen 22,Carel Fabritiusplantsoen 22,Alphen aan den Rijn,,2391 GR,159,52.09556643,4.58065774,0800-3745337,http://www.allego.eu/,0,,91611,,,,Allego NLALLEGO0003482,,94786.0,25.0,,2.0,11.0,10.0,,,,,
895,False,2016-06-04T02:37:00Z,68066,645C6819-5389-4FC9-8133-6AB31EEEBBDC,26,177.0,,0.00 jaarabonnement,"[{'ID': 94784, 'ConnectionTypeID': 25, 'LevelID': 2, 'PowerKW': 11, 'CurrentTypeID': 10}, {'ID': 94785, 'ConnectionTypeID': 25, 'LevelID': 2, 'PowerKW': 11, 'CurrentTypeID': 10}]",1.0,50,2016-06-04T02:37:00Z,3,2016-06-04T02:37:00Z,100,68412,Kleine Slachtstraat 3,Kleine Slachtstraat 3,Utrecht,,3512 BJ,159,52.094337,5.119756,,http://www.nuon.nl/ev,0,,90827,,,,Nuon EVB-P1531135,,94784.0,25.0,,2.0,11.0,10.0,,,,,
896,False,2016-06-04T02:37:00Z,68065,31A39CAF-B6AF-4124-B348-50EAAFAE2F12,26,177.0,,0.00 jaarabonnement,"[{'ID': 94782, 'ConnectionTypeID': 25, 'LevelID': 2, 'PowerKW': 11, 'CurrentTypeID': 10}, {'ID': 94783, 'ConnectionTypeID': 25, 'LevelID': 2, 'PowerKW': 11, 'CurrentTypeID': 10}]",1.0,50,2016-06-04T02:37:00Z,3,2016-06-04T02:37:00Z,100,68411,Romeinse weg,Romeinse weg,Utrecht,,3452 ET,159,52.091188,4.996366,,http://www.nuon.nl/ev,0,,93694,,,,Nuon EVB-P1552407,,94782.0,25.0,,2.0,11.0,10.0,,,,,
897,False,2016-06-04T02:37:00Z,68064,42DBEAAB-B669-4E0E-93BE-30C4FF6706A0,26,177.0,,0.00 jaarabonnement,"[{'ID': 94780, 'ConnectionTypeID': 25, 'LevelID': 2, 'PowerKW': 11, 'CurrentTypeID': 10}, {'ID': 94781, 'ConnectionTypeID': 25, 'LevelID': 2, 'PowerKW': 11, 'CurrentTypeID': 10}]",1.0,50,2016-06-04T02:37:00Z,3,2016-06-04T02:37:00Z,100,68410,Mierikswortelstraat 150A,Mierikswortelstraat 150A,Utrecht,,3544 CR,159,52.091003,5.06184,,http://www.nuon.nl/ev,0,,90805,,,,Nuon EVB-P1548438,,94780.0,25.0,,2.0,11.0,10.0,,,,,
898,False,2016-06-04T02:37:00Z,68063,C89731F2-3094-43CB-846B-4745A593A224,26,179.0,,0.00 afhankelijk van pas,"[{'ID': 94779, 'ConnectionTypeID': 25, 'LevelID': 2, 'PowerKW': 11, 'CurrentTypeID': 10}]",2.0,50,2016-06-04T02:37:00Z,3,2016-06-04T02:37:00Z,100,68409,Hongarenburg 117,Hongarenburg 117,Den Haag,,2591 VK,159,52.089883,4.360722,,http://www.ecotap.nl,0,,92432,,,,Ecotap 1701449,,94779.0,25.0,,2.0,11.0,10.0,,,,,
899,False,2016-06-04T02:37:00Z,68062,0FF5503D-4536-45CD-B5B1-AA4A59F58221,26,180.0,,0.00 jaarabonnement,"[{'ID': 94777, 'ConnectionTypeID': 25, 'LevelID': 2, 'PowerKW': 11, 'CurrentTypeID': 10}, {'ID': 94778, 'ConnectionTypeID': 25, 'LevelID': 2, 'PowerKW': 11, 'CurrentTypeID': 10}]",1.0,50,2016-06-04T02:37:00Z,3,2016-06-04T02:37:00Z,100,68408,Duivelandsestraat,Duivelandsestraat,Den Haag,,2583 KM,159,52.087008,4.253981,036 - 549 34 00,http://www.icu-charging-stations.com/,0,,91984,,,,Alfen GDH4552,,94777.0,25.0,,2.0,11.0,10.0,,,,,
900,False,2016-06-04T02:37:00Z,68061,80FAE03F-4056-4D5D-B04A-44530DF3BD3E,26,180.0,,0.00 jaarabonnement,"[{'ID': 94775, 'ConnectionTypeID': 25, 'LevelID': 2, 'PowerKW': 11, 'CurrentTypeID': 10}, {'ID': 94776, 'ConnectionTypeID': 25, 'LevelID': 2, 'PowerKW': 11, 'CurrentTypeID': 10}]",1.0,50,2016-06-04T02:37:00Z,3,2016-06-04T02:37:00Z,100,68407,Groot Hertoginnelaan 8B,Groot Hertoginnelaan 8B,Den Haag,,2517 EG,159,52.084583,4.290817,036 - 549 34 00,http://www.icu-charging-stations.com/,0,,91980,,,,Alfen GDH4522,,94775.0,25.0,,2.0,11.0,10.0,,,,,
901,False,2016-06-04T02:37:00Z,68060,5FD061DE-921E-47BA-9459-9270E19F3D1B,26,179.0,,0.00 afhankelijk van pas,"[{'ID': 94774, 'ConnectionTypeID': 25, 'LevelID': 2, 'PowerKW': 11, 'CurrentTypeID': 10}]",2.0,50,2016-06-04T02:37:00Z,3,2016-06-04T02:37:00Z,100,68406,Cypresstraat,Cypresstraat,Den Haag,,2565 HJ,159,52.079863,4.2684,,http://www.ecotap.nl,0,,92212,,,,Ecotap 1701456,,94774.0,25.0,,2.0,11.0,10.0,,,,,
902,False,2016-06-04T02:37:00Z,68059,0FEA891B-4006-436A-BE7C-4FFDFA553133,26,177.0,,0.00 jaarabonnement,"[{'ID': 94772, 'ConnectionTypeID': 25, 'LevelID': 2, 'PowerKW': 11, 'CurrentTypeID': 10}, {'ID': 94773, 'ConnectionTypeID': 25, 'LevelID': 2, 'PowerKW': 11, 'CurrentTypeID': 10}]",1.0,50,2016-06-04T02:37:00Z,3,2016-06-04T02:37:00Z,100,68405,Zonnedauw 2,Zonnedauw 2,Utrecht,,3453 VX,159,52.078603,5.018398,,http://www.nuon.nl/ev,0,,90811,,,,Nuon EVB-P1531131,,94772.0,25.0,,2.0,11.0,10.0,,,,,
903,False,2016-06-04T02:37:00Z,68058,962E5057-11AD-46F2-8177-D7F155E69D64,26,177.0,,0.00 jaarabonnement,"[{'ID': 94770, 'ConnectionTypeID': 25, 'LevelID': 2, 'PowerKW': 11, 'CurrentTypeID': 10}, {'ID': 94771, 'ConnectionTypeID': 25, 'LevelID': 2, 'PowerKW': 11, 'CurrentTypeID': 10}]",1.0,50,2016-06-04T02:37:00Z,3,2016-06-04T02:37:00Z,100,68404,Mytylweg,Mytylweg,Utrecht,,3585 LK,159,52.07695,5.150506,,http://www.nuon.nl/ev,0,,90825,,,,Nuon EVB-P1531124,,94770.0,25.0,,2.0,11.0,10.0,,,,,
904,False,2016-06-04T02:37:00Z,68057,0B027625-70E4-41BC-898C-DFCEB1EA75DC,26,103.0,,0.00 jaarabonnement,"[{'ID': 94768, 'ConnectionTypeID': 25, 'LevelID': 2, 'PowerKW': 11, 'CurrentTypeID': 10}, {'ID': 94769, 'ConnectionTypeID': 25, 'LevelID': 2, 'PowerKW': 11, 'CurrentTypeID': 10}]",1.0,50,2016-06-04T02:37:00Z,3,2016-06-04T02:37:00Z,100,68403,Valkenburgerlaan 40,Valkenburgerlaan 40,Alphen aan den Rijn,,2771 DA,159,52.0757907,4.6692032,0800-3745337,http://www.allego.eu/,0,,92608,,,,Allego NLALLEGO0009452,,94768.0,25.0,,2.0,11.0,10.0,,,,,
905,False,2016-06-04T02:37:00Z,68056,0F25024F-DC6A-4E0B-934F-5A4AF6670FF7,26,157.0,,0.00 jaarabonnement,"[{'ID': 94766, 'ConnectionTypeID': 25, 'LevelID': 2, 'PowerKW': 11, 'CurrentTypeID': 10}, {'ID': 94767, 'ConnectionTypeID': 25, 'LevelID': 2, 'PowerKW': 11, 'CurrentTypeID': 10}]",1.0,50,2016-06-04T02:37:00Z,3,2016-06-04T02:37:00Z,100,68402,Pompmolenlaan 13,Pompmolenlaan 13,Woerden,,3447 GK,159,52.0751803,4.89381419999995,088 0109500,http://thenewmotion.nl/,0,,93061,,,,NewMotion 03006314,,94766.0,25.0,,2.0,11.0,10.0,,,,,
906,False,2016-06-04T02:37:00Z,68055,783BB58E-FEFA-4C0F-97C8-B473E93100D6,26,177.0,,0.00 jaarabonnement,"[{'ID': 94764, 'ConnectionTypeID': 25, 'LevelID': 2, 'PowerKW': 11, 'CurrentTypeID': 10}, {'ID': 94765, 'ConnectionTypeID': 25, 'LevelID': 2, 'PowerKW': 11, 'CurrentTypeID': 10}]",1.0,50,2016-06-04T02:37:00Z,3,2016-06-04T02:37:00Z,100,68401,Houtensepad 49,Houtensepad 49,Utrecht,,3523 RZ,159,52.073613,5.132978,,http://www.nuon.nl/ev,0,,90807,,,,Nuon EVB-P1531129,,94764.0,25.0,,2.0,11.0,10.0,,,,,
907,False,2016-06-04T02:37:00Z,68054,7B8FD6F0-200A-4390-98D1-56CB84C8A6B1,26,157.0,,0.00 jaarabonnement,"[{'ID': 94760, 'ConnectionTypeID': 25, 'LevelID': 2, 'PowerKW': 22, 'CurrentTypeID': 10}, {'ID': 94761, 'ConnectionTypeID': 25, 'LevelID': 2, 'PowerKW': 11, 'CurrentTypeID': 10}, {'ID': 94762, 'ConnectionTypeID': 25, 'LevelID': 2, 'PowerKW': 11, 'CurrentTypeID': 10}, {'ID': 94763, 'ConnectionTypeID': 25, 'LevelID': 2, 'PowerKW': 22, 'CurrentTypeID': 10}]",1.0,50,2016-06-04T02:37:00Z,3,2016-06-04T02:37:00Z,100,68400,Arnhemse Bovenweg 100,Arnhemse Bovenweg 100,Zeist,,3708 AG,159,52.0710047,5.2614944,088 0109500,http://thenewmotion.nl/,0,,92594,,,,NewMotion 03001014,,94760.0,25.0,,2.0,22.0,10.0,,,,,
908,False,2016-06-04T02:37:00Z,68053,88A8E2A0-3CA4-4783-9844-D39DF60EE3A7,26,177.0,,0.00 jaarabonnement,"[{'ID': 94758, 'ConnectionTypeID': 25, 'LevelID': 2, 'PowerKW': 11, 'CurrentTypeID': 10}, {'ID': 94759, 'ConnectionTypeID': 25, 'LevelID': 2, 'PowerKW': 11, 'CurrentTypeID': 10}]",1.0,50,2016-06-04T02:37:00Z,3,2016-06-04T02:37:00Z,100,68399,Aziëlaan,Aziëlaan,Utrecht,,3526 KG,159,52.066401,5.104642,,http://www.nuon.nl/ev,0,,90803,,,,Nuon EVB-P1548437,,94758.0,25.0,,2.0,11.0,10.0,,,,,
909,False,2016-06-04T02:37:00Z,68052,1C9A996E-71D0-47A3-9B69-74DE635B1440,26,180.0,,0.00 jaarabonnement,"[{'ID': 94756, 'ConnectionTypeID': 25, 'LevelID': 2, 'PowerKW': 11, 'CurrentTypeID': 10}, {'ID': 94757, 'ConnectionTypeID': 25, 'LevelID': 2, 'PowerKW': 11, 'CurrentTypeID': 10}]",1.0,50,2016-06-04T02:37:00Z,3,2016-06-04T02:37:00Z,100,68398,Treublaan,Treublaan,Den Haag,,2555 HD,159,52.066269,4.246603,036 - 549 34 00,http://www.icu-charging-stations.com/,0,,91976,,,,Alfen GDH4501,,94756.0,25.0,,2.0,11.0,10.0,,,,,
910,False,2016-06-04T02:37:00Z,68051,8DD05B5A-F6B3-4609-9927-B3ADEF381BD0,26,73.0,,0.00 jaarabonnement,"[{'ID': 94755, 'ConnectionTypeID': 25, 'LevelID': 2, 'PowerKW': 5, 'CurrentTypeID': 10}]",1.0,50,2016-06-04T02:37:00Z,3,2016-06-04T02:37:00Z,100,68397,Seringstraat 19,Seringstraat 19,Ede,,6744 WZ,159,52.06599,5.57503,,http://www.ev-box.nl,0,,72245,,,,EV-Box EVB-P1345130,,94755.0,25.0,,2.0,5.0,10.0,,,,,
911,False,2016-06-04T02:37:00Z,68050,E983A9D8-A7DF-4F8D-A337-E5966B4913E0,26,177.0,,0.00 jaarabonnement,"[{'ID': 94753, 'ConnectionTypeID': 25, 'LevelID': 2, 'PowerKW': 11, 'CurrentTypeID': 10}, {'ID': 94754, 'ConnectionTypeID': 25, 'LevelID': 2, 'PowerKW': 11, 'CurrentTypeID': 10}]",1.0,50,2016-06-04T02:37:00Z,3,2016-06-04T02:37:00Z,100,68396,Cabrallaan 3,Cabrallaan 3,Utrecht,,3526 EW,159,52.065681,5.098051,,http://www.nuon.nl/ev,0,,93691,,,,Nuon EVB-P1552410,,94753.0,25.0,,2.0,11.0,10.0,,,,,
912,False,2016-06-04T02:37:00Z,68049,7D617BD8-0A2C-48EF-881F-0F30E02F52B3,26,180.0,,0.00 jaarabonnement,"[{'ID': 94751, 'ConnectionTypeID': 25, 'LevelID': 2, 'PowerKW': 11, 'CurrentTypeID': 10}, {'ID': 94752, 'ConnectionTypeID': 25, 'LevelID': 2, 'PowerKW': 11, 'CurrentTypeID': 10}]",1.0,50,2016-06-04T02:37:00Z,3,2016-06-04T02:37:00Z,100,68395,Schelpenhof 71,Schelpenhof 71,Den Haag,,2492 SW,159,52.065581,4.407169,036 - 549 34 00,http://www.icu-charging-stations.com/,0,,91963,,,,Alfen GDH4421,,94751.0,25.0,,2.0,11.0,10.0,,,,,
913,False,2016-06-04T02:37:00Z,68048,5312D7EA-06E9-455F-9EAF-7D07EE6E0A76,26,73.0,,0.00 jaarabonnement,"[{'ID': 94749, 'ConnectionTypeID': 25, 'LevelID': 2, 'PowerKW': 11, 'CurrentTypeID': 10}, {'ID': 94750, 'ConnectionTypeID': 25, 'LevelID': 2, 'PowerKW': 11, 'CurrentTypeID': 10}]",1.0,50,2016-06-04T02:37:00Z,3,2016-06-04T02:37:00Z,100,68394,Hondsrug 813,Hondsrug 813,Utrecht,,3524 BZ,159,52.06551,5.1425,,http://www.ev-box.nl,0,,92241,,,,EV-Box EVB-P1416096,,94749.0,25.0,,2.0,11.0,10.0,,,,,
914,False,2016-06-04T02:37:00Z,68047,1C33C8FD-3460-49DD-B56C-28BF5ACF33E7,26,73.0,,0.00 jaarabonnement,"[{'ID': 94746, 'ConnectionTypeID': 25, 'LevelID': 2, 'PowerKW': 11, 'CurrentTypeID': 10}, {'ID': 94747, 'ConnectionTypeID': 25, 'LevelID': 2, 'PowerKW': 11, 'CurrentTypeID': 10}, {'ID': 94748, 'ConnectionTypeID': 25, 'LevelID': 2, 'PowerKW': 11, 'CurrentTypeID': 10}]",1.0,50,2016-06-04T02:37:00Z,3,2016-06-04T02:37:00Z,100,68393,Luxemburglaan,Luxemburglaan,Zoetermeer,,2711 BD,159,52.063037116626,4.4913911819458,,http://www.ev-box.nl,0,,91507,,,,EV-Box EVB-P1536497,,94746.0,25.0,,2.0,11.0,10.0,,,,,
915,False,2016-06-04T02:37:00Z,68046,DAC26A4A-B7F3-4F7A-AB44-3ABFF19B0D4F,26,179.0,,0.00 afhankelijk van pas,"[{'ID': 94745, 'ConnectionTypeID': 25, 'LevelID': 2, 'PowerKW': 11, 'CurrentTypeID': 10}]",2.0,50,2016-06-04T02:37:00Z,3,2016-06-04T02:37:00Z,100,68392,Spiegelkarpersingel 17,Spiegelkarpersingel 17,Den Haag,,2492 NC,159,52.060677,4.408037,,http://www.ecotap.nl,0,,93251,,,,Ecotap 1701452,,94745.0,25.0,,2.0,11.0,10.0,,,,,
916,False,2016-06-04T02:37:00Z,68045,67E175F9-A8CE-460D-BD5A-11986A09D524,26,179.0,,0.00 afhankelijk van pas,"[{'ID': 94744, 'ConnectionTypeID': 25, 'LevelID': 2, 'PowerKW': 11, 'CurrentTypeID': 10}]",2.0,50,2016-06-04T02:37:00Z,3,2016-06-04T02:37:00Z,100,68391,Albert Rousselstraat 14E,Albert Rousselstraat 14E,Den Haag,,2551 ZM,159,52.060214,4.246205,,http://www.ecotap.nl,0,,92210,,,,Ecotap 1701445,,94744.0,25.0,,2.0,11.0,10.0,,,,,
917,False,2016-06-04T02:37:00Z,68044,DD1FCA7A-9847-4CAC-90F5-2BE21CDBB9B2,26,157.0,,0.00 jaarabonnement,"[{'ID': 94743, 'ConnectionTypeID': 25, 'LevelID': 2, 'PowerKW': 22, 'CurrentTypeID': 10}]",1.0,50,2016-06-04T02:37:00Z,3,2016-06-04T02:37:00Z,100,68390,Hof van Waarder 14,Hof van Waarder 14,Bodegraven-Reeuwijk,,3466 NR,159,52.060083,4.8205321,088 0109500,http://thenewmotion.nl/,0,,93177,,,,NewMotion 03004507,,94743.0,25.0,,2.0,22.0,10.0,,,,,
918,False,2016-06-04T02:37:00Z,68043,7A995089-0927-4785-9EE8-D00EF2510066,26,179.0,,0.00 afhankelijk van pas,"[{'ID': 94742, 'ConnectionTypeID': 25, 'LevelID': 2, 'PowerKW': 11, 'CurrentTypeID': 10}]",2.0,50,2016-06-04T02:37:00Z,3,2016-06-04T02:37:00Z,100,68389,Durgerdamhof 24,Durgerdamhof 24,Den Haag,,2547 VL,159,52.059949,4.263696,,http://www.ecotap.nl,0,,93845,,,,Ecotap 1702253,,94742.0,25.0,,2.0,11.0,10.0,,,,,
919,False,2016-06-04T02:37:00Z,68042,95762965-570B-40B6-98AE-B25196F86303,26,179.0,,0.00 afhankelijk van pas,"[{'ID': 94741, 'ConnectionTypeID': 25, 'LevelID': 2, 'PowerKW': 11, 'CurrentTypeID': 10}]",2.0,50,2016-06-04T02:37:00Z,3,2016-06-04T02:37:00Z,100,68388,Lau Mazirellaan 438A,Lau Mazirellaan 438A,Den Haag,,2525 WV,159,52.058926,4.301278,,http://www.ecotap.nl,0,,92211,,,,Ecotap 1701446,,94741.0,25.0,,2.0,11.0,10.0,,,,,
920,False,2016-06-04T02:37:00Z,68041,DEFC7C21-3A8D-4CD4-BA66-74A9A5E00E1F,26,179.0,,0.00 afhankelijk van pas,"[{'ID': 94740, 'ConnectionTypeID': 25, 'LevelID': 2, 'PowerKW': 11, 'CurrentTypeID': 10}]",2.0,50,2016-06-04T02:37:00Z,3,2016-06-04T02:37:00Z,100,68387,Leyweg 301,Leyweg 301,Den Haag,,2545 CK,159,52.054303,4.269275,,http://www.ecotap.nl,0,,93846,,,,Ecotap 1702255,,94740.0,25.0,,2.0,11.0,10.0,,,,,
921,False,2016-06-04T02:37:00Z,68040,FBFA8CCC-0C36-402F-A81C-BA1F73DD7D2A,26,180.0,,0.00 jaarabonnement,"[{'ID': 94738, 'ConnectionTypeID': 25, 'LevelID': 2, 'PowerKW': 11, 'CurrentTypeID': 10}, {'ID': 94739, 'ConnectionTypeID': 25, 'LevelID': 2, 'PowerKW': 11, 'CurrentTypeID': 10}]",1.0,50,2016-06-04T02:37:00Z,3,2016-06-04T02:37:00Z,100,68386,Alberdingk Thijmstraat 85,Alberdingk Thijmstraat 85,Den Haag,,2524 HC,159,52.052436,4.31284,036 - 549 34 00,http://www.icu-charging-stations.com/,0,,92394,,,,Alfen GDH4492,,94738.0,25.0,,2.0,11.0,10.0,,,,,
922,False,2016-06-04T02:37:00Z,68039,836D5623-CBA2-4B31-8FB4-E7FB71C56C55,26,179.0,,0.00 afhankelijk van pas,"[{'ID': 94737, 'ConnectionTypeID': 25, 'LevelID': 2, 'PowerKW': 11, 'CurrentTypeID': 10}]",2.0,50,2016-06-04T02:37:00Z,3,2016-06-04T02:37:00Z,100,68385,Doctor J. Presserstraat 188,Doctor J. Presserstraat 188,Den Haag,,2552 LP,159,52.051538,4.250868,,http://www.ecotap.nl,0,,93097,,,,Ecotap 1702099,,94737.0,25.0,,2.0,11.0,10.0,,,,,
923,False,2016-06-04T02:37:00Z,68037,FC7FADB1-2A95-46A0-8B25-965A33AC5C10,26,73.0,,0.00 jaarabonnement,"[{'ID': 94734, 'ConnectionTypeID': 25, 'LevelID': 2, 'PowerKW': 11, 'CurrentTypeID': 10}, {'ID': 94735, 'ConnectionTypeID': 25, 'LevelID': 2, 'PowerKW': 11, 'CurrentTypeID': 10}]",1.0,50,2016-06-04T02:37:00Z,3,2016-06-04T02:37:00Z,100,68383,Winterswijkseweg 8,Winterswijkseweg 8,Oost Gelre,,7141 DN,159,52.04004,6.62022,,http://www.ev-box.nl,0,,92840,,,,EV-Box EVB-P1551174,,94734.0,25.0,,2.0,11.0,10.0,,,,,
924,False,2016-06-04T02:37:00Z,68036,B9EAF16C-E62C-4207-8BF3-06FD75344D0E,26,73.0,,0.00 jaarabonnement,"[{'ID': 94733, 'ConnectionTypeID': 25, 'LevelID': 2, 'PowerKW': 5, 'CurrentTypeID': 10}]",1.0,50,2016-06-04T02:37:00Z,3,2016-06-04T02:37:00Z,100,68382,Pruisisch blauw 5,Pruisisch blauw 5,Zoetermeer,,2718 KK,159,52.03661,4.49242,,http://www.ev-box.nl,0,,92819,,,,EV-Box EVB-P1414117,,94733.0,25.0,,2.0,5.0,10.0,,,,,
925,False,2016-06-04T02:37:00Z,68035,34A442F4-3245-489A-A9EA-8ED7BF6435CA,26,157.0,,0.00 jaarabonnement,"[{'ID': 94732, 'ConnectionTypeID': 25, 'LevelID': 2, 'PowerKW': 11, 'CurrentTypeID': 10}]",1.0,50,2016-06-04T02:37:00Z,3,2016-06-04T02:37:00Z,100,68381,Maarsbergseweg 20,Maarsbergseweg 20,Utrechtse Heuvelrug,,3956 KW,159,52.0332070652445,5.41549949147111,088 0109500,http://thenewmotion.nl/,0,,91590,,,,NewMotion 03006116,,94732.0,25.0,,2.0,11.0,10.0,,,,,
926,False,2016-06-04T02:37:00Z,68034,53062B26-A311-4A45-A7BB-E5D6D9D010C7,26,157.0,,0.00 jaarabonnement,"[{'ID': 94730, 'ConnectionTypeID': 25, 'LevelID': 2, 'PowerKW': 22, 'CurrentTypeID': 10}, {'ID': 94731, 'ConnectionTypeID': 25, 'LevelID': 2, 'PowerKW': 22, 'CurrentTypeID': 10}]",1.0,50,2016-06-04T02:37:00Z,3,2016-06-04T02:37:00Z,100,68380,Violierenweg,Violierenweg,Lansingerland,,2665 LN,159,52.0303117,4.5307408,088 0109500,http://thenewmotion.nl/,0,,92203,,,,NewMotion 03005990,,94730.0,25.0,,2.0,22.0,10.0,,,,,
927,False,2016-06-04T02:37:00Z,68033,0B8068DA-A1C6-4A77-9980-0547D831A3AA,26,103.0,,0.00 jaarabonnement,"[{'ID': 94728, 'ConnectionTypeID': 25, 'LevelID': 2, 'PowerKW': 11, 'CurrentTypeID': 10}, {'ID': 94729, 'ConnectionTypeID': 25, 'LevelID': 2, 'PowerKW': 11, 'CurrentTypeID': 10}]",1.0,50,2016-06-04T02:37:00Z,3,2016-06-04T02:37:00Z,100,68379,Nypelsplantsoen 90,Nypelsplantsoen 90,Nieuwegein,,3431 SG,159,52.0299,5.08332,0800-3745337,http://www.allego.eu/,0,,91868,,,,Allego NLALLEGO0011592,,94728.0,25.0,,2.0,11.0,10.0,,,,,
928,False,2016-06-04T02:37:00Z,68032,AEC91A9C-EAA8-4C48-A4BF-ACF3667DD1C1,26,73.0,,0.00 jaarabonnement,"[{'ID': 94727, 'ConnectionTypeID': 25, 'LevelID': 2, 'PowerKW': 5, 'CurrentTypeID': 10}]",1.0,50,2016-06-04T02:37:00Z,3,2016-06-04T02:37:00Z,100,68378,De Gorzen 10,De Gorzen 10,Westland,,2291 WX,159,52.02302,4.27835,,http://www.ev-box.nl,0,,92107,,,,EV-Box EVB-P1414305,,94727.0,25.0,,2.0,5.0,10.0,,,,,
929,False,2016-06-04T02:37:00Z,68031,7DFDCA86-E1F6-4841-A425-03CD74508724,26,73.0,,0.00 jaarabonnement,"[{'ID': 94725, 'ConnectionTypeID': 25, 'LevelID': 2, 'PowerKW': 11, 'CurrentTypeID': 10}, {'ID': 94726, 'ConnectionTypeID': 25, 'LevelID': 2, 'PowerKW': 11, 'CurrentTypeID': 10}]",1.0,50,2016-06-04T02:37:00Z,3,2016-06-04T02:37:00Z,100,68377,Klemstraat 40,Klemstraat 40,Veenendaal,,3907 LL,159,52.02217,5.58532,,http://www.ev-box.nl,0,,92996,,,,EV-Box EVB-P1607114,,94725.0,25.0,,2.0,11.0,10.0,,,,,
930,False,2022-10-11T16:44:00Z,68030,7D759B91-CF2B-4DB0-A099-81830B9437DF,1,73.0,,0.00 jaarabonnement,"[{'ID': 94723, 'ConnectionTypeID': 25, 'LevelID': 2, 'PowerKW': 5, 'CurrentTypeID': 10}, {'ID': 94724, 'ConnectionTypeID': 25, 'LevelID': 2, 'PowerKW': 11, 'CurrentTypeID': 10}]",1.0,50,2022-10-11T16:44:00Z,3,2016-06-04T02:37:00Z,100,68376,Duikboot 1,Duikboot 1,Houten,,3991 CK,159,52.02137,5.14909,,http://www.ev-box.nl,0,,,,,,EV-Box EVB-P1416008,,94723.0,25.0,,2.0,5.0,10.0,,,,,
931,False,2016-06-04T02:37:00Z,68029,3850D71B-C059-4777-94FD-CEC1EF94CD0A,26,73.0,,0.00 jaarabonnement,"[{'ID': 94721, 'ConnectionTypeID': 25, 'LevelID': 2, 'PowerKW': 11, 'CurrentTypeID': 10}, {'ID': 94722, 'ConnectionTypeID': 25, 'LevelID': 2, 'PowerKW': 11, 'CurrentTypeID': 10}]",1.0,50,2016-06-04T02:37:00Z,3,2016-06-04T02:37:00Z,100,68375,Pienemanstraat 170,Pienemanstraat 170,Ede,,6717 WH,159,52.01715,5.66112,,http://www.ev-box.nl,0,,92916,,,,EV-Box EVB-P1607237,,94721.0,25.0,,2.0,11.0,10.0,,,,,
932,False,2016-06-04T02:37:00Z,68028,6FEF634A-007C-4335-A2A1-0EBB20E682FC,26,157.0,,0.00 jaarabonnement,"[{'ID': 94720, 'ConnectionTypeID': 25, 'LevelID': 2, 'PowerKW': 22, 'CurrentTypeID': 10}]",2.0,50,2016-06-04T02:37:00Z,3,2016-06-04T02:37:00Z,100,68374,Gelderlandhaven 4,Gelderlandhaven 4,Nieuwegein,,3433 PG,159,52.0165164,5.10762850000003,088 0109500,http://thenewmotion.nl/,0,,93402,,,,NewMotion ICUEVE900114,,94720.0,25.0,,2.0,22.0,10.0,,,,,
933,False,2016-06-04T02:37:00Z,68027,DB1DD368-9DC1-45FD-98D4-16C76881FA07,26,157.0,,0.00 jaarabonnement,"[{'ID': 94719, 'ConnectionTypeID': 25, 'LevelID': 2, 'PowerKW': 5, 'CurrentTypeID': 10}]",1.0,50,2016-06-04T02:37:00Z,3,2016-06-04T02:37:00Z,100,68373,Boveneind Noordzijde 72,Boveneind Noordzijde 72,Lopik,,3405 AJ,159,52.0121436,5.0098717,088 0109500,http://thenewmotion.nl/,0,,91577,,,,NewMotion 03004147,,94719.0,25.0,,2.0,5.0,10.0,,,,,
934,False,2016-06-04T02:37:00Z,68026,E09CDA61-59FF-4387-9E17-0CBABB56AA4B,26,73.0,,0.00 jaarabonnement,"[{'ID': 94718, 'ConnectionTypeID': 25, 'LevelID': 2, 'PowerKW': 5, 'CurrentTypeID': 10}]",1.0,50,2016-06-04T02:37:00Z,3,2016-06-04T02:37:00Z,100,68372,Amerikalaan 69,Amerikalaan 69,IJsselstein,,3404 WK,159,52.00872,5.04354,,http://www.ev-box.nl,0,,92243,,,,EV-Box EVB-P1417046,,94718.0,25.0,,2.0,5.0,10.0,,,,,
935,False,2016-06-04T02:37:00Z,68025,44DC5C08-0891-4B02-9EEE-D114C847C01E,26,73.0,,0.00 jaarabonnement,"[{'ID': 94716, 'ConnectionTypeID': 25, 'LevelID': 2, 'PowerKW': 11, 'CurrentTypeID': 10}, {'ID': 94717, 'ConnectionTypeID': 25, 'LevelID': 2, 'PowerKW': 11, 'CurrentTypeID': 10}]",1.0,50,2016-06-04T02:37:00Z,3,2016-06-04T02:37:00Z,100,68371,Prinsenlaan 6,Prinsenlaan 6,Ede,,6721 EC,159,51.99926,5.67965,,http://www.ev-box.nl,0,,92257,,,,EV-Box EVB-P1521087,,94716.0,25.0,,2.0,11.0,10.0,,,,,
936,False,2016-06-04T02:37:00Z,68024,C9E9D7D7-0581-4996-A940-643A1810A500,26,103.0,,0.00 jaarabonnement,"[{'ID': 94714, 'ConnectionTypeID': 25, 'LevelID': 2, 'PowerKW': 11, 'CurrentTypeID': 10}, {'ID': 94715, 'ConnectionTypeID': 25, 'LevelID': 2, 'PowerKW': 11, 'CurrentTypeID': 10}]",1.0,50,2016-06-04T02:37:00Z,3,2016-06-04T02:37:00Z,100,68370,Valkenstraat 3,Valkenstraat 3,Vianen,,4132 BC,159,51.99531793,5.09337527,0800-3745337,http://www.allego.eu/,0,,93418,,,,Allego NLALLEGO0005672,,94714.0,25.0,,2.0,11.0,10.0,,,,,
937,False,2016-06-04T02:37:00Z,68023,C70976EC-7A19-4B5D-8249-D83137DD6F20,26,103.0,,0.00 jaarabonnement,"[{'ID': 94712, 'ConnectionTypeID': 25, 'LevelID': 2, 'PowerKW': 11, 'CurrentTypeID': 10}, {'ID': 94713, 'ConnectionTypeID': 25, 'LevelID': 2, 'PowerKW': 11, 'CurrentTypeID': 10}]",1.0,50,2016-06-04T02:37:00Z,3,2016-06-04T02:37:00Z,100,68369,Bakenbergseweg 76,Bakenbergseweg 76,Arnhem,,6814 MK,159,51.99183074,5.88898836,0800-3745337,http://www.allego.eu/,0,,91641,,,,Allego NLALLEGO0011421,,94712.0,25.0,,2.0,11.0,10.0,,,,,
938,False,2016-06-04T02:37:00Z,68022,0F498D76-E688-46B9-BF99-077059BA5A0C,26,179.0,,0.00 afhankelijk van pas,"[{'ID': 94710, 'ConnectionTypeID': 25, 'LevelID': 2, 'PowerKW': 22, 'CurrentTypeID': 10}, {'ID': 94711, 'ConnectionTypeID': 25, 'LevelID': 2, 'PowerKW': 22, 'CurrentTypeID': 10}]",2.0,50,2016-06-04T02:37:00Z,3,2016-06-04T02:37:00Z,100,68368,Stationssingel 308,Stationssingel 308,Lansingerland,,2652 HS,159,51.990557,4.452767,,http://www.ecotap.nl,0,,93190,,,,Ecotap 1701367,,94710.0,25.0,,2.0,22.0,10.0,,,,,
939,False,2016-06-04T02:37:00Z,68021,F8359545-E966-4FCC-805D-8B58B8D4A5A4,26,,,0.00 afhankelijk van pas,"[{'ID': 94709, 'ConnectionTypeID': 25, 'LevelID': 2, 'PowerKW': 11, 'CurrentTypeID': 10}]",2.0,50,2016-06-04T02:37:00Z,3,2016-06-04T02:37:00Z,100,68367,Marshalllaan 1,Marshalllaan 1,Delft,,2625 GX,159,51.986453,4.345366,,http://www.nlmab.nl,0,,91872,,,,NL MAB Exploitatie 1000000053,,94709.0,25.0,,2.0,11.0,10.0,,,,,
940,False,2016-06-04T02:37:00Z,68020,A9AB45E1-4274-4D65-B5FA-45BEB14EA8CB,26,157.0,,0.00 jaarabonnement,"[{'ID': 94708, 'ConnectionTypeID': 25, 'LevelID': 2, 'PowerKW': 3.7, 'CurrentTypeID': 10}]",1.0,50,2016-06-04T02:37:00Z,3,2016-06-04T02:37:00Z,100,68366,Vlietweg 14A,Vlietweg 14A,Westland,,2671 ND,159,51.9852561950684,4.21665334701538,088 0109500,http://thenewmotion.nl/,0,,92274,,,,NewMotion 01000640,,94708.0,25.0,,2.0,3.7,10.0,,,,,
941,False,2016-06-04T02:37:00Z,68019,527A9F0A-4FB5-4AFA-A961-59C4DFAE4E1E,26,73.0,,0.00 jaarabonnement,"[{'ID': 94705, 'ConnectionTypeID': 25, 'LevelID': 2, 'PowerKW': 11, 'CurrentTypeID': 10}, {'ID': 94706, 'ConnectionTypeID': 25, 'LevelID': 2, 'PowerKW': 11, 'CurrentTypeID': 10}, {'ID': 94707, 'ConnectionTypeID': 25, 'LevelID': 2, 'PowerKW': 11, 'CurrentTypeID': 10}]",1.0,50,2016-06-04T02:37:00Z,3,2016-06-04T02:37:00Z,100,68365,Annie M.G. Schmidtstraat 11,Annie M.G. Schmidtstraat 11,Wageningen,,6708 TE,159,51.98519,5.64466,,http://www.ev-box.nl,0,,93001,,,,EV-Box EVB-P1607276,,94705.0,25.0,,2.0,11.0,10.0,,,,,
942,False,2016-06-04T02:37:00Z,68018,6A8F8B88-0485-4DFF-B919-0A3D18F9A6D1,26,179.0,,0.00 afhankelijk van pas,"[{'ID': 94702, 'ConnectionTypeID': 25, 'LevelID': 2, 'PowerKW': 11, 'CurrentTypeID': 10}, {'ID': 94703, 'ConnectionTypeID': 25, 'LevelID': 2, 'PowerKW': 11, 'CurrentTypeID': 10}, {'ID': 94704, 'ConnectionTypeID': 25, 'LevelID': 2, 'PowerKW': 11, 'CurrentTypeID': 10}]",2.0,50,2016-06-04T02:37:00Z,3,2016-06-04T02:37:00Z,100,68364,Bronland,Bronland,Wageningen,,6708 PE,159,51.984398,5.666611,,http://www.ecotap.nl,0,,91800,,,,Ecotap 1701399,,94702.0,25.0,,2.0,11.0,10.0,,,,,
943,False,2016-06-04T02:37:00Z,68017,C79F6A09-7EE9-421E-A685-980C2AEBB2AC,26,103.0,,0.00 jaarabonnement,"[{'ID': 94700, 'ConnectionTypeID': 25, 'LevelID': 2, 'PowerKW': 11, 'CurrentTypeID': 10}, {'ID': 94701, 'ConnectionTypeID': 25, 'LevelID': 2, 'PowerKW': 11, 'CurrentTypeID': 10}]",1.0,50,2016-06-04T02:37:00Z,3,2016-06-04T02:37:00Z,100,68363,Waalstraat 36-148,Waalstraat 36-148,Arnhem,,6826 BR,159,51.9839683,5.9425414,0800-3745337,http://www.allego.eu/,0,,91639,,,,Allego NLALLEGO0011141,,94700.0,25.0,,2.0,11.0,10.0,,,,,
944,False,2016-06-04T02:37:00Z,68016,A704E205-7610-4305-9C46-FE90B80D4579,26,73.0,,0.00 jaarabonnement,"[{'ID': 94698, 'ConnectionTypeID': 25, 'LevelID': 2, 'PowerKW': 11, 'CurrentTypeID': 10}, {'ID': 94699, 'ConnectionTypeID': 25, 'LevelID': 2, 'PowerKW': 11, 'CurrentTypeID': 10}]",1.0,50,2016-06-04T02:37:00Z,3,2016-06-04T02:37:00Z,100,68362,Cesar Domelastraat 14,Cesar Domelastraat 14,Rotterdam,,3059 PM,159,51.98077,4.58967,,http://www.ev-box.nl,0,,73720,,,,EV-Box EVB-P1525009,,94698.0,25.0,,2.0,11.0,10.0,,,,,
945,False,2016-06-04T02:37:00Z,68015,AD71DF2C-01B4-4E20-87CA-612F3202E7DB,26,73.0,,0.00 jaarabonnement,"[{'ID': 94697, 'ConnectionTypeID': 25, 'LevelID': 2, 'PowerKW': 5, 'CurrentTypeID': 10}]",1.0,50,2016-06-04T02:37:00Z,3,2016-06-04T02:37:00Z,100,68361,Reijmerweg 20,Reijmerweg 20,Renkum,,6871 HD,159,51.97841,5.73922,,http://www.ev-box.nl,0,,66450,,,,EV-Box EVB-P1426139,,94697.0,25.0,,2.0,5.0,10.0,,,,,
946,False,2016-06-04T02:37:00Z,68014,C4A8DFD1-B948-47BC-B516-A48166DF60A5,26,73.0,,0.00 jaarabonnement,"[{'ID': 94695, 'ConnectionTypeID': 25, 'LevelID': 2, 'PowerKW': 11, 'CurrentTypeID': 10}, {'ID': 94696, 'ConnectionTypeID': 25, 'LevelID': 2, 'PowerKW': 11, 'CurrentTypeID': 10}]",1.0,50,2016-06-04T02:37:00Z,3,2016-06-04T02:37:00Z,100,68360,Jogchem van der Houtweg 14,Jogchem van der Houtweg 14,Westland,,2678 HA,159,51.97458,4.22268,,http://www.ev-box.nl,0,,92570,,,,EV-Box EVB-P1426088,,94695.0,25.0,,2.0,11.0,10.0,,,,,
947,False,2016-06-04T02:37:00Z,68013,B677646C-5B01-48DD-B584-2A70AE42A5A9,26,73.0,,0.00 jaarabonnement,"[{'ID': 94694, 'ConnectionTypeID': 25, 'LevelID': 2, 'PowerKW': 11, 'CurrentTypeID': 10}]",1.0,50,2016-06-04T02:37:00Z,3,2016-06-04T02:37:00Z,100,68359,Jogchem van der Houtweg 1,Jogchem van der Houtweg 1,Westland,,2678 AG,159,51.97381,4.22726,,http://www.ev-box.nl,0,,92369,,,,EV-Box EVB-P1416021,,94694.0,25.0,,2.0,11.0,10.0,,,,,
948,False,2016-06-04T02:37:00Z,68012,3C9F412A-065D-4E1C-9312-5947FDFB9829,26,73.0,,0.00 jaarabonnement,"[{'ID': 94690, 'ConnectionTypeID': 25, 'LevelID': 2, 'PowerKW': 11, 'CurrentTypeID': 10}, {'ID': 94691, 'ConnectionTypeID': 25, 'LevelID': 2, 'PowerKW': 11, 'CurrentTypeID': 10}, {'ID': 94692, 'ConnectionTypeID': 25, 'LevelID': 2, 'PowerKW': 11, 'CurrentTypeID': 10}, {'ID': 94693, 'ConnectionTypeID': 25, 'LevelID': 2, 'PowerKW': 11, 'CurrentTypeID': 10}]",1.0,50,2016-06-04T02:37:00Z,3,2016-06-04T02:37:00Z,100,68358,Carel Willinksingel 294,Carel Willinksingel 294,Rotterdam,,3059 WD,159,51.96912,4.5816,,http://www.ev-box.nl,0,,85033,,,,EV-Box EVB-P1539192,,94690.0,25.0,,2.0,11.0,10.0,,,,,
949,False,2016-06-04T02:37:00Z,68011,045CC498-BC96-431E-A7C8-4A87A031A063,26,73.0,,0.00 jaarabonnement,"[{'ID': 94689, 'ConnectionTypeID': 25, 'LevelID': 2, 'PowerKW': 5, 'CurrentTypeID': 10}]",1.0,50,2016-06-04T02:37:00Z,3,2016-06-04T02:37:00Z,100,68357,Bastiaan Bosstraat 23,Bastiaan Bosstraat 23,Zederik,,4128 SE,159,51.96569,5.03111,,http://www.ev-box.nl,0,,93814,,,,EV-Box EVB-P1536038,,94689.0,25.0,,2.0,5.0,10.0,,,,,
950,False,2016-06-04T02:37:00Z,68010,309E9C57-EF26-4BF0-AD46-79E83D07F029,26,179.0,,0.00 afhankelijk van pas,"[{'ID': 94687, 'ConnectionTypeID': 25, 'LevelID': 2, 'PowerKW': 22, 'CurrentTypeID': 10}, {'ID': 94688, 'ConnectionTypeID': 25, 'LevelID': 2, 'PowerKW': 22, 'CurrentTypeID': 10}]",2.0,50,2016-06-04T02:37:00Z,3,2016-06-04T02:37:00Z,100,68356,Cuneraweg 12,Cuneraweg 12,Rhenen,,3911 RN,159,51.958503,5.608589,,http://www.ecotap.nl,0,,86838,,,,Ecotap 1702046,,94687.0,25.0,,2.0,22.0,10.0,,,,,
951,False,2016-06-04T02:37:00Z,68009,689624AE-3341-42C9-B1ED-7D5610A978A0,26,73.0,,0.00 jaarabonnement,"[{'ID': 94686, 'ConnectionTypeID': 25, 'LevelID': 2, 'PowerKW': 11, 'CurrentTypeID': 10}]",1.0,50,2016-06-04T02:37:00Z,3,2016-06-04T02:37:00Z,100,68355,Bovendijk 162,Bovendijk 162,Rotterdam,,3045 PD,159,51.95484,4.45732,,http://www.ev-box.nl,0,,72486,,,,EV-Box EVB-P1421033,,94686.0,25.0,,2.0,11.0,10.0,,,,,
952,False,2016-06-04T02:37:00Z,68008,60485385-33FC-4B4C-9FC1-7F1C195C3F50,26,73.0,,0.00 jaarabonnement,"[{'ID': 94684, 'ConnectionTypeID': 25, 'LevelID': 2, 'PowerKW': 11, 'CurrentTypeID': 10}, {'ID': 94685, 'ConnectionTypeID': 25, 'LevelID': 2, 'PowerKW': 11, 'CurrentTypeID': 10}]",1.0,50,2016-06-04T02:37:00Z,3,2016-06-04T02:37:00Z,100,68354,Regiment van Heutszstraat,Regiment van Heutszstraat,Krimpenerwaard,,2871,159,51.9516,4.84445,,http://www.ev-box.nl,0,,91468,,,,EV-Box EVB-P1417181,,94684.0,25.0,,2.0,11.0,10.0,,,,,
953,False,2016-06-04T02:37:00Z,68007,20916CAA-879D-4BE0-88FA-9EA46F5E886E,26,73.0,,0.00 jaarabonnement,"[{'ID': 94682, 'ConnectionTypeID': 25, 'LevelID': 2, 'PowerKW': 11, 'CurrentTypeID': 10}, {'ID': 94683, 'ConnectionTypeID': 25, 'LevelID': 2, 'PowerKW': 11, 'CurrentTypeID': 10}]",1.0,50,2016-06-04T02:37:00Z,3,2016-06-04T02:37:00Z,100,68353,Koestraat 80g,Koestraat 80g,Krimpenerwaard,,2871 DS,159,51.94593,4.84928,,http://www.ev-box.nl,0,,91789,,,,EV-Box EVB-P1417160,,94682.0,25.0,,2.0,11.0,10.0,,,,,
954,False,2016-06-04T02:37:00Z,68006,AEA0BAB2-435D-4106-B37B-8F64B6D586B9,26,73.0,,0.00 jaarabonnement,"[{'ID': 94680, 'ConnectionTypeID': 25, 'LevelID': 2, 'PowerKW': 11, 'CurrentTypeID': 10}, {'ID': 94681, 'ConnectionTypeID': 25, 'LevelID': 2, 'PowerKW': 11, 'CurrentTypeID': 10}]",1.0,50,2016-06-04T02:37:00Z,3,2016-06-04T02:37:00Z,100,68352,Evenaar 189,Evenaar 189,Rotterdam,,3067 DA,159,51.94454,4.56121,,http://www.ev-box.nl,0,,91952,,,,EV-Box EVB-P1607060,,94680.0,25.0,,2.0,11.0,10.0,,,,,
955,False,2016-06-04T02:37:00Z,68005,BD4D0308-A2D6-44D4-9BAE-53FDE7D26B9C,26,103.0,,0.00 jaarabonnement,"[{'ID': 94678, 'ConnectionTypeID': 25, 'LevelID': 2, 'PowerKW': 11, 'CurrentTypeID': 10}, {'ID': 94679, 'ConnectionTypeID': 25, 'LevelID': 2, 'PowerKW': 11, 'CurrentTypeID': 10}]",1.0,50,2016-06-04T02:37:00Z,3,2016-06-04T02:37:00Z,100,68351,Meester J.M. de Kempenaersingel 9,Meester J.M. de Kempenaersingel 9,Arnhem,,6836 MJ,159,51.940879,5.8954861,0800-3745337,http://www.allego.eu/,0,,92856,,,,Allego NLALLEGO0011411,,94678.0,25.0,,2.0,11.0,10.0,,,,,
956,False,2016-06-04T02:37:00Z,68004,40CBAC0F-1A9A-4EE1-B6A6-84C7F18500CC,26,73.0,,0.00 jaarabonnement,"[{'ID': 94676, 'ConnectionTypeID': 25, 'LevelID': 2, 'PowerKW': 11, 'CurrentTypeID': 10}, {'ID': 94677, 'ConnectionTypeID': 25, 'LevelID': 2, 'PowerKW': 11, 'CurrentTypeID': 10}]",1.0,50,2016-06-04T02:37:00Z,3,2016-06-04T02:37:00Z,100,68350,Gordelweg 95A,Gordelweg 95A,Rotterdam,,3037 AM,159,51.94014,4.47168,,http://www.ev-box.nl,0,,91991,,,,EV-Box EVB-P1415071,,94676.0,25.0,,2.0,11.0,10.0,,,,,
957,False,2016-06-04T02:37:00Z,68003,61F46A9A-2581-4E39-A96E-A9F13DB8999A,26,73.0,,0.00 jaarabonnement,"[{'ID': 94674, 'ConnectionTypeID': 25, 'LevelID': 2, 'PowerKW': 11, 'CurrentTypeID': 10}, {'ID': 94675, 'ConnectionTypeID': 25, 'LevelID': 2, 'PowerKW': 11, 'CurrentTypeID': 10}]",1.0,50,2016-06-04T02:37:00Z,3,2016-06-04T02:37:00Z,100,68349,Lisstraat 4C,Lisstraat 4C,Rotterdam,,3037 RD,159,51.9385,4.47715,,http://www.ev-box.nl,0,,77740,,,,EV-Box EVB-P1531173,,94674.0,25.0,,2.0,11.0,10.0,,,,,
958,False,2016-06-05T00:50:00Z,68002,5087F40B-6E4E-4E4B-BF32-1B56BE7F226A,1,73.0,,0.00 jaarabonnement,"[{'ID': 94673, 'ConnectionTypeID': 25, 'LevelID': 2, 'PowerKW': 11, 'CurrentTypeID': 10}]",1.0,50,2016-06-05T00:50:00Z,3,2016-06-04T02:37:00Z,100,68348,A27,A27,Oosterhout,,4904 SN,159,51.62657611681036,4.869681462457267,,http://www.ev-box.nl,0,,,,,,EV-Box EVB-P1247081,,94673.0,25.0,,2.0,11.0,10.0,,,,,
959,False,2016-06-04T02:37:00Z,68001,F09601AF-EA17-4EDF-BD62-678600D12A02,26,73.0,,0.00 jaarabonnement,"[{'ID': 94671, 'ConnectionTypeID': 25, 'LevelID': 2, 'PowerKW': 11, 'CurrentTypeID': 10}, {'ID': 94672, 'ConnectionTypeID': 25, 'LevelID': 2, 'PowerKW': 11, 'CurrentTypeID': 10}]",1.0,50,2016-06-04T02:37:00Z,3,2016-06-04T02:37:00Z,100,68347,Schiekade 44C-03,Schiekade 44C-03,Rotterdam,,3032 AJ,159,51.9304,4.47135,,http://www.ev-box.nl,0,,92910,,,,EV-Box EVB-P1607068,,94671.0,25.0,,2.0,11.0,10.0,,,,,
960,False,2016-06-04T02:37:00Z,68000,154E30D8-8F6A-4CDB-AFC8-BE2F1CAE51FB,26,73.0,,0.00 jaarabonnement,"[{'ID': 94669, 'ConnectionTypeID': 25, 'LevelID': 2, 'PowerKW': 11, 'CurrentTypeID': 10}, {'ID': 94670, 'ConnectionTypeID': 25, 'LevelID': 2, 'PowerKW': 11, 'CurrentTypeID': 10}]",1.0,50,2016-06-04T02:37:00Z,3,2016-06-04T02:37:00Z,100,68346,Clazina Kouwenbergzoom 296,Clazina Kouwenbergzoom 296,Rotterdam,,3065 HG,159,51.92755,4.55479,,http://www.ev-box.nl,0,,91543,,,,EV-Box EVB-P1607146,,94669.0,25.0,,2.0,11.0,10.0,,,,,
961,False,2016-06-04T02:37:00Z,67999,BE308ECB-7168-40B1-A8F8-B65ED5D55478,26,73.0,,0.00 jaarabonnement,"[{'ID': 94667, 'ConnectionTypeID': 25, 'LevelID': 2, 'PowerKW': 11, 'CurrentTypeID': 10}, {'ID': 94668, 'ConnectionTypeID': 25, 'LevelID': 2, 'PowerKW': 11, 'CurrentTypeID': 10}]",1.0,50,2016-06-04T02:37:00Z,3,2016-06-04T02:37:00Z,100,68345,Vriendenlaan 21,Vriendenlaan 21,Rotterdam,,3032 XJ,159,51.92747,4.48323,,http://www.ev-box.nl,0,,85504,,,,EV-Box EVB-P1552175,,94667.0,25.0,,2.0,11.0,10.0,,,,,
962,False,2016-06-04T02:37:00Z,67998,7696084B-17AD-4A02-B76E-1A651F20B06B,26,73.0,,0.00 jaarabonnement,"[{'ID': 94665, 'ConnectionTypeID': 25, 'LevelID': 2, 'PowerKW': 11, 'CurrentTypeID': 10}, {'ID': 94666, 'ConnectionTypeID': 25, 'LevelID': 2, 'PowerKW': 11, 'CurrentTypeID': 10}]",1.0,50,2016-06-04T02:37:00Z,3,2016-06-04T02:37:00Z,100,68344,Fresia 215,Fresia 215,Krimpen aan den IJssel,,2925 EM,159,51.92306,4.6231,,http://www.ev-box.nl,0,,92914,,,,EV-Box EVB-P1607147,,94665.0,25.0,,2.0,11.0,10.0,,,,,
963,False,2016-06-04T02:37:00Z,67997,1C4EA5CF-FD0C-4A44-AE9E-7E3F54CB6E33,26,73.0,,0.00 jaarabonnement,"[{'ID': 94663, 'ConnectionTypeID': 25, 'LevelID': 2, 'PowerKW': 11, 'CurrentTypeID': 10}, {'ID': 94664, 'ConnectionTypeID': 25, 'LevelID': 2, 'PowerKW': 11, 'CurrentTypeID': 10}]",1.0,50,2016-06-04T02:37:00Z,3,2016-06-04T02:37:00Z,100,68343,Bajonetstraat 17E,Bajonetstraat 17E,Rotterdam,,3014 ZA,159,51.91861,4.46102,,http://www.ev-box.nl,0,,92266,,,,EV-Box EVB-P1552482,,94663.0,25.0,,2.0,11.0,10.0,,,,,
964,False,2016-06-04T02:37:00Z,67996,565ADF30-D3AD-497E-9440-EBEB65C03E76,26,73.0,,0.00 jaarabonnement,"[{'ID': 94661, 'ConnectionTypeID': 25, 'LevelID': 2, 'PowerKW': 11, 'CurrentTypeID': 10}, {'ID': 94662, 'ConnectionTypeID': 25, 'LevelID': 2, 'PowerKW': 11, 'CurrentTypeID': 10}]",1.0,50,2016-06-04T02:37:00Z,3,2016-06-04T02:37:00Z,100,68342,Meerkoetstraat 11,Meerkoetstraat 11,Krimpen aan den IJssel,,2922 GL,159,51.91427,4.59587,,http://www.ev-box.nl,0,,91498,,,,EV-Box EVB-P1531081,,94661.0,25.0,,2.0,11.0,10.0,,,,,
965,False,2016-06-04T02:37:00Z,67995,B95EE1A2-39EC-4493-AEA7-5C46BCCA6F0C,26,73.0,,0.00 jaarabonnement,"[{'ID': 94659, 'ConnectionTypeID': 25, 'LevelID': 2, 'PowerKW': 11, 'CurrentTypeID': 10}, {'ID': 94660, 'ConnectionTypeID': 25, 'LevelID': 2, 'PowerKW': 11, 'CurrentTypeID': 10}]",1.0,50,2016-06-04T02:37:00Z,3,2016-06-04T02:37:00Z,100,68341,Bas de Blokrede 45,Bas de Blokrede 45,Capelle aan den IJssel,,2901 CA,159,51.91424,4.5593,,http://www.ev-box.nl,0,,74826,,,,EV-Box EVB-P1541200,,94659.0,25.0,,2.0,11.0,10.0,,,,,
966,False,2016-06-04T02:37:00Z,67994,E3C920EF-3B3F-44FA-A44A-1E35A310C744,26,73.0,,0.00 jaarabonnement,"[{'ID': 94657, 'ConnectionTypeID': 25, 'LevelID': 2, 'PowerKW': 11, 'CurrentTypeID': 10}, {'ID': 94658, 'ConnectionTypeID': 25, 'LevelID': 2, 'PowerKW': 11, 'CurrentTypeID': 10}]",1.0,50,2016-06-04T02:37:00Z,3,2016-06-04T02:37:00Z,100,68340,Keerkleppad 3,Keerkleppad 3,Rotterdam,,3063 SG,159,51.91107,4.52202,,http://www.ev-box.nl,0,,91541,,,,EV-Box EVB-P1607132,,94657.0,25.0,,2.0,11.0,10.0,,,,,
967,False,2019-09-02T23:30:00Z,67993,FEC7FB9D-F806-438B-AC25-EEC041E8BE1E,1,73.0,,0.00 jaarabonnement,"[{'ID': 94655, 'ConnectionTypeID': 25, 'LevelID': 2, 'PowerKW': 11, 'CurrentTypeID': 10}, {'ID': 94656, 'ConnectionTypeID': 25, 'LevelID': 2, 'PowerKW': 11, 'CurrentTypeID': 10}]",1.0,50,2019-09-02T23:30:00Z,3,2016-06-04T02:37:00Z,100,68339,Berkenblad 17,Berkenblad 17,Westvoorne,,3233 SR,159,51.9076107535068,4.09957093457638,,http://www.ev-box.nl,0,,,,,,EV-Box EVB-P1552473,,94655.0,25.0,,2.0,11.0,10.0,,,,,
968,False,2016-06-04T02:37:00Z,67992,8E487A33-EEA0-4A18-96CA-306079746B30,26,73.0,,0.00 jaarabonnement,"[{'ID': 94654, 'ConnectionTypeID': 25, 'LevelID': 2, 'PowerKW': 5, 'CurrentTypeID': 10}]",1.0,50,2016-06-04T02:37:00Z,3,2016-06-04T02:37:00Z,100,68338,Sint Martinusstraat 18,Sint Martinusstraat 18,Montferland,,7037 AB,159,51.9071,6.19115,,http://www.ev-box.nl,0,,91448,,,,EV-Box EVB-P1415200,,94654.0,25.0,,2.0,5.0,10.0,,,,,
969,False,2016-06-04T02:37:00Z,67991,17D1DCF8-C77D-43EC-9E3F-5D8AEF922B3E,26,73.0,,0.00 jaarabonnement,"[{'ID': 94653, 'ConnectionTypeID': 25, 'LevelID': 2, 'PowerKW': 5, 'CurrentTypeID': 10}]",1.0,50,2016-06-04T02:37:00Z,3,2016-06-04T02:37:00Z,100,68337,Bennekomseweg 78,Bennekomseweg 78,Renkum,,6871 KG,159,51.90371,5.62483,,http://www.ev-box.nl,0,,73003,,,,EV-Box EVB-P1412089,,94653.0,25.0,,2.0,5.0,10.0,,,,,
970,False,2016-06-04T02:37:00Z,67990,95284B6F-9702-4A91-9B66-68B07DFCF682,26,73.0,,0.00 jaarabonnement,"[{'ID': 94652, 'ConnectionTypeID': 25, 'LevelID': 2, 'PowerKW': 5, 'CurrentTypeID': 10}]",1.0,50,2016-06-04T02:37:00Z,3,2016-06-04T02:37:00Z,100,68336,Staaldiepseweg 8,Staaldiepseweg 8,Brielle,,3231 ND,159,51.90368,4.20444,,http://www.ev-box.nl,0,,93085,,,,EV-Box EVB-P1416084,,94652.0,25.0,,2.0,5.0,10.0,,,,,
971,False,2016-06-04T02:37:00Z,67989,C9396CF9-D825-487B-BFE6-6594526D977F,26,73.0,,0.00 jaarabonnement,"[{'ID': 94650, 'ConnectionTypeID': 25, 'LevelID': 2, 'PowerKW': 11, 'CurrentTypeID': 10}, {'ID': 94651, 'ConnectionTypeID': 25, 'LevelID': 2, 'PowerKW': 11, 'CurrentTypeID': 10}]",1.0,50,2016-06-04T02:37:00Z,3,2016-06-04T02:37:00Z,100,68335,Zuidzijde 30,Zuidzijde 30,Rotterdam,,3181 JD,159,51.90251,4.2385,,http://www.ev-box.nl,0,,91531,,,,EV-Box EVB-P1607073,,94650.0,25.0,,2.0,11.0,10.0,,,,,
972,False,2016-06-04T02:37:00Z,67988,813DE345-B463-48E9-9FBF-E161D15C0A9F,26,73.0,,0.00 jaarabonnement,"[{'ID': 94648, 'ConnectionTypeID': 25, 'LevelID': 2, 'PowerKW': 11, 'CurrentTypeID': 10}, {'ID': 94649, 'ConnectionTypeID': 25, 'LevelID': 2, 'PowerKW': 11, 'CurrentTypeID': 10}]",1.0,50,2016-06-04T02:37:00Z,3,2016-06-04T02:37:00Z,100,68334,Hilledijk 259,Hilledijk 259,Rotterdam,,3074 GC,159,51.89859,4.50932,,http://www.ev-box.nl,0,,93227,,,,EV-Box EVB-P1507028,,94648.0,25.0,,2.0,11.0,10.0,,,,,
973,False,2016-06-04T02:37:00Z,67987,20133002-D9AC-489C-A7C1-0AC8EEE0A1D8,26,73.0,,0.00 jaarabonnement,"[{'ID': 94646, 'ConnectionTypeID': 25, 'LevelID': 2, 'PowerKW': 11, 'CurrentTypeID': 10}, {'ID': 94647, 'ConnectionTypeID': 25, 'LevelID': 2, 'PowerKW': 11, 'CurrentTypeID': 10}]",1.0,50,2016-06-04T02:37:00Z,3,2016-06-04T02:37:00Z,100,68333,Gaffelaar 2,Gaffelaar 2,Brielle,,3232 TB,159,51.89382,4.16002,,http://www.ev-box.nl,0,,91529,,,,EV-Box EVB-P1607071,,94646.0,25.0,,2.0,11.0,10.0,,,,,
974,False,2016-06-04T02:37:00Z,67986,58A0808A-16DA-495F-9E4D-75A9CBB20ECE,26,73.0,,0.00 jaarabonnement,"[{'ID': 94644, 'ConnectionTypeID': 25, 'LevelID': 2, 'PowerKW': 11, 'CurrentTypeID': 10}, {'ID': 94645, 'ConnectionTypeID': 25, 'LevelID': 2, 'PowerKW': 11, 'CurrentTypeID': 10}]",1.0,50,2016-06-04T02:37:00Z,3,2016-06-04T02:37:00Z,100,68332,Boergoensevliet 85A,Boergoensevliet 85A,Rotterdam,,3082 KK,159,51.88921,4.46714,,http://www.ev-box.nl,0,,93290,,,,EV-Box EVB-P1552328,,94644.0,25.0,,2.0,11.0,10.0,,,,,
975,False,2016-06-04T02:37:00Z,67985,7B4EF36F-3CAF-40D1-A228-5803A0398FE0,26,103.0,,0.00 jaarabonnement,"[{'ID': 94642, 'ConnectionTypeID': 25, 'LevelID': 2, 'PowerKW': 11, 'CurrentTypeID': 10}, {'ID': 94643, 'ConnectionTypeID': 25, 'LevelID': 2, 'PowerKW': 11, 'CurrentTypeID': 10}]",1.0,50,2016-06-04T02:37:00Z,3,2016-06-04T02:37:00Z,100,68331,Moeraszegge 2,Moeraszegge 2,Molenwaard,,2957 RL,159,51.88647996,4.68059089,0800-3745337,http://www.allego.eu/,0,,92774,,,,Allego NLALLEGO0010591,,94642.0,25.0,,2.0,11.0,10.0,,,,,
976,False,2016-06-04T02:37:00Z,67984,E8755585-675B-4ABA-A6FE-7332DF1E53BE,26,73.0,,0.00 jaarabonnement,"[{'ID': 94640, 'ConnectionTypeID': 25, 'LevelID': 2, 'PowerKW': 11, 'CurrentTypeID': 10}, {'ID': 94641, 'ConnectionTypeID': 25, 'LevelID': 2, 'PowerKW': 11, 'CurrentTypeID': 10}]",1.0,50,2016-06-04T02:37:00Z,3,2016-06-04T02:37:00Z,100,68330,Aalsdijk 30,Aalsdijk 30,Rotterdam,,3079 RK,159,51.88356,4.54417,,http://www.ev-box.nl,0,,93734,,,,EV-Box EVB-P1552483,,94640.0,25.0,,2.0,11.0,10.0,,,,,
977,False,2016-06-04T02:37:00Z,67983,548AF6FE-6D88-4740-B5A6-0E8EF63C93EC,26,157.0,,0.00 jaarabonnement,"[{'ID': 94639, 'ConnectionTypeID': 25, 'LevelID': 2, 'PowerKW': 22, 'CurrentTypeID': 10}]",1.0,50,2016-06-04T02:37:00Z,3,2016-06-04T02:37:00Z,100,68329,Muggenborch 12,Muggenborch 12,Tiel,,4013 CJ,159,51.8813574,5.373957,088 0109500,http://thenewmotion.nl/,0,,91560,,,,NewMotion 03002628,,94639.0,25.0,,2.0,22.0,10.0,,,,,
978,False,2016-06-04T02:37:00Z,67982,E69BDEAA-4CCF-43A9-9A98-EE24D444F1FB,26,73.0,,0.00 jaarabonnement,"[{'ID': 94637, 'ConnectionTypeID': 25, 'LevelID': 2, 'PowerKW': 11, 'CurrentTypeID': 10}, {'ID': 94638, 'ConnectionTypeID': 25, 'LevelID': 2, 'PowerKW': 11, 'CurrentTypeID': 10}]",1.0,50,2016-06-04T02:37:00Z,3,2016-06-04T02:37:00Z,100,68328,2e Slag 9,2e Slag 9,Westvoorne,,3235 CR,159,51.87668,4.04589,,http://www.ev-box.nl,0,,92489,,,,EV-Box EVB-P1552497,,94637.0,25.0,,2.0,11.0,10.0,,,,,
979,False,2016-06-04T02:37:00Z,67981,FF49F3B2-5F82-4623-8940-C8CC5618C520,26,73.0,,0.00 jaarabonnement,"[{'ID': 94636, 'ConnectionTypeID': 25, 'LevelID': 2, 'PowerKW': 5, 'CurrentTypeID': 10}]",1.0,50,2016-06-04T02:37:00Z,3,2016-06-04T02:37:00Z,100,68327,Tinstraat 24,Tinstraat 24,Ridderkerk,,2984 AN,159,51.87199,4.60985,,http://www.ev-box.nl,0,,91845,,,,EV-Box EVB-P1541640,,94636.0,25.0,,2.0,5.0,10.0,,,,,
980,False,2016-06-04T02:37:00Z,67980,3852F9D1-495F-4622-9B21-686798A63E68,26,73.0,,0.00 jaarabonnement,"[{'ID': 94634, 'ConnectionTypeID': 25, 'LevelID': 2, 'PowerKW': 11, 'CurrentTypeID': 10}, {'ID': 94635, 'ConnectionTypeID': 25, 'LevelID': 2, 'PowerKW': 11, 'CurrentTypeID': 10}]",1.0,50,2016-06-04T02:37:00Z,3,2016-06-04T02:37:00Z,100,68326,Jupiterlaan 13,Jupiterlaan 13,Westvoorne,,3235 TA,159,51.87118,4.07374,,http://www.ev-box.nl,0,,93174,,,,EV-Box EVB-P1552478,,94634.0,25.0,,2.0,11.0,10.0,,,,,
981,False,2016-06-04T02:37:00Z,67979,DE6D62C4-24E0-4A0A-ACCD-518F29E8DB9C,26,73.0,,0.00 jaarabonnement,"[{'ID': 94632, 'ConnectionTypeID': 25, 'LevelID': 2, 'PowerKW': 11, 'CurrentTypeID': 10}, {'ID': 94633, 'ConnectionTypeID': 25, 'LevelID': 2, 'PowerKW': 11, 'CurrentTypeID': 10}]",1.0,50,2016-06-04T02:37:00Z,3,2016-06-04T02:37:00Z,100,68325,Swinsedreef 22c,Swinsedreef 22c,Westvoorne,,3235 AR,159,51.87035,4.05352,,http://www.ev-box.nl,0,,92493,,,,EV-Box EVB-P1607084,,94632.0,25.0,,2.0,11.0,10.0,,,,,
982,False,2016-06-04T02:37:00Z,67978,16DC3957-169A-429A-A62C-F342AA42EA00,26,73.0,,0.00 jaarabonnement,"[{'ID': 94630, 'ConnectionTypeID': 25, 'LevelID': 2, 'PowerKW': 11, 'CurrentTypeID': 10}, {'ID': 94631, 'ConnectionTypeID': 25, 'LevelID': 2, 'PowerKW': 11, 'CurrentTypeID': 10}]",1.0,50,2016-06-04T02:37:00Z,3,2016-06-04T02:37:00Z,100,68324,Patrijs 8,Patrijs 8,Ridderkerk,,2986 CA,159,51.86505,4.61228,,http://www.ev-box.nl,0,,79943,,,,EV-Box EVB-P1548008,,94630.0,25.0,,2.0,11.0,10.0,,,,,
983,False,2016-06-04T02:37:00Z,67977,E4435836-39AC-44AF-A25A-4683A8F7260C,26,73.0,,0.00 jaarabonnement,"[{'ID': 94628, 'ConnectionTypeID': 25, 'LevelID': 2, 'PowerKW': 11, 'CurrentTypeID': 10}, {'ID': 94629, 'ConnectionTypeID': 25, 'LevelID': 2, 'PowerKW': 11, 'CurrentTypeID': 10}]",1.0,50,2016-06-04T02:37:00Z,3,2016-06-04T02:37:00Z,100,68323,Pastoor Apeldoornpad 2,Pastoor Apeldoornpad 2,Rotterdam,,3191 AJ,159,51.86369,4.35664,,http://www.ev-box.nl,0,,93736,,,,EV-Box EVB-P1552495,,94628.0,25.0,,2.0,11.0,10.0,,,,,
984,False,2016-06-04T02:37:00Z,67976,AB05F7D0-62E5-4328-92FD-58EA492E7AAE,26,73.0,,0.00 jaarabonnement,"[{'ID': 94626, 'ConnectionTypeID': 25, 'LevelID': 2, 'PowerKW': 11, 'CurrentTypeID': 10}, {'ID': 94627, 'ConnectionTypeID': 25, 'LevelID': 2, 'PowerKW': 11, 'CurrentTypeID': 10}]",1.0,50,2016-06-04T02:37:00Z,3,2016-06-04T02:37:00Z,100,68322,Oostzijdsepad 2,Oostzijdsepad 2,Rotterdam,,3194 TC,159,51.8634,4.37318,,http://www.ev-box.nl,0,,86454,,,,EV-Box EVB-P1607069,,94626.0,25.0,,2.0,11.0,10.0,,,,,
985,False,2016-06-04T02:37:00Z,67975,1477E8D4-C334-4C46-87BA-28F8F62D05E0,26,73.0,,0.00 jaarabonnement,"[{'ID': 94624, 'ConnectionTypeID': 25, 'LevelID': 2, 'PowerKW': 11, 'CurrentTypeID': 10}, {'ID': 94625, 'ConnectionTypeID': 25, 'LevelID': 2, 'PowerKW': 11, 'CurrentTypeID': 10}]",1.0,50,2016-06-04T02:37:00Z,3,2016-06-04T02:37:00Z,100,68321,Ghijseland 351,Ghijseland 351,Albrandswaard,,3161 VW,159,51.85703,4.4309,,http://www.ev-box.nl,0,,92491,,,,EV-Box EVB-P1607059,,94624.0,25.0,,2.0,11.0,10.0,,,,,
986,False,2016-06-04T02:37:00Z,67974,76C80679-BBF0-473B-802D-FDE0B029A919,26,73.0,,0.00 jaarabonnement,"[{'ID': 94623, 'ConnectionTypeID': 25, 'LevelID': 2, 'PowerKW': 5, 'CurrentTypeID': 10}]",1.0,50,2016-06-04T02:37:00Z,3,2016-06-04T02:37:00Z,100,68320,Voordijk 379,Voordijk 379,Barendrecht,,2993 BC,159,51.85585,4.50428,,http://www.ev-box.nl,0,,92751,,,,EV-Box EVB-P1536022,,94623.0,25.0,,2.0,5.0,10.0,,,,,
987,False,2016-06-04T02:37:00Z,67973,0CE472D7-F533-4334-8972-2356A45D1FFB,26,73.0,,0.00 jaarabonnement,"[{'ID': 94621, 'ConnectionTypeID': 25, 'LevelID': 2, 'PowerKW': 11, 'CurrentTypeID': 10}, {'ID': 94622, 'ConnectionTypeID': 25, 'LevelID': 2, 'PowerKW': 11, 'CurrentTypeID': 10}]",1.0,50,2016-06-04T02:37:00Z,3,2016-06-04T02:37:00Z,100,68319,Klimop 14,Klimop 14,Albrandswaard,,3171 PX,159,51.85452,4.39948,,http://www.ev-box.nl,0,,91549,,,,EV-Box EVB-P1607281,,94621.0,25.0,,2.0,11.0,10.0,,,,,
988,False,2016-06-04T02:37:00Z,67972,9E45578B-A2F6-41AE-B571-BC94ED18CCAA,26,73.0,,0.00 jaarabonnement,"[{'ID': 94619, 'ConnectionTypeID': 25, 'LevelID': 2, 'PowerKW': 11, 'CurrentTypeID': 10}, {'ID': 94620, 'ConnectionTypeID': 25, 'LevelID': 2, 'PowerKW': 11, 'CurrentTypeID': 10}]",1.0,50,2016-06-04T02:37:00Z,3,2016-06-04T02:37:00Z,100,68318,Middenbaan 33a,Middenbaan 33a,Barendrecht,,2991 CS,159,51.85375,4.54017,,http://www.ev-box.nl,0,,77992,,,,EV-Box EVB-P1512001,,94619.0,25.0,,2.0,11.0,10.0,,,,,
989,False,2016-06-04T02:37:00Z,67971,7BBADBCC-EECF-47F6-A836-A6D9E59AE46B,26,103.0,,0.00 jaarabonnement,"[{'ID': 94617, 'ConnectionTypeID': 25, 'LevelID': 2, 'PowerKW': 11, 'CurrentTypeID': 10}, {'ID': 94618, 'ConnectionTypeID': 25, 'LevelID': 2, 'PowerKW': 11, 'CurrentTypeID': 10}]",1.0,50,2016-06-04T02:37:00Z,3,2016-06-04T02:37:00Z,100,68317,Dokter Schöyerstraat 213,Dokter Schöyerstraat 213,Gorinchem,,4205 KW,159,51.8433255,4.955634,0800-3745337,http://www.allego.eu/,0,,93410,,,,Allego NLALLEGO0007052,,94617.0,25.0,,2.0,11.0,10.0,,,,,
990,False,2016-06-04T02:37:00Z,67970,6D3C880A-9060-4E89-B5EF-1038D983214E,26,103.0,,0.00 jaarabonnement,"[{'ID': 94615, 'ConnectionTypeID': 25, 'LevelID': 2, 'PowerKW': 11, 'CurrentTypeID': 10}, {'ID': 94616, 'ConnectionTypeID': 25, 'LevelID': 2, 'PowerKW': 11, 'CurrentTypeID': 10}]",1.0,50,2016-06-04T02:37:00Z,3,2016-06-04T02:37:00Z,100,68316,Voordijk 1,Voordijk 1,Giessenlanden,,4209 SB,159,51.84240459,4.9247781,0800-3745337,http://www.allego.eu/,0,,92935,,,,Allego NLALLEGO0010822,,94615.0,25.0,,2.0,11.0,10.0,,,,,
991,False,2016-06-04T02:37:00Z,67969,D376D1F8-4DB9-49BC-BCF1-28B1929931F1,26,157.0,,0.00 jaarabonnement,"[{'ID': 94614, 'ConnectionTypeID': 25, 'LevelID': 2, 'PowerKW': 22, 'CurrentTypeID': 10}]",1.0,50,2016-06-04T02:37:00Z,3,2016-06-04T02:37:00Z,100,68315,Sportlaan 4A,Sportlaan 4A,Giessenlanden,,4209 AX,159,51.8419315695743,4.9196120991669,088 0109500,http://thenewmotion.nl/,0,,91576,,,,NewMotion 03999951,,94614.0,25.0,,2.0,22.0,10.0,,,,,
992,False,2016-06-04T02:37:00Z,67968,A6682961-0FF2-4F75-97F8-7DDD54BD7F22,26,103.0,,0.00 jaarabonnement,"[{'ID': 94612, 'ConnectionTypeID': 25, 'LevelID': 2, 'PowerKW': 11, 'CurrentTypeID': 10}, {'ID': 94613, 'ConnectionTypeID': 25, 'LevelID': 2, 'PowerKW': 11, 'CurrentTypeID': 10}]",1.0,50,2016-06-04T02:37:00Z,3,2016-06-04T02:37:00Z,100,68314,Margriethof 58,Margriethof 58,Papendrecht,,3355 EM,159,51.840481,4.70026856,0800-3745337,http://www.allego.eu/,0,,91619,,,,Allego NLALLEGO0009931,,94612.0,25.0,,2.0,11.0,10.0,,,,,
993,False,2016-06-04T02:37:00Z,67967,E36AA0DA-01BE-475F-BD40-6E774AD0C2CF,26,103.0,,0.00 jaarabonnement,"[{'ID': 94610, 'ConnectionTypeID': 25, 'LevelID': 2, 'PowerKW': 11, 'CurrentTypeID': 10}, {'ID': 94611, 'ConnectionTypeID': 25, 'LevelID': 2, 'PowerKW': 11, 'CurrentTypeID': 10}]",1.0,50,2016-06-04T02:37:00Z,3,2016-06-04T02:37:00Z,100,68313,Douwes Dekkerlaan 29,Douwes Dekkerlaan 29,Papendrecht,,3351 CH,159,51.83247261,4.67774091,0800-3745337,http://www.allego.eu/,0,,93658,,,,Allego NLALLEGO0011562,,94610.0,25.0,,2.0,11.0,10.0,,,,,
994,False,2016-06-04T02:37:00Z,67966,F503E90C-1225-442E-91B7-AC3D6C78D53D,26,103.0,,0.00 jaarabonnement,"[{'ID': 94608, 'ConnectionTypeID': 25, 'LevelID': 2, 'PowerKW': 11, 'CurrentTypeID': 10}, {'ID': 94609, 'ConnectionTypeID': 25, 'LevelID': 2, 'PowerKW': 11, 'CurrentTypeID': 10}]",1.0,50,2016-06-04T02:37:00Z,3,2016-06-04T02:37:00Z,100,68312,Beethovenstraat 1,Beethovenstraat 1,Sliedrecht,,3363 LK,159,51.82892617,4.73849216,0800-3745337,http://www.allego.eu/,0,,92943,,,,Allego NLALLEGO0012961,,94608.0,25.0,,2.0,11.0,10.0,,,,,
995,False,2016-06-04T02:37:00Z,67965,630661D5-98F8-4EFA-8A7D-24F4BD67CB24,26,73.0,,0.00 jaarabonnement,"[{'ID': 94606, 'ConnectionTypeID': 25, 'LevelID': 2, 'PowerKW': 11, 'CurrentTypeID': 10}, {'ID': 94607, 'ConnectionTypeID': 25, 'LevelID': 2, 'PowerKW': 11, 'CurrentTypeID': 10}]",1.0,50,2016-06-04T02:37:00Z,3,2016-06-04T02:37:00Z,100,68311,Trapezium 120,Trapezium 120,Sliedrecht,,3364 DL,159,51.82502,4.79951,,http://www.ev-box.nl,0,,92900,,,,EV-Box EVB-P1426105,,94606.0,25.0,,2.0,11.0,10.0,,,,,
996,False,2016-06-04T02:37:00Z,67964,FE57DA3E-3D5E-44FB-A693-B98BC4F52A26,26,73.0,,0.00 jaarabonnement,"[{'ID': 94601, 'ConnectionTypeID': 25, 'LevelID': 2, 'PowerKW': 11, 'CurrentTypeID': 10}, {'ID': 94602, 'ConnectionTypeID': 25, 'LevelID': 2, 'PowerKW': 11, 'CurrentTypeID': 10}, {'ID': 94603, 'ConnectionTypeID': 25, 'LevelID': 2, 'PowerKW': 11, 'CurrentTypeID': 10}, {'ID': 94604, 'ConnectionTypeID': 25, 'LevelID': 2, 'PowerKW': 11, 'CurrentTypeID': 10}, {'ID': 94605, 'ConnectionTypeID': 25, 'LevelID': 2, 'PowerKW': 11, 'CurrentTypeID': 10}]",1.0,50,2016-06-04T02:37:00Z,3,2016-06-04T02:37:00Z,100,68310,Lede 13,Lede 13,Nissewaard,,3209 AT,159,51.82403,4.34284,,http://www.ev-box.nl,0,,82940,,,,EV-Box EVB-P1552028,,94601.0,25.0,,2.0,11.0,10.0,,,,,
997,False,2016-06-04T02:37:00Z,67963,480C1272-C3FA-4F5D-9C1C-79EB19CE7532,26,103.0,,0.00 jaarabonnement,"[{'ID': 94599, 'ConnectionTypeID': 25, 'LevelID': 2, 'PowerKW': 11, 'CurrentTypeID': 10}, {'ID': 94600, 'ConnectionTypeID': 25, 'LevelID': 2, 'PowerKW': 11, 'CurrentTypeID': 10}]",1.0,50,2016-06-04T02:37:00Z,3,2016-06-04T02:37:00Z,100,68309,Colijnweg 31,Colijnweg 31,Zwijndrecht,,3332 CK,159,51.82249503,4.66001902,0800-3745337,http://www.allego.eu/,0,,93666,,,,Allego NLALLEGO0013222,,94599.0,25.0,,2.0,11.0,10.0,,,,,
998,False,2016-06-04T02:37:00Z,67962,5308C10C-AA04-420F-97D1-79D23910B5BC,26,103.0,,0.00 jaarabonnement,"[{'ID': 94597, 'ConnectionTypeID': 25, 'LevelID': 2, 'PowerKW': 11, 'CurrentTypeID': 10}, {'ID': 94598, 'ConnectionTypeID': 25, 'LevelID': 2, 'PowerKW': 11, 'CurrentTypeID': 10}]",1.0,50,2016-06-04T02:37:00Z,3,2016-06-04T02:37:00Z,100,68308,Sigarenmaker 26,Sigarenmaker 26,Oud-Beijerland,,3263 CG,159,51.82177666,4.3955824,0800-3745337,http://www.allego.eu/,0,,93654,,,,Allego NLALLEGO0003841,,94597.0,25.0,,2.0,11.0,10.0,,,,,
999,False,2016-06-04T02:37:00Z,67961,D0D0F363-848C-4C9D-874F-667196B0F5C0,26,103.0,,0.00 jaarabonnement,"[{'ID': 94595, 'ConnectionTypeID': 25, 'LevelID': 2, 'PowerKW': 11, 'CurrentTypeID': 10}, {'ID': 94596, 'ConnectionTypeID': 25, 'LevelID': 2, 'PowerKW': 11, 'CurrentTypeID': 10}]",1.0,50,2016-06-04T02:37:00Z,3,2016-06-04T02:37:00Z,100,68307,Johan Vermeerstraat 19,Johan Vermeerstraat 19,Oud-Beijerland,,3262 HK,159,51.81738391,4.40042027,0800-3745337,http://www.allego.eu/,0,,91647,,,,Allego NLALLEGO0010281,,94595.0,25.0,,2.0,11.0,10.0,,,,,
